country,region,distribution,gnn_seed,radius_km,dc_mw,rho_cell,rho_agg,rho_agg_vs_Aref,L_E,L_S,cost_unit
au,Central_Coast,Ref,,10,100,0.99999999999999989,0.88321194531726854,0.99999999999999978,10.647620184816304,3.9351562499999986,MVA_equivalent_PF1
au,Central_Coast,Ref,,10,300,0.99999999999999989,0.88321194531726854,0.99999999999999978,15.4718566887164,1.6674999999999955,MVA_equivalent_PF1
au,Central_Coast,Ref,,10,500,0.99999999999999989,0.88321194531726854,0.99999999999999978,17.825857088970178,2.1316282072803006e-14,MVA_equivalent_PF1
au,Central_Coast,PERM-R/3,,10,100,0.91968699648176255,0.88540826625270586,0.99971040055075389,10.733386131449787,4.2940624999999981,MVA_equivalent_PF1
au,Central_Coast,PERM-R/3,,10,300,0.91968699648176255,0.88540826625270586,0.99971040055075389,15.671596652824071,1.6674999999999955,MVA_equivalent_PF1
au,Central_Coast,PERM-R/3,,10,500,0.91968699648176255,0.88540826625270586,0.99971040055075389,18.069298004734499,2.1316282072803006e-14,MVA_equivalent_PF1
au,Central_Coast,PERM-R,,10,100,0.77525819946891961,0.88690496711618427,0.99157586061237446,12.902525219904822,3.9351562499999986,MVA_equivalent_PF1
au,Central_Coast,PERM-R,,10,300,0.77525819946891961,0.88690496711618427,0.99157586061237446,19.568111699367009,1.6674999999999955,MVA_equivalent_PF1
au,Central_Coast,PERM-R,,10,500,0.77525819946891961,0.88690496711618427,0.99157586061237446,22.277913540053515,3.5527136788005009e-14,MVA_equivalent_PF1
au,Central_Coast,PERM-3R,,10,100,0.43713643692162513,0.65113754751939301,0.79336054231523767,27.621080294755892,4.2940624999999981,MVA_equivalent_PF1
au,Central_Coast,PERM-3R,,10,300,0.43713643692162513,0.65113754751939301,0.79336054231523767,42.322061162352661,12.678281249999994,MVA_equivalent_PF1
au,Central_Coast,PERM-3R,,10,500,0.43713643692162513,0.65113754751939301,0.79336054231523767,46.33573985313086,3.5527136788005009e-14,MVA_equivalent_PF1
au,Central_Coast,SMOOTH-0.5,,10,100,0.94541366337917565,0.84530883941992696,0.94741827040738602,13.014085207190179,4.2940624999999981,MVA_equivalent_PF1
au,Central_Coast,SMOOTH-0.5,,10,300,0.94541366337917565,0.84530883941992696,0.94741827040738602,26.988142289305383,0.83374999999999777,MVA_equivalent_PF1
au,Central_Coast,SMOOTH-0.5,,10,500,0.94541366337917565,0.84530883941992696,0.94741827040738602,27.797173242151814,1.4210854715202004e-14,MVA_equivalent_PF1
au,Central_Coast,SMOOTH-1,,10,100,0.81588196689848869,0.829673725355622,0.90597543339126618,12.110903144285947,20.389062499999991,MVA_equivalent_PF1
au,Central_Coast,SMOOTH-1,,10,300,0.81588196689848869,0.829673725355622,0.90597543339126618,21.573597883929089,1.6674999999999955,MVA_equivalent_PF1
au,Central_Coast,SMOOTH-1,,10,500,0.81588196689848869,0.829673725355622,0.90597543339126618,24.754758509587941,0,MVA_equivalent_PF1
au,Central_Coast,SMOOTH-2,,10,100,0.86616703448615362,0.78376392119764848,0.88970649376302291,12.856862635801503,0,MVA_equivalent_PF1
au,Central_Coast,SMOOTH-2,,10,300,0.86616703448615362,0.78376392119764848,0.88970649376302291,20.488935768908224,1.6674999999999955,MVA_equivalent_PF1
au,Central_Coast,SMOOTH-2,,10,500,0.86616703448615362,0.78376392119764848,0.88970649376302291,27.624493824593593,3.5527136788005009e-14,MVA_equivalent_PF1
au,Central_Coast,LU,,10,100,0.22214955475936063,0.45182925233975751,0.49884845308279491,29.17474070062724,20.389062499999987,MVA_equivalent_PF1
au,Central_Coast,LU,,10,300,0.22214955475936063,0.45182925233975751,0.49884845308279491,44.595021310516209,45.11828125000001,MVA_equivalent_PF1
au,Central_Coast,LU,,10,500,0.22214955475936063,0.45182925233975751,0.49884845308279491,48.120597734060006,3.5527136788005009e-14,MVA_equivalent_PF1
au,Central_Coast,GNN,42,10,100,0.19628521455156084,0.59967203002560088,0.66566163991164107,31.109277291683213,21.974374999999991,MVA_equivalent_PF1
au,Central_Coast,GNN,42,10,300,0.19628521455156084,0.59967203002560088,0.66566163991164107,44.999540898090949,51.563750000000006,MVA_equivalent_PF1
au,Central_Coast,GNN,42,10,500,0.19628521455156084,0.59967203002560088,0.66566163991164107,48.260522168143503,3.5527136788005009e-14,MVA_equivalent_PF1
au,Central_Coast,Ref,,20,100,0.99999999999999989,0.97415132906857915,1,11.530912206147978,0,MVA_equivalent_PF1
au,Central_Coast,Ref,,20,300,0.99999999999999989,0.97415132906857915,1,17.233271108659341,0,MVA_equivalent_PF1
au,Central_Coast,Ref,,20,500,0.99999999999999989,0.97415132906857915,1,24.804247839531506,26.265625,MVA_equivalent_PF1
au,Central_Coast,PERM-R/3,,20,100,0.8510233464872099,0.97494294603989329,0.99893296873324211,13.377758859555366,0,MVA_equivalent_PF1
au,Central_Coast,PERM-R/3,,20,300,0.8510233464872099,0.97494294603989329,0.99893296873324211,19.786146897060885,0,MVA_equivalent_PF1
au,Central_Coast,PERM-R/3,,20,500,0.8510233464872099,0.97494294603989329,0.99893296873324211,27.518372200643725,26.265625,MVA_equivalent_PF1
au,Central_Coast,PERM-R,,20,100,0.67207980874925255,0.94912710629795127,0.98614820003704995,20.447152973020206,0,MVA_equivalent_PF1
au,Central_Coast,PERM-R,,20,300,0.67207980874925255,0.94912710629795127,0.98614820003704995,31.106760995744281,0,MVA_equivalent_PF1
au,Central_Coast,PERM-R,,20,500,0.67207980874925255,0.94912710629795127,0.98614820003704995,41.641207962341255,26.265625,MVA_equivalent_PF1
au,Central_Coast,PERM-3R,,20,100,0.15891338556023979,0.66122471027174756,0.71237272609318147,42.792731002855668,0,MVA_equivalent_PF1
au,Central_Coast,PERM-3R,,20,300,0.15891338556023979,0.66122471027174756,0.71237272609318147,58.652980192888741,109.590625,MVA_equivalent_PF1
au,Central_Coast,PERM-3R,,20,500,0.15891338556023979,0.66122471027174756,0.71237272609318147,78.392245245426778,116.92437500000005,MVA_equivalent_PF1
au,Central_Coast,SMOOTH-0.5,,20,100,0.95129953275104051,0.9348121280215137,0.95212409353102345,13.521249840335512,0,MVA_equivalent_PF1
au,Central_Coast,SMOOTH-0.5,,20,300,0.95129953275104051,0.9348121280215137,0.95212409353102345,26.251862556681484,0,MVA_equivalent_PF1
au,Central_Coast,SMOOTH-0.5,,20,500,0.95129953275104051,0.9348121280215137,0.95212409353102345,38.497857810032905,26.265625,MVA_equivalent_PF1
au,Central_Coast,SMOOTH-1,,20,100,0.89941902819891761,0.86980680584295433,0.90515284928821238,17.530604673072844,0,MVA_equivalent_PF1
au,Central_Coast,SMOOTH-1,,20,300,0.89941902819891761,0.86980680584295433,0.90515284928821238,39.416953864609823,32.877187500000034,MVA_equivalent_PF1
au,Central_Coast,SMOOTH-1,,20,500,0.89941902819891761,0.86980680584295433,0.90515284928821238,53.885102930452746,26.265625,MVA_equivalent_PF1
au,Central_Coast,SMOOTH-2,,20,100,0.78560292692505873,0.45560045786148373,0.5563044550761137,37.164611301367003,0,MVA_equivalent_PF1
au,Central_Coast,SMOOTH-2,,20,300,0.78560292692505873,0.45560045786148373,0.5563044550761137,64.097557952300789,109.59062499999996,MVA_equivalent_PF1
au,Central_Coast,SMOOTH-2,,20,500,0.78560292692505873,0.45560045786148373,0.5563044550761137,86.320029832977497,165.74062500000016,MVA_equivalent_PF1
au,Central_Coast,LU,,20,100,0.22214955475936063,0.5402852415734033,0.62687026271756563,43.475538631527684,0,MVA_equivalent_PF1
au,Central_Coast,LU,,20,300,0.22214955475936063,0.5402852415734033,0.62687026271756563,70.368354381943817,112.48843749999992,MVA_equivalent_PF1
au,Central_Coast,LU,,20,500,0.22214955475936063,0.5402852415734033,0.62687026271756563,89.033496048844796,33.23937500000001,MVA_equivalent_PF1
au,Central_Coast,GNN,42,20,100,0.19628521455156084,0.78214547569481441,0.83110507127626787,43.613961614244403,0,MVA_equivalent_PF1
au,Central_Coast,GNN,42,20,300,0.19628521455156084,0.78214547569481441,0.83110507127626787,64.472890930983525,109.590625,MVA_equivalent_PF1
au,Central_Coast,GNN,42,20,500,0.19628521455156084,0.78214547569481441,0.83110507127626787,76.844936233258252,26.265625,MVA_equivalent_PF1
au,Hunter_Valley_exc_Newcastle,Ref,,10,100,1,0.51117515096543986,1,2.8501893064537831,0,MVA_equivalent_PF1
au,Hunter_Valley_exc_Newcastle,Ref,,10,300,1,0.51117515096543986,1,3.7303329840262318,4.0538281249999955,MVA_equivalent_PF1
au,Hunter_Valley_exc_Newcastle,Ref,,10,500,1,0.51117515096543986,1,3.7976037042685076,4.0538281249999386,MVA_equivalent_PF1
au,Hunter_Valley_exc_Newcastle,PERM-R/3,,10,100,0.96444227002535499,0.51515141326232416,0.99920405701972492,2.8673908502198593,0,MVA_equivalent_PF1
au,Hunter_Valley_exc_Newcastle,PERM-R/3,,10,300,0.96444227002535499,0.51515141326232416,0.99920405701972492,3.7493035704997548,4.053828124999967,MVA_equivalent_PF1
au,Hunter_Valley_exc_Newcastle,PERM-R/3,,10,500,0.96444227002535499,0.51515141326232416,0.99920405701972492,3.8159587909981054,4.0538281249999386,MVA_equivalent_PF1
au,Hunter_Valley_exc_Newcastle,PERM-R,,10,100,0.88996982933644853,0.52967103149004369,0.98907482615624465,3.0057155339011969,0,MVA_equivalent_PF1
au,Hunter_Valley_exc_Newcastle,PERM-R,,10,300,0.88996982933644853,0.52967103149004369,0.98907482615624465,3.9225222407907685,3.1260937499999528,MVA_equivalent_PF1
au,Hunter_Valley_exc_Newcastle,PERM-R,,10,500,0.88996982933644853,0.52967103149004369,0.98907482615624465,3.9903803807482507,3.1260937499999386,MVA_equivalent_PF1
au,Hunter_Valley_exc_Newcastle,PERM-3R,,10,100,0.7344262860066002,0.50822870452494806,0.91671160732632073,4.3225598409482879,0,MVA_equivalent_PF1
au,Hunter_Valley_exc_Newcastle,PERM-3R,,10,300,0.7344262860066002,0.50822870452494806,0.91671160732632073,5.712725893459055,8.4874218749999955,MVA_equivalent_PF1
au,Hunter_Valley_exc_Newcastle,PERM-3R,,10,500,0.7344262860066002,0.50822870452494806,0.91671160732632073,5.7944446529470861,8.4874218749999386,MVA_equivalent_PF1
au,Hunter_Valley_exc_Newcastle,SMOOTH-0.5,,10,100,0.96649723449279323,0.49667540919541686,0.9813082683565546,3.0729582814284933,0,MVA_equivalent_PF1
au,Hunter_Valley_exc_Newcastle,SMOOTH-0.5,,10,300,0.96649723449279323,0.49667540919541686,0.9813082683565546,4.0066788173393197,6.8205468749999909,MVA_equivalent_PF1
au,Hunter_Valley_exc_Newcastle,SMOOTH-0.5,,10,500,0.96649723449279323,0.49667540919541686,0.9813082683565546,4.0707352434020763,6.8205468750000477,MVA_equivalent_PF1
au,Hunter_Valley_exc_Newcastle,SMOOTH-1,,10,100,0.92378365740270096,0.49789329899208107,0.95442473671236627,3.200251161752143,0,MVA_equivalent_PF1
au,Hunter_Valley_exc_Newcastle,SMOOTH-1,,10,300,0.92378365740270096,0.49789329899208107,0.95442473671236627,3.944848887535334,5.1489062499999818,MVA_equivalent_PF1
au,Hunter_Valley_exc_Newcastle,SMOOTH-1,,10,500,0.92378365740270096,0.49789329899208107,0.95442473671236627,3.9669987876470385,5.1489062500000387,MVA_equivalent_PF1
au,Hunter_Valley_exc_Newcastle,SMOOTH-2,,10,100,0.72320272117090501,0.40024249011534768,0.8017372786792305,6.5486878405113496,7.6150000000000002,MVA_equivalent_PF1
au,Hunter_Valley_exc_Newcastle,SMOOTH-2,,10,300,0.72320272117090501,0.40024249011534768,0.8017372786792305,8.5228417572645991,4.321406249999967,MVA_equivalent_PF1
au,Hunter_Valley_exc_Newcastle,SMOOTH-2,,10,500,0.72320272117090501,0.40024249011534768,0.8017372786792305,8.6650658034068879,4.3214062499999955,MVA_equivalent_PF1
au,Hunter_Valley_exc_Newcastle,LU,,10,100,0.34443422880182067,0.57700889865492344,0.75033947503152132,3.7450604372185299,0,MVA_equivalent_PF1
au,Hunter_Valley_exc_Newcastle,LU,,10,300,0.34443422880182067,0.57700889865492344,0.75033947503152132,4.8842524675819776,4.366328124999967,MVA_equivalent_PF1
au,Hunter_Valley_exc_Newcastle,LU,,10,500,0.34443422880182067,0.57700889865492344,0.75033947503152132,4.9740941789680777,4.3663281249999955,MVA_equivalent_PF1
au,Hunter_Valley_exc_Newcastle,GNN,42,10,100,0.33833814398662843,0.58985486078819704,0.74012460315814077,3.6400634380865573,0,MVA_equivalent_PF1
au,Hunter_Valley_exc_Newcastle,GNN,42,10,300,0.33833814398662843,0.58985486078819704,0.74012460315814077,4.754064425134584,1.2929687499999716,MVA_equivalent_PF1
au,Hunter_Valley_exc_Newcastle,GNN,42,10,500,0.33833814398662843,0.58985486078819704,0.74012460315814077,4.854721636960396,1.29296875,MVA_equivalent_PF1
au,Hunter_Valley_exc_Newcastle,Ref,,20,100,1,0.73574594771743118,1,3.889706646215028,0,MVA_equivalent_PF1
au,Hunter_Valley_exc_Newcastle,Ref,,20,300,1,0.73574594771743118,1,5.8176444076846723,0.75499999999999545,MVA_equivalent_PF1
au,Hunter_Valley_exc_Newcastle,Ref,,20,500,1,0.73574594771743118,1,6.8364793830767523,1.372187499999967,MVA_equivalent_PF1
au,Hunter_Valley_exc_Newcastle,PERM-R/3,,20,100,0.93406749801583833,0.73937520128792211,0.99937048883554025,3.9843356538470416,0,MVA_equivalent_PF1
au,Hunter_Valley_exc_Newcastle,PERM-R/3,,20,300,0.93406749801583833,0.73937520128792211,0.99937048883554025,6.0022427195091987,0.75499999999999545,MVA_equivalent_PF1
au,Hunter_Valley_exc_Newcastle,PERM-R/3,,20,500,0.93406749801583833,0.73937520128792211,0.99937048883554025,7.0940060570461352,2.5646875000000477,MVA_equivalent_PF1
au,Hunter_Valley_exc_Newcastle,PERM-R,,20,100,0.77666643277666425,0.73980531412524353,0.98962838080597204,4.7096473866933346,0,MVA_equivalent_PF1
au,Hunter_Valley_exc_Newcastle,PERM-R,,20,300,0.77666643277666425,0.73980531412524353,0.98962838080597204,7.1216982725587759,0.75499999999999545,MVA_equivalent_PF1
au,Hunter_Valley_exc_Newcastle,PERM-R,,20,500,0.77666643277666425,0.73980531412524353,0.98962838080597204,8.7667071760427273,2.0178125000000477,MVA_equivalent_PF1
au,Hunter_Valley_exc_Newcastle,PERM-3R,,20,100,0.43765991657065162,0.60327297753437459,0.84381936704921612,11.742213526342878,0,MVA_equivalent_PF1
au,Hunter_Valley_exc_Newcastle,PERM-3R,,20,300,0.43765991657065162,0.60327297753437459,0.84381936704921612,16.104761449801671,55.545859374999985,MVA_equivalent_PF1
au,Hunter_Valley_exc_Newcastle,PERM-3R,,20,500,0.43765991657065162,0.60327297753437459,0.84381936704921612,21.096473930896796,19.359843749999982,MVA_equivalent_PF1
au,Hunter_Valley_exc_Newcastle,SMOOTH-0.5,,20,100,0.97320910114193482,0.72997513609618991,0.98881256510245441,4.7818047136303239,0,MVA_equivalent_PF1
au,Hunter_Valley_exc_Newcastle,SMOOTH-0.5,,20,300,0.97320910114193482,0.72997513609618991,0.98881256510245441,7.5139661383547116,0.75499999999999545,MVA_equivalent_PF1
au,Hunter_Valley_exc_Newcastle,SMOOTH-0.5,,20,500,0.97320910114193482,0.72997513609618991,0.98881256510245441,8.3792911555936129,2.5646874999999909,MVA_equivalent_PF1
au,Hunter_Valley_exc_Newcastle,SMOOTH-1,,20,100,0.91979834786037107,0.69898298042964579,0.96459428182991902,6.1275144588150621,0,MVA_equivalent_PF1
au,Hunter_Valley_exc_Newcastle,SMOOTH-1,,20,300,0.91979834786037107,0.69898298042964579,0.96459428182991902,12.422352932179248,0.10867187499999886,MVA_equivalent_PF1
au,Hunter_Valley_exc_Newcastle,SMOOTH-1,,20,500,0.91979834786037107,0.69898298042964579,0.96459428182991902,13.265084740477755,11.412031249999984,MVA_equivalent_PF1
au,Hunter_Valley_exc_Newcastle,SMOOTH-2,,20,100,0.61050358097709312,0.81225348285058874,0.76041265394687751,5.5117689932453597,0,MVA_equivalent_PF1
au,Hunter_Valley_exc_Newcastle,SMOOTH-2,,20,300,0.61050358097709312,0.81225348285058874,0.76041265394687751,12.440544618289303,9.2289062500000121,MVA_equivalent_PF1
au,Hunter_Valley_exc_Newcastle,SMOOTH-2,,20,500,0.61050358097709312,0.81225348285058874,0.76041265394687751,13.801515165681073,48.609531250000003,MVA_equivalent_PF1
au,Hunter_Valley_exc_Newcastle,LU,,20,100,0.34443422880182067,0.71510354897675099,0.83432828559102601,7.2913333262787354,0,MVA_equivalent_PF1
au,Hunter_Valley_exc_Newcastle,LU,,20,300,0.34443422880182067,0.71510354897675099,0.83432828559102601,10.317924900395008,17.53273437499999,MVA_equivalent_PF1
au,Hunter_Valley_exc_Newcastle,LU,,20,500,0.34443422880182067,0.71510354897675099,0.83432828559102601,12.309906792190727,2.1339062500000239,MVA_equivalent_PF1
au,Hunter_Valley_exc_Newcastle,GNN,42,20,100,0.33833814398662843,0.74096625327226651,0.82662983359712694,7.1383357536839913,0,MVA_equivalent_PF1
au,Hunter_Valley_exc_Newcastle,GNN,42,20,300,0.33833814398662843,0.74096625327226651,0.82662983359712694,10.423959304794753,1.2926562499999903,MVA_equivalent_PF1
au,Hunter_Valley_exc_Newcastle,GNN,42,20,500,0.33833814398662843,0.74096625327226651,0.82662983359712694,12.312060205274186,3.1940625000000296,MVA_equivalent_PF1
au,Newcastle_and_Lake_Macquarie,Ref,,10,100,0.99999999999999989,0.96795367402146326,1,2.90357652390967,3.6281250000000114,MVA_equivalent_PF1
au,Newcastle_and_Lake_Macquarie,Ref,,10,300,0.99999999999999989,0.96795367402146326,1,8.237887723870946,0.8128124999999955,MVA_equivalent_PF1
au,Newcastle_and_Lake_Macquarie,Ref,,10,500,0.99999999999999989,0.96795367402146326,1,17.6078605780645,17.711093750000046,MVA_equivalent_PF1
au,Newcastle_and_Lake_Macquarie,PERM-R/3,,10,100,0.93879224642604142,0.96771192652690152,0.99984363246090802,2.980019773201386,3.6281250000000114,MVA_equivalent_PF1
au,Newcastle_and_Lake_Macquarie,PERM-R/3,,10,300,0.93879224642604142,0.96771192652690152,0.99984363246090802,8.3435441886207862,0.8128124999999955,MVA_equivalent_PF1
au,Newcastle_and_Lake_Macquarie,PERM-R/3,,10,500,0.93879224642604142,0.96771192652690152,0.99984363246090802,18.147476446728867,16.133906250000038,MVA_equivalent_PF1
au,Newcastle_and_Lake_Macquarie,PERM-R,,10,100,0.85874043769475283,0.96566127436021321,0.99677583769395928,3.8346039433291943,3.6281250000000114,MVA_equivalent_PF1
au,Newcastle_and_Lake_Macquarie,PERM-R,,10,300,0.85874043769475283,0.96566127436021321,0.99677583769395928,9.7247697449500983,1.4039062499999972,MVA_equivalent_PF1
au,Newcastle_and_Lake_Macquarie,PERM-R,,10,500,0.85874043769475283,0.96566127436021321,0.99677583769395928,21.250979598800594,12.81718750000001,MVA_equivalent_PF1
au,Newcastle_and_Lake_Macquarie,PERM-3R,,10,100,0.59298365285921495,0.8415881612231163,0.86847328161832027,9.8552465402576352,1.9954687500000063,MVA_equivalent_PF1
au,Newcastle_and_Lake_Macquarie,PERM-3R,,10,300,0.59298365285921495,0.8415881612231163,0.86847328161832027,30.740635036093856,0,MVA_equivalent_PF1
au,Newcastle_and_Lake_Macquarie,PERM-3R,,10,500,0.59298365285921495,0.8415881612231163,0.86847328161832027,60.885357991229249,19.025156250000023,MVA_equivalent_PF1
au,Newcastle_and_Lake_Macquarie,SMOOTH-0.5,,10,100,0.98707599609955254,0.95781598081813657,0.99594266998566749,3.3349438726698986,4.0042187500000113,MVA_equivalent_PF1
au,Newcastle_and_Lake_Macquarie,SMOOTH-0.5,,10,300,0.98707599609955254,0.95781598081813657,0.99594266998566749,9.79472213443659,0.8128124999999955,MVA_equivalent_PF1
au,Newcastle_and_Lake_Macquarie,SMOOTH-0.5,,10,500,0.98707599609955254,0.95781598081813657,0.99594266998566749,19.005361375978257,16.27625000000004,MVA_equivalent_PF1
au,Newcastle_and_Lake_Macquarie,SMOOTH-1,,10,100,0.58545757481392824,0.80062589851641697,0.79402192400548111,8.3371164992986557,0,MVA_equivalent_PF1
au,Newcastle_and_Lake_Macquarie,SMOOTH-1,,10,300,0.58545757481392824,0.80062589851641697,0.79402192400548111,22.431335971093596,9.1248437499999877,MVA_equivalent_PF1
au,Newcastle_and_Lake_Macquarie,SMOOTH-1,,10,500,0.58545757481392824,0.80062589851641697,0.79402192400548111,41.981371835493746,26.386249999999997,MVA_equivalent_PF1
au,Newcastle_and_Lake_Macquarie,SMOOTH-2,,10,100,0.096144105876820277,0.26330773527985002,0.26645749561437387,29.68631427191054,0,MVA_equivalent_PF1
au,Newcastle_and_Lake_Macquarie,SMOOTH-2,,10,300,0.096144105876820277,0.26330773527985002,0.26645749561437387,73.304451721676713,0,MVA_equivalent_PF1
au,Newcastle_and_Lake_Macquarie,SMOOTH-2,,10,500,0.096144105876820277,0.26330773527985002,0.26645749561437387,113.00105777514541,86.139843750000097,MVA_equivalent_PF1
au,Newcastle_and_Lake_Macquarie,LU,,10,100,0.39494459658399728,0.96009559815847711,0.98053904463476116,4.4268256777063471,4.0042187500000113,MVA_equivalent_PF1
au,Newcastle_and_Lake_Macquarie,LU,,10,300,0.39494459658399728,0.96009559815847711,0.98053904463476116,10.04467721133962,0,MVA_equivalent_PF1
au,Newcastle_and_Lake_Macquarie,LU,,10,500,0.39494459658399728,0.96009559815847711,0.98053904463476116,22.097054021038499,23.556875000000026,MVA_equivalent_PF1
au,Newcastle_and_Lake_Macquarie,GNN,42,10,100,0.18338915430737987,0.78699908781369587,0.8104101826025456,10.719356534223131,2.176875000000007,MVA_equivalent_PF1
au,Newcastle_and_Lake_Macquarie,GNN,42,10,300,0.18338915430737987,0.78699908781369587,0.8104101826025456,23.909146913718519,0,MVA_equivalent_PF1
au,Newcastle_and_Lake_Macquarie,GNN,42,10,500,0.18338915430737987,0.78699908781369587,0.8104101826025456,52.868367260454747,34.113906250000042,MVA_equivalent_PF1
au,Newcastle_and_Lake_Macquarie,Ref,,20,100,0.99999999999999989,0.98501903750612296,1,0.35350452241133934,0,MVA_equivalent_PF1
au,Newcastle_and_Lake_Macquarie,Ref,,20,300,0.99999999999999989,0.98501903750612296,1,0.71942993169026759,0,MVA_equivalent_PF1
au,Newcastle_and_Lake_Macquarie,Ref,,20,500,0.99999999999999989,0.98501903750612296,1,6.3622471182660068,6.4771875000000136,MVA_equivalent_PF1
au,Newcastle_and_Lake_Macquarie,PERM-R/3,,20,100,0.88233500260192499,0.98248167108526863,0.99920234330058566,0.38249187884422109,0,MVA_equivalent_PF1
au,Newcastle_and_Lake_Macquarie,PERM-R/3,,20,300,0.88233500260192499,0.98248167108526863,0.99920234330058566,0.85633472395164334,0,MVA_equivalent_PF1
au,Newcastle_and_Lake_Macquarie,PERM-R/3,,20,500,0.88233500260192499,0.98248167108526863,0.99920234330058566,7.583842203701848,1.0795312500000023,MVA_equivalent_PF1
au,Newcastle_and_Lake_Macquarie,PERM-R,,20,100,0.68988188253104654,0.97239353111563376,0.98835763458940851,1.0240300041568549,0,MVA_equivalent_PF1
au,Newcastle_and_Lake_Macquarie,PERM-R,,20,300,0.68988188253104654,0.97239353111563376,0.98835763458940851,5.2926913816094672,0,MVA_equivalent_PF1
au,Newcastle_and_Lake_Macquarie,PERM-R,,20,500,0.68988188253104654,0.97239353111563376,0.98835763458940851,28.975194623833573,0,MVA_equivalent_PF1
au,Newcastle_and_Lake_Macquarie,PERM-3R,,20,100,0.55293056579060351,0.88503339363168221,0.89385290696322661,1.9719320533842097,0,MVA_equivalent_PF1
au,Newcastle_and_Lake_Macquarie,PERM-3R,,20,300,0.55293056579060351,0.88503339363168221,0.89385290696322661,17.731501573108403,0,MVA_equivalent_PF1
au,Newcastle_and_Lake_Macquarie,PERM-3R,,20,500,0.55293056579060351,0.88503339363168221,0.89385290696322661,56.003451838524619,0,MVA_equivalent_PF1
au,Newcastle_and_Lake_Macquarie,SMOOTH-0.5,,20,100,0.96395926905486418,0.98417407342152685,0.99549755087438774,0.86557398329908619,0,MVA_equivalent_PF1
au,Newcastle_and_Lake_Macquarie,SMOOTH-0.5,,20,300,0.96395926905486418,0.98417407342152685,0.99549755087438774,2.4941829341111244,0,MVA_equivalent_PF1
au,Newcastle_and_Lake_Macquarie,SMOOTH-0.5,,20,500,0.96395926905486418,0.98417407342152685,0.99549755087438774,16.587306199871943,0,MVA_equivalent_PF1
au,Newcastle_and_Lake_Macquarie,SMOOTH-1,,20,100,0.93025256845420334,0.97610506921644025,0.99301350825337709,0.35121716178056422,0,MVA_equivalent_PF1
au,Newcastle_and_Lake_Macquarie,SMOOTH-1,,20,300,0.93025256845420334,0.97610506921644025,0.99301350825337709,0.79879038353115739,0,MVA_equivalent_PF1
au,Newcastle_and_Lake_Macquarie,SMOOTH-1,,20,500,0.93025256845420334,0.97610506921644025,0.99301350825337709,7.0330442141877469,14.80062500000003,MVA_equivalent_PF1
au,Newcastle_and_Lake_Macquarie,SMOOTH-2,,20,100,0.7915224036170847,0.84188448449518094,0.85766112891528223,0.094753119023798238,2.2150000000000092,MVA_equivalent_PF1
au,Newcastle_and_Lake_Macquarie,SMOOTH-2,,20,300,0.7915224036170847,0.84188448449518094,0.85766112891528223,6.0847047218999757,47.22156250000004,MVA_equivalent_PF1
au,Newcastle_and_Lake_Macquarie,SMOOTH-2,,20,500,0.7915224036170847,0.84188448449518094,0.85766112891528223,37.612624960802826,94.281874999999985,MVA_equivalent_PF1
au,Newcastle_and_Lake_Macquarie,LU,,20,100,0.39494459658399728,0.98405146478144057,0.99449319262329805,0.57536255638843659,0,MVA_equivalent_PF1
au,Newcastle_and_Lake_Macquarie,LU,,20,300,0.39494459658399728,0.98405146478144057,0.99449319262329805,1.5009077834427618,0,MVA_equivalent_PF1
au,Newcastle_and_Lake_Macquarie,LU,,20,500,0.39494459658399728,0.98405146478144057,0.99449319262329805,8.4982992087451468,0,MVA_equivalent_PF1
au,Newcastle_and_Lake_Macquarie,GNN,42,20,100,0.18338915430737987,0.86776225649013095,0.8767281076820268,0.54535354676087267,0,MVA_equivalent_PF1
au,Newcastle_and_Lake_Macquarie,GNN,42,20,300,0.18338915430737987,0.86776225649013095,0.8767281076820268,1.2233541778083663,0,MVA_equivalent_PF1
au,Newcastle_and_Lake_Macquarie,GNN,42,20,500,0.18338915430737987,0.86776225649013095,0.8767281076820268,7.792445259070595,0,MVA_equivalent_PF1
au,Sydney_City_and_Inner_South,Ref,,10,100,1,0.68940493906337252,1,0,0,MVA_equivalent_PF1
au,Sydney_City_and_Inner_South,Ref,,10,300,1,0.68940493906337252,1,0,0,MVA_equivalent_PF1
au,Sydney_City_and_Inner_South,Ref,,10,500,1,0.68940493906337252,1,0,0,MVA_equivalent_PF1
au,Sydney_City_and_Inner_South,PERM-R/3,,10,100,0.69876746299322656,0.67739228957890807,0.98697815375205578,0,0,MVA_equivalent_PF1
au,Sydney_City_and_Inner_South,PERM-R/3,,10,300,0.69876746299322656,0.67739228957890807,0.98697815375205578,0,0,MVA_equivalent_PF1
au,Sydney_City_and_Inner_South,PERM-R/3,,10,500,0.69876746299322656,0.67739228957890807,0.98697815375205578,0,0,MVA_equivalent_PF1
au,Sydney_City_and_Inner_South,PERM-R,,10,100,0.18503249684834716,0.6820416284863976,0.98962786655778179,0,0,MVA_equivalent_PF1
au,Sydney_City_and_Inner_South,PERM-R,,10,300,0.18503249684834716,0.6820416284863976,0.98962786655778179,0,0,MVA_equivalent_PF1
au,Sydney_City_and_Inner_South,PERM-R,,10,500,0.18503249684834716,0.6820416284863976,0.98962786655778179,0,0,MVA_equivalent_PF1
au,Sydney_City_and_Inner_South,PERM-3R,,10,100,0.048938689359874436,0.69164535246415859,0.99844706150511009,0,0,MVA_equivalent_PF1
au,Sydney_City_and_Inner_South,PERM-3R,,10,300,0.048938689359874436,0.69164535246415859,0.99844706150511009,0,0,MVA_equivalent_PF1
au,Sydney_City_and_Inner_South,PERM-3R,,10,500,0.048938689359874436,0.69164535246415859,0.99844706150511009,4.6875082165534305,0,MVA_equivalent_PF1
au,Sydney_City_and_Inner_South,SMOOTH-0.5,,10,100,0.97873177692419289,0.69294910995144565,0.99840847779261277,0,0,MVA_equivalent_PF1
au,Sydney_City_and_Inner_South,SMOOTH-0.5,,10,300,0.97873177692419289,0.69294910995144565,0.99840847779261277,0,0,MVA_equivalent_PF1
au,Sydney_City_and_Inner_South,SMOOTH-0.5,,10,500,0.97873177692419289,0.69294910995144565,0.99840847779261277,0,0,MVA_equivalent_PF1
au,Sydney_City_and_Inner_South,SMOOTH-1,,10,100,0.9662781858773335,0.69395543071095966,0.99603764069205758,0,0,MVA_equivalent_PF1
au,Sydney_City_and_Inner_South,SMOOTH-1,,10,300,0.9662781858773335,0.69395543071095966,0.99603764069205758,0,0,MVA_equivalent_PF1
au,Sydney_City_and_Inner_South,SMOOTH-1,,10,500,0.9662781858773335,0.69395543071095966,0.99603764069205758,0.0055370776965461346,0,MVA_equivalent_PF1
au,Sydney_City_and_Inner_South,SMOOTH-2,,10,100,0.9718210336215235,0.68184546749643071,0.9947363878381108,0,0,MVA_equivalent_PF1
au,Sydney_City_and_Inner_South,SMOOTH-2,,10,300,0.9718210336215235,0.68184546749643071,0.9947363878381108,0,0,MVA_equivalent_PF1
au,Sydney_City_and_Inner_South,SMOOTH-2,,10,500,0.9718210336215235,0.68184546749643071,0.9947363878381108,0,0,MVA_equivalent_PF1
au,Sydney_City_and_Inner_South,LU,,10,100,0.80065969340774701,0.68057596123631015,0.99301060221454795,0,0,MVA_equivalent_PF1
au,Sydney_City_and_Inner_South,LU,,10,300,0.80065969340774701,0.68057596123631015,0.99301060221454795,0,0,MVA_equivalent_PF1
au,Sydney_City_and_Inner_South,LU,,10,500,0.80065969340774701,0.68057596123631015,0.99301060221454795,0.085451002607894788,0,MVA_equivalent_PF1
au,Sydney_City_and_Inner_South,GNN,42,10,100,0.36983355482759978,0.67662723316259854,0.98689248668925611,0,0,MVA_equivalent_PF1
au,Sydney_City_and_Inner_South,GNN,42,10,300,0.36983355482759978,0.67662723316259854,0.98689248668925611,0,0,MVA_equivalent_PF1
au,Sydney_City_and_Inner_South,GNN,42,10,500,0.36983355482759978,0.67662723316259854,0.98689248668925611,0,0,MVA_equivalent_PF1
au,Sydney_City_and_Inner_South,Ref,,20,100,1,,,0,0,MVA_equivalent_PF1
au,Sydney_City_and_Inner_South,Ref,,20,300,1,,,0,0,MVA_equivalent_PF1
au,Sydney_City_and_Inner_South,Ref,,20,500,1,,,0,0,MVA_equivalent_PF1
au,Sydney_City_and_Inner_South,PERM-R/3,,20,100,0.54026374696885804,,,0,0,MVA_equivalent_PF1
au,Sydney_City_and_Inner_South,PERM-R/3,,20,300,0.54026374696885804,,,0,0,MVA_equivalent_PF1
au,Sydney_City_and_Inner_South,PERM-R/3,,20,500,0.54026374696885804,,,0,0,MVA_equivalent_PF1
au,Sydney_City_and_Inner_South,PERM-R,,20,100,0.051497602317578467,,,0,0,MVA_equivalent_PF1
au,Sydney_City_and_Inner_South,PERM-R,,20,300,0.051497602317578467,,,0,0,MVA_equivalent_PF1
au,Sydney_City_and_Inner_South,PERM-R,,20,500,0.051497602317578467,,,0,0,MVA_equivalent_PF1
au,Sydney_City_and_Inner_South,PERM-3R,,20,100,0.036669606887539709,,,0,0,MVA_equivalent_PF1
au,Sydney_City_and_Inner_South,PERM-3R,,20,300,0.036669606887539709,,,0,0,MVA_equivalent_PF1
au,Sydney_City_and_Inner_South,PERM-3R,,20,500,0.036669606887539709,,,0,0,MVA_equivalent_PF1
au,Sydney_City_and_Inner_South,SMOOTH-0.5,,20,100,0.98983033416384436,,,0,0,MVA_equivalent_PF1
au,Sydney_City_and_Inner_South,SMOOTH-0.5,,20,300,0.98983033416384436,,,0,0,MVA_equivalent_PF1
au,Sydney_City_and_Inner_South,SMOOTH-0.5,,20,500,0.98983033416384436,,,0,0,MVA_equivalent_PF1
au,Sydney_City_and_Inner_South,SMOOTH-1,,20,100,0.98916410119942144,,,0,0,MVA_equivalent_PF1
au,Sydney_City_and_Inner_South,SMOOTH-1,,20,300,0.98916410119942144,,,0,0,MVA_equivalent_PF1
au,Sydney_City_and_Inner_South,SMOOTH-1,,20,500,0.98916410119942144,,,0,0,MVA_equivalent_PF1
au,Sydney_City_and_Inner_South,SMOOTH-2,,20,100,0.94617317421875546,,,0,0,MVA_equivalent_PF1
au,Sydney_City_and_Inner_South,SMOOTH-2,,20,300,0.94617317421875546,,,0,0,MVA_equivalent_PF1
au,Sydney_City_and_Inner_South,SMOOTH-2,,20,500,0.94617317421875546,,,0,0,MVA_equivalent_PF1
au,Sydney_City_and_Inner_South,LU,,20,100,0.80065969340774701,,,0,0,MVA_equivalent_PF1
au,Sydney_City_and_Inner_South,LU,,20,300,0.80065969340774701,,,0,0,MVA_equivalent_PF1
au,Sydney_City_and_Inner_South,LU,,20,500,0.80065969340774701,,,0,0,MVA_equivalent_PF1
au,Sydney_City_and_Inner_South,GNN,42,20,100,0.36983355482759978,,,0,0,MVA_equivalent_PF1
au,Sydney_City_and_Inner_South,GNN,42,20,300,0.36983355482759978,,,0,0,MVA_equivalent_PF1
au,Sydney_City_and_Inner_South,GNN,42,20,500,0.36983355482759978,,,0,0,MVA_equivalent_PF1
au,Sydney_Eastern_Suburbs,Ref,,10,100,1,0.68569716015746995,1,0.45576904419581488,0,MVA_equivalent_PF1
au,Sydney_Eastern_Suburbs,Ref,,10,300,1,0.68569716015746995,1,3.5614576104507978,0,MVA_equivalent_PF1
au,Sydney_Eastern_Suburbs,Ref,,10,500,1,0.68569716015746995,1,9.7222360426473529,0,MVA_equivalent_PF1
au,Sydney_Eastern_Suburbs,PERM-R/3,,10,100,0.46697139337361654,0.68594455137269539,0.99998549354342081,0.69139925751051323,0,MVA_equivalent_PF1
au,Sydney_Eastern_Suburbs,PERM-R/3,,10,300,0.46697139337361654,0.68594455137269539,0.99998549354342081,4.0678683390175525,0,MVA_equivalent_PF1
au,Sydney_Eastern_Suburbs,PERM-R/3,,10,500,0.46697139337361654,0.68594455137269539,0.99998549354342081,10.454137686247959,0,MVA_equivalent_PF1
au,Sydney_Eastern_Suburbs,PERM-R,,10,100,0.30017632914811471,0.68591598516460062,0.9999865752918573,1.0316721271902149,0,MVA_equivalent_PF1
au,Sydney_Eastern_Suburbs,PERM-R,,10,300,0.30017632914811471,0.68591598516460062,0.9999865752918573,4.6269774695332524,0,MVA_equivalent_PF1
au,Sydney_Eastern_Suburbs,PERM-R,,10,500,0.30017632914811471,0.68591598516460062,0.9999865752918573,10.980125632925194,0,MVA_equivalent_PF1
au,Sydney_Eastern_Suburbs,PERM-3R,,10,100,0.24205233252755645,0.686065391502238,0.99689147161969882,0.85627408351443934,0,MVA_equivalent_PF1
au,Sydney_Eastern_Suburbs,PERM-3R,,10,300,0.24205233252755645,0.686065391502238,0.99689147161969882,4.471459051094028,0,MVA_equivalent_PF1
au,Sydney_Eastern_Suburbs,PERM-3R,,10,500,0.24205233252755645,0.686065391502238,0.99689147161969882,12.107553778311326,0,MVA_equivalent_PF1
au,Sydney_Eastern_Suburbs,SMOOTH-0.5,,10,100,0.98188613878973741,0.68570665751246751,0.99951834011043228,0.34923359814966931,0,MVA_equivalent_PF1
au,Sydney_Eastern_Suburbs,SMOOTH-0.5,,10,300,0.98188613878973741,0.68570665751246751,0.99951834011043228,3.4016830936082143,0,MVA_equivalent_PF1
au,Sydney_Eastern_Suburbs,SMOOTH-0.5,,10,500,0.98188613878973741,0.68570665751246751,0.99951834011043228,9.2792278978247538,0,MVA_equivalent_PF1
au,Sydney_Eastern_Suburbs,SMOOTH-1,,10,100,0.85352539272573413,0.68578523639361511,0.95784266762975345,0,0,MVA_equivalent_PF1
au,Sydney_Eastern_Suburbs,SMOOTH-1,,10,300,0.85352539272573413,0.68578523639361511,0.95784266762975345,6.0051730372196852,3.6100000000000021,MVA_equivalent_PF1
au,Sydney_Eastern_Suburbs,SMOOTH-1,,10,500,0.85352539272573413,0.68578523639361511,0.95784266762975345,15.738068274877794,0,MVA_equivalent_PF1
au,Sydney_Eastern_Suburbs,SMOOTH-2,,10,100,0.97069229051381889,0.68562815509329667,0.99911077245163071,0.58882719233436731,0,MVA_equivalent_PF1
au,Sydney_Eastern_Suburbs,SMOOTH-2,,10,300,0.97069229051381889,0.68562815509329667,0.99911077245163071,3.7986145235284967,0,MVA_equivalent_PF1
au,Sydney_Eastern_Suburbs,SMOOTH-2,,10,500,0.97069229051381889,0.68562815509329667,0.99911077245163071,10.634262492271692,0,MVA_equivalent_PF1
au,Sydney_Eastern_Suburbs,LU,,10,100,0.063810835249168238,0.68575301476079764,0.97413165665695456,0.61484528446042708,0,MVA_equivalent_PF1
au,Sydney_Eastern_Suburbs,LU,,10,300,0.063810835249168238,0.68575301476079764,0.97413165665695456,4.0938436720624392,0,MVA_equivalent_PF1
au,Sydney_Eastern_Suburbs,LU,,10,500,0.063810835249168238,0.68575301476079764,0.97413165665695456,11.937077345693641,0,MVA_equivalent_PF1
au,Sydney_Eastern_Suburbs,GNN,42,10,100,-0.050754090704953111,0.68359620079051775,0.96847539490915391,1.0872113327386523,0,MVA_equivalent_PF1
au,Sydney_Eastern_Suburbs,GNN,42,10,300,-0.050754090704953111,0.68359620079051775,0.96847539490915391,4.8456899647406626,0,MVA_equivalent_PF1
au,Sydney_Eastern_Suburbs,GNN,42,10,500,-0.050754090704953111,0.68359620079051775,0.96847539490915391,13.448341125650204,0,MVA_equivalent_PF1
au,Sydney_Eastern_Suburbs,Ref,,20,100,1,,,0,0,MVA_equivalent_PF1
au,Sydney_Eastern_Suburbs,Ref,,20,300,1,,,0,0,MVA_equivalent_PF1
au,Sydney_Eastern_Suburbs,Ref,,20,500,1,,,0,0,MVA_equivalent_PF1
au,Sydney_Eastern_Suburbs,PERM-R/3,,20,100,0.31891804764266896,,,0,0,MVA_equivalent_PF1
au,Sydney_Eastern_Suburbs,PERM-R/3,,20,300,0.31891804764266896,,,0,0,MVA_equivalent_PF1
au,Sydney_Eastern_Suburbs,PERM-R/3,,20,500,0.31891804764266896,,,0,0,MVA_equivalent_PF1
au,Sydney_Eastern_Suburbs,PERM-R,,20,100,0.27394870540981181,,,0,0,MVA_equivalent_PF1
au,Sydney_Eastern_Suburbs,PERM-R,,20,300,0.27394870540981181,,,0,0,MVA_equivalent_PF1
au,Sydney_Eastern_Suburbs,PERM-R,,20,500,0.27394870540981181,,,0,0,MVA_equivalent_PF1
au,Sydney_Eastern_Suburbs,PERM-3R,,20,100,0.23219841659931809,,,0,0,MVA_equivalent_PF1
au,Sydney_Eastern_Suburbs,PERM-3R,,20,300,0.23219841659931809,,,0,0,MVA_equivalent_PF1
au,Sydney_Eastern_Suburbs,PERM-3R,,20,500,0.23219841659931809,,,0,0,MVA_equivalent_PF1
au,Sydney_Eastern_Suburbs,SMOOTH-0.5,,20,100,0.97594052664707098,,,0,0,MVA_equivalent_PF1
au,Sydney_Eastern_Suburbs,SMOOTH-0.5,,20,300,0.97594052664707098,,,0,0,MVA_equivalent_PF1
au,Sydney_Eastern_Suburbs,SMOOTH-0.5,,20,500,0.97594052664707098,,,0,0,MVA_equivalent_PF1
au,Sydney_Eastern_Suburbs,SMOOTH-1,,20,100,0.93805007462363621,,,0,0,MVA_equivalent_PF1
au,Sydney_Eastern_Suburbs,SMOOTH-1,,20,300,0.93805007462363621,,,0,0,MVA_equivalent_PF1
au,Sydney_Eastern_Suburbs,SMOOTH-1,,20,500,0.93805007462363621,,,0,0,MVA_equivalent_PF1
au,Sydney_Eastern_Suburbs,SMOOTH-2,,20,100,0.96383440464374448,,,0,0,MVA_equivalent_PF1
au,Sydney_Eastern_Suburbs,SMOOTH-2,,20,300,0.96383440464374448,,,0,0,MVA_equivalent_PF1
au,Sydney_Eastern_Suburbs,SMOOTH-2,,20,500,0.96383440464374448,,,0,0,MVA_equivalent_PF1
au,Sydney_Eastern_Suburbs,LU,,20,100,0.063810835249168238,,,0,0,MVA_equivalent_PF1
au,Sydney_Eastern_Suburbs,LU,,20,300,0.063810835249168238,,,0,0,MVA_equivalent_PF1
au,Sydney_Eastern_Suburbs,LU,,20,500,0.063810835249168238,,,0,0,MVA_equivalent_PF1
au,Sydney_Eastern_Suburbs,GNN,42,20,100,-0.050754090704953111,,,0,0,MVA_equivalent_PF1
au,Sydney_Eastern_Suburbs,GNN,42,20,300,-0.050754090704953111,,,0,0,MVA_equivalent_PF1
au,Sydney_Eastern_Suburbs,GNN,42,20,500,-0.050754090704953111,,,0,0,MVA_equivalent_PF1
au,Sydney_Inner_South_West,Ref,,10,100,1,0.9696121928174436,1,0,0,MVA_equivalent_PF1
au,Sydney_Inner_South_West,Ref,,10,300,1,0.9696121928174436,1,2.3340906100898673,5.9500000000000455,MVA_equivalent_PF1
au,Sydney_Inner_South_West,Ref,,10,500,1,0.9696121928174436,1,7.0575073350315956,0,MVA_equivalent_PF1
au,Sydney_Inner_South_West,PERM-R/3,,10,100,0.6172761000835022,0.9691495843540795,0.999303784200685,0,0,MVA_equivalent_PF1
au,Sydney_Inner_South_West,PERM-R/3,,10,300,0.6172761000835022,0.9691495843540795,0.999303784200685,2.4165575979656935,5.9500000000000455,MVA_equivalent_PF1
au,Sydney_Inner_South_West,PERM-R/3,,10,500,0.6172761000835022,0.9691495843540795,0.999303784200685,7.2929285743660852,0,MVA_equivalent_PF1
au,Sydney_Inner_South_West,PERM-R,,10,100,0.046404108421316918,0.95123701831923479,0.98811140502785122,0,0,MVA_equivalent_PF1
au,Sydney_Inner_South_West,PERM-R,,10,300,0.046404108421316918,0.95123701831923479,0.98811140502785122,2.8867263003053822,5.9500000000000455,MVA_equivalent_PF1
au,Sydney_Inner_South_West,PERM-R,,10,500,0.046404108421316918,0.95123701831923479,0.98811140502785122,7.5689893354363234,0,MVA_equivalent_PF1
au,Sydney_Inner_South_West,PERM-3R,,10,100,0.015136314561502941,0.94930783595719237,0.98603476250869049,0,0,MVA_equivalent_PF1
au,Sydney_Inner_South_West,PERM-3R,,10,300,0.015136314561502941,0.94930783595719237,0.98603476250869049,2.7103912376322365,5.9500000000000455,MVA_equivalent_PF1
au,Sydney_Inner_South_West,PERM-3R,,10,500,0.015136314561502941,0.94930783595719237,0.98603476250869049,7.6473705402967793,0,MVA_equivalent_PF1
au,Sydney_Inner_South_West,SMOOTH-0.5,,10,100,0.90847034005602589,0.91944910953318404,0.95233589958397491,0,0,MVA_equivalent_PF1
au,Sydney_Inner_South_West,SMOOTH-0.5,,10,300,0.90847034005602589,0.91944910953318404,0.95233589958397491,7.5413376150648634,0.59500000000000453,MVA_equivalent_PF1
au,Sydney_Inner_South_West,SMOOTH-0.5,,10,500,0.90847034005602589,0.91944910953318404,0.95233589958397491,15.629792165240502,0,MVA_equivalent_PF1
au,Sydney_Inner_South_West,SMOOTH-1,,10,100,0.91465213563998438,0.9642991544176206,0.99152223338055834,0,0,MVA_equivalent_PF1
au,Sydney_Inner_South_West,SMOOTH-1,,10,300,0.91465213563998438,0.9642991544176206,0.99152223338055834,2.5467749882258621,5.9500000000000455,MVA_equivalent_PF1
au,Sydney_Inner_South_West,SMOOTH-1,,10,500,0.91465213563998438,0.9642991544176206,0.99152223338055834,9.7476075291633038,0,MVA_equivalent_PF1
au,Sydney_Inner_South_West,SMOOTH-2,,10,100,0.80243198996789267,0.94882628886129361,0.9718723724680931,0,0,MVA_equivalent_PF1
au,Sydney_Inner_South_West,SMOOTH-2,,10,300,0.80243198996789267,0.94882628886129361,0.9718723724680931,2.5484521816926637,5.9500000000000455,MVA_equivalent_PF1
au,Sydney_Inner_South_West,SMOOTH-2,,10,500,0.80243198996789267,0.94882628886129361,0.9718723724680931,13.596525808119127,0,MVA_equivalent_PF1
au,Sydney_Inner_South_West,LU,,10,100,0.20304138018093129,0.96175657921512525,0.9937018479254619,0,0,MVA_equivalent_PF1
au,Sydney_Inner_South_West,LU,,10,300,0.20304138018093129,0.96175657921512525,0.9937018479254619,2.020201011655502,5.9500000000000455,MVA_equivalent_PF1
au,Sydney_Inner_South_West,LU,,10,500,0.20304138018093129,0.96175657921512525,0.9937018479254619,7.3132788032473259,0,MVA_equivalent_PF1
au,Sydney_Inner_South_West,GNN,42,10,100,-0.022826556834846853,0.95667734748986222,0.99146566236641542,0,0,MVA_equivalent_PF1
au,Sydney_Inner_South_West,GNN,42,10,300,-0.022826556834846853,0.95667734748986222,0.99146566236641542,1.2203955940361124,5.9500000000000455,MVA_equivalent_PF1
au,Sydney_Inner_South_West,GNN,42,10,500,-0.022826556834846853,0.95667734748986222,0.99146566236641542,7.9562450833945073,0,MVA_equivalent_PF1
au,Sydney_Inner_South_West,Ref,,20,100,1,,1,0,0,MVA_equivalent_PF1
au,Sydney_Inner_South_West,Ref,,20,300,1,,1,0,0,MVA_equivalent_PF1
au,Sydney_Inner_South_West,Ref,,20,500,1,,1,0,0,MVA_equivalent_PF1
au,Sydney_Inner_South_West,PERM-R/3,,20,100,0.2414591420301315,,0.99999987449864558,0,0,MVA_equivalent_PF1
au,Sydney_Inner_South_West,PERM-R/3,,20,300,0.2414591420301315,,0.99999987449864558,0,0,MVA_equivalent_PF1
au,Sydney_Inner_South_West,PERM-R/3,,20,500,0.2414591420301315,,0.99999987449864558,0,0,MVA_equivalent_PF1
au,Sydney_Inner_South_West,PERM-R,,20,100,0.044413195047907916,,1,0,0,MVA_equivalent_PF1
au,Sydney_Inner_South_West,PERM-R,,20,300,0.044413195047907916,,1,0,0,MVA_equivalent_PF1
au,Sydney_Inner_South_West,PERM-R,,20,500,0.044413195047907916,,1,0,0,MVA_equivalent_PF1
au,Sydney_Inner_South_West,PERM-3R,,20,100,0.0091926309272311827,,0.9999992469918737,0,0,MVA_equivalent_PF1
au,Sydney_Inner_South_West,PERM-3R,,20,300,0.0091926309272311827,,0.9999992469918737,0,0,MVA_equivalent_PF1
au,Sydney_Inner_South_West,PERM-3R,,20,500,0.0091926309272311827,,0.9999992469918737,0,0,MVA_equivalent_PF1
au,Sydney_Inner_South_West,SMOOTH-0.5,,20,100,0.94831013022633992,,1,0,0,MVA_equivalent_PF1
au,Sydney_Inner_South_West,SMOOTH-0.5,,20,300,0.94831013022633992,,1,0,0,MVA_equivalent_PF1
au,Sydney_Inner_South_West,SMOOTH-0.5,,20,500,0.94831013022633992,,1,0,0,MVA_equivalent_PF1
au,Sydney_Inner_South_West,SMOOTH-1,,20,100,0.99332149216963772,,1,0,0,MVA_equivalent_PF1
au,Sydney_Inner_South_West,SMOOTH-1,,20,300,0.99332149216963772,,1,0,0,MVA_equivalent_PF1
au,Sydney_Inner_South_West,SMOOTH-1,,20,500,0.99332149216963772,,1,0,0,MVA_equivalent_PF1
au,Sydney_Inner_South_West,SMOOTH-2,,20,100,0.81657635412162954,,0.99999962349593696,0,0,MVA_equivalent_PF1
au,Sydney_Inner_South_West,SMOOTH-2,,20,300,0.81657635412162954,,0.99999962349593696,0,0,MVA_equivalent_PF1
au,Sydney_Inner_South_West,SMOOTH-2,,20,500,0.81657635412162954,,0.99999962349593696,0,0,MVA_equivalent_PF1
au,Sydney_Inner_South_West,LU,,20,100,0.20304138018093129,,1,0,0,MVA_equivalent_PF1
au,Sydney_Inner_South_West,LU,,20,300,0.20304138018093129,,1,0,0,MVA_equivalent_PF1
au,Sydney_Inner_South_West,LU,,20,500,0.20304138018093129,,1,0,0,MVA_equivalent_PF1
au,Sydney_Inner_South_West,GNN,42,20,100,-0.022826556834846853,,0.99999874498645624,0,0,MVA_equivalent_PF1
au,Sydney_Inner_South_West,GNN,42,20,300,-0.022826556834846853,,0.99999874498645624,0,0,MVA_equivalent_PF1
au,Sydney_Inner_South_West,GNN,42,20,500,-0.022826556834846853,,0.99999874498645624,0,0,MVA_equivalent_PF1
au,Sydney_Inner_West,Ref,,10,100,1,0.35841621806604801,1,0,0,MVA_equivalent_PF1
au,Sydney_Inner_West,Ref,,10,300,1,0.35841621806604801,1,0.24447061491839861,0,MVA_equivalent_PF1
au,Sydney_Inner_West,Ref,,10,500,1,0.35841621806604801,1,1.8408918725637706,0,MVA_equivalent_PF1
au,Sydney_Inner_West,PERM-R/3,,10,100,0.52422353817986023,0.35922040232163577,0.99992742047693717,0,0,MVA_equivalent_PF1
au,Sydney_Inner_West,PERM-R/3,,10,300,0.52422353817986023,0.35922040232163577,0.99992742047693717,0.20842510804259029,0,MVA_equivalent_PF1
au,Sydney_Inner_West,PERM-R/3,,10,500,0.52422353817986023,0.35922040232163577,0.99992742047693717,1.8733525157627211,0,MVA_equivalent_PF1
au,Sydney_Inner_West,PERM-R,,10,100,0.4456696837060759,0.35952679642201801,0.99978236183130442,0,0,MVA_equivalent_PF1
au,Sydney_Inner_West,PERM-R,,10,300,0.4456696837060759,0.35952679642201801,0.99978236183130442,0.19783419848730238,0,MVA_equivalent_PF1
au,Sydney_Inner_West,PERM-R,,10,500,0.4456696837060759,0.35952679642201801,0.99978236183130442,1.948541710707089,0,MVA_equivalent_PF1
au,Sydney_Inner_West,PERM-3R,,10,100,0.22012107550303819,0.35976755598868448,0.99984198045019101,0,0,MVA_equivalent_PF1
au,Sydney_Inner_West,PERM-3R,,10,300,0.22012107550303819,0.35976755598868448,0.99984198045019101,0.20191788610983422,0,MVA_equivalent_PF1
au,Sydney_Inner_West,PERM-3R,,10,500,0.22012107550303819,0.35976755598868448,0.99984198045019101,1.9432239433199479,0,MVA_equivalent_PF1
au,Sydney_Inner_West,SMOOTH-0.5,,10,100,0.86492168583753459,0.36000821391670818,0.99898978091588109,0,0,MVA_equivalent_PF1
au,Sydney_Inner_West,SMOOTH-0.5,,10,300,0.86492168583753459,0.36000821391670818,0.99898978091588109,0.20953672761453865,0,MVA_equivalent_PF1
au,Sydney_Inner_West,SMOOTH-0.5,,10,500,0.86492168583753459,0.36000821391670818,0.99898978091588109,1.607218008328827,0,MVA_equivalent_PF1
au,Sydney_Inner_West,SMOOTH-1,,10,100,0.45520141757192129,0.32818742710607635,0.99696833179294686,0,0,MVA_equivalent_PF1
au,Sydney_Inner_West,SMOOTH-1,,10,300,0.45520141757192129,0.32818742710607635,0.99696833179294686,0.46088734250180546,0,MVA_equivalent_PF1
au,Sydney_Inner_West,SMOOTH-1,,10,500,0.45520141757192129,0.32818742710607635,0.99696833179294686,2.5795341833474916,0,MVA_equivalent_PF1
au,Sydney_Inner_West,SMOOTH-2,,10,100,0.26837159116379966,0.28143979864209978,0.98781544507769214,0,0,MVA_equivalent_PF1
au,Sydney_Inner_West,SMOOTH-2,,10,300,0.26837159116379966,0.28143979864209978,0.98781544507769214,0.61482398558161044,0,MVA_equivalent_PF1
au,Sydney_Inner_West,SMOOTH-2,,10,500,0.26837159116379966,0.28143979864209978,0.98781544507769214,3.5020968138762076,0,MVA_equivalent_PF1
au,Sydney_Inner_West,LU,,10,100,0.2199731349838272,0.34893990958484361,0.99802878978837262,0,0,MVA_equivalent_PF1
au,Sydney_Inner_West,LU,,10,300,0.2199731349838272,0.34893990958484361,0.99802878978837262,0.41824981700802927,0,MVA_equivalent_PF1
au,Sydney_Inner_West,LU,,10,500,0.2199731349838272,0.34893990958484361,0.99802878978837262,2.0573365044988523,0,MVA_equivalent_PF1
au,Sydney_Inner_West,GNN,42,10,100,-0.27296119719344847,0.35986596143096605,0.99096037036463724,0,0,MVA_equivalent_PF1
au,Sydney_Inner_West,GNN,42,10,300,-0.27296119719344847,0.35986596143096605,0.99096037036463724,0.33876711527239112,0,MVA_equivalent_PF1
au,Sydney_Inner_West,GNN,42,10,500,-0.27296119719344847,0.35986596143096605,0.99096037036463724,2.7654720699995767,0,MVA_equivalent_PF1
au,Sydney_Inner_West,Ref,,20,100,1,,,0,0,MVA_equivalent_PF1
au,Sydney_Inner_West,Ref,,20,300,1,,,0,0,MVA_equivalent_PF1
au,Sydney_Inner_West,Ref,,20,500,1,,,0,0,MVA_equivalent_PF1
au,Sydney_Inner_West,PERM-R/3,,20,100,0.12544369818662088,,,0,0,MVA_equivalent_PF1
au,Sydney_Inner_West,PERM-R/3,,20,300,0.12544369818662088,,,0,0,MVA_equivalent_PF1
au,Sydney_Inner_West,PERM-R/3,,20,500,0.12544369818662088,,,0,0,MVA_equivalent_PF1
au,Sydney_Inner_West,PERM-R,,20,100,-0.0023692117012808493,,,0,0,MVA_equivalent_PF1
au,Sydney_Inner_West,PERM-R,,20,300,-0.0023692117012808493,,,0,0,MVA_equivalent_PF1
au,Sydney_Inner_West,PERM-R,,20,500,-0.0023692117012808493,,,0,0,MVA_equivalent_PF1
au,Sydney_Inner_West,PERM-3R,,20,100,0.0099079786028157049,,,0,0,MVA_equivalent_PF1
au,Sydney_Inner_West,PERM-3R,,20,300,0.0099079786028157049,,,0,0,MVA_equivalent_PF1
au,Sydney_Inner_West,PERM-3R,,20,500,0.0099079786028157049,,,0,0,MVA_equivalent_PF1
au,Sydney_Inner_West,SMOOTH-0.5,,20,100,0.94127722323752294,,,0,0,MVA_equivalent_PF1
au,Sydney_Inner_West,SMOOTH-0.5,,20,300,0.94127722323752294,,,0,0,MVA_equivalent_PF1
au,Sydney_Inner_West,SMOOTH-0.5,,20,500,0.94127722323752294,,,0,0,MVA_equivalent_PF1
au,Sydney_Inner_West,SMOOTH-1,,20,100,0.59014570180486059,,,0,0,MVA_equivalent_PF1
au,Sydney_Inner_West,SMOOTH-1,,20,300,0.59014570180486059,,,0,0,MVA_equivalent_PF1
au,Sydney_Inner_West,SMOOTH-1,,20,500,0.59014570180486059,,,0,0,MVA_equivalent_PF1
au,Sydney_Inner_West,SMOOTH-2,,20,100,0.48053574085319906,,,0,0,MVA_equivalent_PF1
au,Sydney_Inner_West,SMOOTH-2,,20,300,0.48053574085319906,,,0,0,MVA_equivalent_PF1
au,Sydney_Inner_West,SMOOTH-2,,20,500,0.48053574085319906,,,1.1368683772161603e-13,0,MVA_equivalent_PF1
au,Sydney_Inner_West,LU,,20,100,0.2199731349838272,,,0,0,MVA_equivalent_PF1
au,Sydney_Inner_West,LU,,20,300,0.2199731349838272,,,0,0,MVA_equivalent_PF1
au,Sydney_Inner_West,LU,,20,500,0.2199731349838272,,,0,0,MVA_equivalent_PF1
au,Sydney_Inner_West,GNN,42,20,100,-0.27296119719344847,,,0,0,MVA_equivalent_PF1
au,Sydney_Inner_West,GNN,42,20,300,-0.27296119719344847,,,0,0,MVA_equivalent_PF1
au,Sydney_Inner_West,GNN,42,20,500,-0.27296119719344847,,,0,0,MVA_equivalent_PF1
au,Sydney_North_Sydney_and_Hornsby,Ref,,10,100,1,0.98776870711986053,1,9.8154053325542421,0,MVA_equivalent_PF1
au,Sydney_North_Sydney_and_Hornsby,Ref,,10,300,1,0.98776870711986053,1,17.702747693998433,2.3750000000000284,MVA_equivalent_PF1
au,Sydney_North_Sydney_and_Hornsby,Ref,,10,500,1,0.98776870711986053,1,17.702747693998433,2.375,MVA_equivalent_PF1
au,Sydney_North_Sydney_and_Hornsby,PERM-R/3,,10,100,0.95331249428885234,0.9877036786632778,0.99995397623828686,10.121507255624387,0,MVA_equivalent_PF1
au,Sydney_North_Sydney_and_Hornsby,PERM-R/3,,10,300,0.95331249428885234,0.9877036786632778,0.99995397623828686,17.7017646893833,2.8421709430404007e-14,MVA_equivalent_PF1
au,Sydney_North_Sydney_and_Hornsby,PERM-R/3,,10,500,0.95331249428885234,0.9877036786632778,0.99995397623828686,17.7017646893833,5.6843418860808015e-14,MVA_equivalent_PF1
au,Sydney_North_Sydney_and_Hornsby,PERM-R,,10,100,0.87657304821098581,0.98770608514102121,0.99896351023776797,12.31487388810889,0,MVA_equivalent_PF1
au,Sydney_North_Sydney_and_Hornsby,PERM-R,,10,300,0.87657304821098581,0.98770608514102121,0.99896351023776797,18.874080372706278,9.5000000000000284,MVA_equivalent_PF1
au,Sydney_North_Sydney_and_Hornsby,PERM-R,,10,500,0.87657304821098581,0.98770608514102121,0.99896351023776797,18.874080372706274,9.5000000000000568,MVA_equivalent_PF1
au,Sydney_North_Sydney_and_Hornsby,PERM-3R,,10,100,0.83387562078436805,0.97320228222559235,0.98467664487319106,21.482006576719183,67.400000000000048,MVA_equivalent_PF1
au,Sydney_North_Sydney_and_Hornsby,PERM-3R,,10,300,0.83387562078436805,0.97320228222559235,0.98467664487319106,30.90545627851774,38,MVA_equivalent_PF1
au,Sydney_North_Sydney_and_Hornsby,PERM-3R,,10,500,0.83387562078436805,0.97320228222559235,0.98467664487319106,30.905456278517736,38,MVA_equivalent_PF1
au,Sydney_North_Sydney_and_Hornsby,SMOOTH-0.5,,10,100,0.96239318174530031,0.98741840606998788,0.99975721668857576,9.4317183797887481,0,MVA_equivalent_PF1
au,Sydney_North_Sydney_and_Hornsby,SMOOTH-0.5,,10,300,0.96239318174530031,0.98741840606998788,0.99975721668857576,19.026736460457098,8.5265128291212022e-14,MVA_equivalent_PF1
au,Sydney_North_Sydney_and_Hornsby,SMOOTH-0.5,,10,500,0.96239318174530031,0.98741840606998788,0.99975721668857576,19.026736460457098,5.6843418860808015e-14,MVA_equivalent_PF1
au,Sydney_North_Sydney_and_Hornsby,SMOOTH-1,,10,100,0.95457632381608681,0.9827099876489519,0.99449542235734179,18.527149483748058,0,MVA_equivalent_PF1
au,Sydney_North_Sydney_and_Hornsby,SMOOTH-1,,10,300,0.95457632381608681,0.9827099876489519,0.99449542235734179,40.500197824617366,8.5265128291212022e-14,MVA_equivalent_PF1
au,Sydney_North_Sydney_and_Hornsby,SMOOTH-1,,10,500,0.95457632381608681,0.9827099876489519,0.99449542235734179,40.500197824617366,5.6843418860808015e-14,MVA_equivalent_PF1
au,Sydney_North_Sydney_and_Hornsby,SMOOTH-2,,10,100,-0.30706609620331843,-0.49467696572584352,-0.47631928775877985,81.52246100879978,67.40000000000002,MVA_equivalent_PF1
au,Sydney_North_Sydney_and_Hornsby,SMOOTH-2,,10,300,-0.30706609620331843,-0.49467696572584352,-0.47631928775877985,155.188520436635,121.97499999999991,MVA_equivalent_PF1
au,Sydney_North_Sydney_and_Hornsby,SMOOTH-2,,10,500,-0.30706609620331843,-0.49467696572584352,-0.47631928775877985,158.80410044032044,47.5,MVA_equivalent_PF1
au,Sydney_North_Sydney_and_Hornsby,LU,,10,100,0.70426136947680773,0.98649295506569279,0.99823506017582264,9.654269999227127,1.2762499999999988,MVA_equivalent_PF1
au,Sydney_North_Sydney_and_Hornsby,LU,,10,300,0.70426136947680773,0.98649295506569279,0.99823506017582264,18.932868866594095,9.5000000000000284,MVA_equivalent_PF1
au,Sydney_North_Sydney_and_Hornsby,LU,,10,500,0.70426136947680773,0.98649295506569279,0.99823506017582264,18.932868866594095,9.5000000000000568,MVA_equivalent_PF1
au,Sydney_North_Sydney_and_Hornsby,GNN,42,10,100,0.50214184115961102,0.98432262196364784,0.99711368801651601,13.835646100488526,11.386249999999995,MVA_equivalent_PF1
au,Sydney_North_Sydney_and_Hornsby,GNN,42,10,300,0.50214184115961102,0.98432262196364784,0.99711368801651601,26.282653237026231,11.875000000000028,MVA_equivalent_PF1
au,Sydney_North_Sydney_and_Hornsby,GNN,42,10,500,0.50214184115961102,0.98432262196364784,0.99711368801651601,26.282653237026235,11.875,MVA_equivalent_PF1
au,Sydney_North_Sydney_and_Hornsby,Ref,,20,100,1,0.92361652894333546,1,0.20795461435330628,0,MVA_equivalent_PF1
au,Sydney_North_Sydney_and_Hornsby,Ref,,20,300,1,0.92361652894333546,1,12.549137467506968,0,MVA_equivalent_PF1
au,Sydney_North_Sydney_and_Hornsby,Ref,,20,500,1,0.92361652894333546,1,12.549137467507022,1.1368683772161603e-13,MVA_equivalent_PF1
au,Sydney_North_Sydney_and_Hornsby,PERM-R/3,,20,100,0.91147795736572368,0.92304461737686527,0.99983853957706637,0.15533204800545583,0,MVA_equivalent_PF1
au,Sydney_North_Sydney_and_Hornsby,PERM-R/3,,20,300,0.91147795736572368,0.92304461737686527,0.99983853957706637,13.143148024788506,0,MVA_equivalent_PF1
au,Sydney_North_Sydney_and_Hornsby,PERM-R/3,,20,500,0.91147795736572368,0.92304461737686527,0.99983853957706637,13.143148024788559,1.1368683772161603e-13,MVA_equivalent_PF1
au,Sydney_North_Sydney_and_Hornsby,PERM-R,,20,100,0.64607262952486422,0.93419716723407031,0.99052855431316444,0.38437195666421392,0,MVA_equivalent_PF1
au,Sydney_North_Sydney_and_Hornsby,PERM-R,,20,300,0.64607262952486422,0.93419716723407031,0.99052855431316444,20.121101980699947,0,MVA_equivalent_PF1
au,Sydney_North_Sydney_and_Hornsby,PERM-R,,20,500,0.64607262952486422,0.93419716723407031,0.99052855431316444,20.121101980700004,1.1368683772161603e-13,MVA_equivalent_PF1
au,Sydney_North_Sydney_and_Hornsby,PERM-3R,,20,100,0.0086831581427432771,0.51678112666980314,0.57765054279115002,37.338348476685681,20.219999999999992,MVA_equivalent_PF1
au,Sydney_North_Sydney_and_Hornsby,PERM-3R,,20,300,0.0086831581427432771,0.51678112666980314,0.57765054279115002,103.1313236636059,80.099999999999966,MVA_equivalent_PF1
au,Sydney_North_Sydney_and_Hornsby,PERM-3R,,20,500,0.0086831581427432771,0.51678112666980314,0.57765054279115002,104.96085591816303,1.1368683772161603e-13,MVA_equivalent_PF1
au,Sydney_North_Sydney_and_Hornsby,SMOOTH-0.5,,20,100,0.95979791253887525,0.93483798130242857,0.99022560681119676,0.68376585761303454,0,MVA_equivalent_PF1
au,Sydney_North_Sydney_and_Hornsby,SMOOTH-0.5,,20,300,0.95979791253887525,0.93483798130242857,0.99022560681119676,24.149987925081341,0,MVA_equivalent_PF1
au,Sydney_North_Sydney_and_Hornsby,SMOOTH-0.5,,20,500,0.95979791253887525,0.93483798130242857,0.99022560681119676,24.149987925081394,1.1368683772161603e-13,MVA_equivalent_PF1
au,Sydney_North_Sydney_and_Hornsby,SMOOTH-1,,20,100,0.84930321660485442,0.88442713426515096,0.91385835132697291,15.901702988719622,20.219999999999992,MVA_equivalent_PF1
au,Sydney_North_Sydney_and_Hornsby,SMOOTH-1,,20,300,0.84930321660485442,0.88442713426515096,0.91385835132697291,59.911427294372274,0,MVA_equivalent_PF1
au,Sydney_North_Sydney_and_Hornsby,SMOOTH-1,,20,500,0.84930321660485442,0.88442713426515096,0.91385835132697291,59.911427294372331,1.1368683772161603e-13,MVA_equivalent_PF1
au,Sydney_North_Sydney_and_Hornsby,SMOOTH-2,,20,100,0.61630149792231936,0.88965650115385797,0.92569731398511435,30.971516116868994,20.219999999999992,MVA_equivalent_PF1
au,Sydney_North_Sydney_and_Hornsby,SMOOTH-2,,20,300,0.61630149792231936,0.88965650115385797,0.92569731398511435,61.152421700847761,44.054999999999922,MVA_equivalent_PF1
au,Sydney_North_Sydney_and_Hornsby,SMOOTH-2,,20,500,0.61630149792231936,0.88965650115385797,0.92569731398511435,61.152421700847817,44.055000000000007,MVA_equivalent_PF1
au,Sydney_North_Sydney_and_Hornsby,LU,,20,100,0.70426136947680773,0.9193951085945069,0.99820230094083007,0.16059162983156397,0,MVA_equivalent_PF1
au,Sydney_North_Sydney_and_Hornsby,LU,,20,300,0.70426136947680773,0.9193951085945069,0.99820230094083007,14.141589857323433,0,MVA_equivalent_PF1
au,Sydney_North_Sydney_and_Hornsby,LU,,20,500,0.70426136947680773,0.9193951085945069,0.99820230094083007,14.141589857323485,1.1368683772161603e-13,MVA_equivalent_PF1
au,Sydney_North_Sydney_and_Hornsby,GNN,42,20,100,0.50214184115961102,0.92553112500261059,0.99797875351173959,0.10413882887468821,0,MVA_equivalent_PF1
au,Sydney_North_Sydney_and_Hornsby,GNN,42,20,300,0.50214184115961102,0.92553112500261059,0.99797875351173959,17.50239979627035,0,MVA_equivalent_PF1
au,Sydney_North_Sydney_and_Hornsby,GNN,42,20,500,0.50214184115961102,0.92553112500261059,0.99797875351173959,17.502399796270407,1.1368683772161603e-13,MVA_equivalent_PF1
au,Sydney_Northern_Beaches,Ref,,10,100,1,0.98207357756588654,1,13.029027436170665,13.459374999999966,MVA_equivalent_PF1
au,Sydney_Northern_Beaches,Ref,,10,300,1,0.98207357756588654,1,14.455947096577958,2.009765625,MVA_equivalent_PF1
au,Sydney_Northern_Beaches,Ref,,10,500,1,0.98207357756588654,1,14.455947096577965,2.009765625,MVA_equivalent_PF1
au,Sydney_Northern_Beaches,PERM-R/3,,10,100,0.83127097163314911,0.98197997221745714,0.9996279504069876,13.95540777779765,13.862812499999965,MVA_equivalent_PF1
au,Sydney_Northern_Beaches,PERM-R/3,,10,300,0.83127097163314911,0.98197997221745714,0.9996279504069876,15.424964459983421,2.009765625,MVA_equivalent_PF1
au,Sydney_Northern_Beaches,PERM-R/3,,10,500,0.83127097163314911,0.98197997221745714,0.9996279504069876,15.42496445998343,2.009765625,MVA_equivalent_PF1
au,Sydney_Northern_Beaches,PERM-R,,10,100,0.60740963984492291,0.96550140191974276,0.99006880051720014,19.663451416481074,19.510937499999944,MVA_equivalent_PF1
au,Sydney_Northern_Beaches,PERM-R,,10,300,0.60740963984492291,0.96550140191974276,0.99006880051720014,21.902619538936122,1.72265625,MVA_equivalent_PF1
au,Sydney_Northern_Beaches,PERM-R,,10,500,0.60740963984492291,0.96550140191974276,0.99006880051720014,21.902619538936133,1.72265625,MVA_equivalent_PF1
au,Sydney_Northern_Beaches,PERM-3R,,10,100,0.50358960839746014,0.90208474844995068,0.93583124695781184,27.251221723722097,19.510937499999944,MVA_equivalent_PF1
au,Sydney_Northern_Beaches,PERM-3R,,10,300,0.50358960839746014,0.90208474844995068,0.93583124695781184,30.016416372364944,5.0330468749999397,MVA_equivalent_PF1
au,Sydney_Northern_Beaches,PERM-3R,,10,500,0.50358960839746014,0.90208474844995068,0.93583124695781184,30.01641637236494,5.0330468749999682,MVA_equivalent_PF1
au,Sydney_Northern_Beaches,SMOOTH-0.5,,10,100,0.97631933688841177,0.97357718787531,0.99430358807589703,13.15661233185374,8.075624999999981,MVA_equivalent_PF1
au,Sydney_Northern_Beaches,SMOOTH-0.5,,10,300,0.97631933688841177,0.97357718787531,0.99430358807589703,14.332158675281821,2.2968749999999432,MVA_equivalent_PF1
au,Sydney_Northern_Beaches,SMOOTH-0.5,,10,500,0.97631933688841177,0.97357718787531,0.99430358807589703,14.332158675281834,2.296875,MVA_equivalent_PF1
au,Sydney_Northern_Beaches,SMOOTH-1,,10,100,0.84375896718256727,0.96066281788070396,0.96641613760403433,23.566278417144161,17.090312499999946,MVA_equivalent_PF1
au,Sydney_Northern_Beaches,SMOOTH-1,,10,300,0.84375896718256727,0.96066281788070396,0.96641613760403433,28.40567913141626,0.861328125,MVA_equivalent_PF1
au,Sydney_Northern_Beaches,SMOOTH-1,,10,500,0.84375896718256727,0.96066281788070396,0.96641613760403433,28.405679131416271,0.861328125,MVA_equivalent_PF1
au,Sydney_Northern_Beaches,SMOOTH-2,,10,100,0.72601827778744876,0.8237907154136721,0.82368973392243339,33.092853234886711,19.510937499999944,MVA_equivalent_PF1
au,Sydney_Northern_Beaches,SMOOTH-2,,10,300,0.72601827778744876,0.8237907154136721,0.82368973392243339,44.815074389593548,0,MVA_equivalent_PF1
au,Sydney_Northern_Beaches,SMOOTH-2,,10,500,0.72601827778744876,0.8237907154136721,0.82368973392243339,44.815074389593562,0,MVA_equivalent_PF1
au,Sydney_Northern_Beaches,LU,,10,100,0.55705920202133163,0.97994096154240584,0.99196676149169027,13.332048911125826,15.879999999999956,MVA_equivalent_PF1
au,Sydney_Northern_Beaches,LU,,10,300,0.55705920202133163,0.97994096154240584,0.99196676149169027,14.224460827212527,2.2968749999999432,MVA_equivalent_PF1
au,Sydney_Northern_Beaches,LU,,10,500,0.55705920202133163,0.97994096154240584,0.99196676149169027,14.224460827212534,2.296875,MVA_equivalent_PF1
au,Sydney_Northern_Beaches,GNN,42,10,100,0.42863679952691175,0.68867846479974748,0.7173678353419588,54.664458883371033,19.510937499999944,MVA_equivalent_PF1
au,Sydney_Northern_Beaches,GNN,42,10,300,0.42863679952691175,0.68867846479974748,0.7173678353419588,63.576623036411675,12.786406249999885,MVA_equivalent_PF1
au,Sydney_Northern_Beaches,GNN,42,10,500,0.42863679952691175,0.68867846479974748,0.7173678353419588,63.576623036411668,12.7864062499998,MVA_equivalent_PF1
au,Sydney_Northern_Beaches,Ref,,20,100,1,0.74647338920871698,1,2.0108455148476323,7.7171875000000227,MVA_equivalent_PF1
au,Sydney_Northern_Beaches,Ref,,20,300,1,0.74647338920871698,1,3.1660385429821654,1.0588281250000477,MVA_equivalent_PF1
au,Sydney_Northern_Beaches,Ref,,20,500,1,0.74647338920871698,1,3.1660385429821654,1.0588281249999909,MVA_equivalent_PF1
au,Sydney_Northern_Beaches,PERM-R/3,,20,100,0.71268760645587703,0.74634003357441603,0.99996588582992685,1.9888257040563726,7.7171875000000227,MVA_equivalent_PF1
au,Sydney_Northern_Beaches,PERM-R/3,,20,300,0.71268760645587703,0.74634003357441603,0.99996588582992685,3.2438818861004264,1.4446875000000432,MVA_equivalent_PF1
au,Sydney_Northern_Beaches,PERM-R/3,,20,500,0.71268760645587703,0.74634003357441603,0.99996588582992685,3.2438818861004264,1.4446875000000432,MVA_equivalent_PF1
au,Sydney_Northern_Beaches,PERM-R,,20,100,0.19766596205769119,0.73809012960050269,0.99805971823140194,2.0926006379627164,7.7171875000000227,MVA_equivalent_PF1
au,Sydney_Northern_Beaches,PERM-R,,20,300,0.19766596205769119,0.73809012960050269,0.99805971823140194,4.0295198312743716,5.7878906250001307,MVA_equivalent_PF1
au,Sydney_Northern_Beaches,PERM-R,,20,500,0.19766596205769119,0.73809012960050269,0.99805971823140194,4.0295198312743716,5.7878906250001023,MVA_equivalent_PF1
au,Sydney_Northern_Beaches,PERM-3R,,20,100,0.0031345369107441067,0.59888229267269544,0.94707821753944088,4.1394387663557133,7.7171875000000227,MVA_equivalent_PF1
au,Sydney_Northern_Beaches,PERM-3R,,20,300,0.0031345369107441067,0.59888229267269544,0.94707821753944088,7.2762894891284962,6.1737500000001546,MVA_equivalent_PF1
au,Sydney_Northern_Beaches,PERM-3R,,20,500,0.0031345369107441067,0.59888229267269544,0.94707821753944088,7.2762894891284962,6.1737500000000978,MVA_equivalent_PF1
au,Sydney_Northern_Beaches,SMOOTH-0.5,,20,100,0.9790439687291399,0.74726934533649703,0.99988269238369243,2.1110576766935969,7.7171875000000227,MVA_equivalent_PF1
au,Sydney_Northern_Beaches,SMOOTH-0.5,,20,300,0.9790439687291399,0.74726934533649703,0.99988269238369243,3.2714647908685364,1.3459375000000477,MVA_equivalent_PF1
au,Sydney_Northern_Beaches,SMOOTH-0.5,,20,500,0.9790439687291399,0.74726934533649703,0.99988269238369243,3.2714647908685364,1.3459374999999909,MVA_equivalent_PF1
au,Sydney_Northern_Beaches,SMOOTH-1,,20,100,0.88216636553817307,0.72645217049007738,0.99412744993344848,1.989617502084762,7.7171875000000227,MVA_equivalent_PF1
au,Sydney_Northern_Beaches,SMOOTH-1,,20,300,0.88216636553817307,0.72645217049007738,0.99412744993344848,4.112862769733538,3.8585937500000966,MVA_equivalent_PF1
au,Sydney_Northern_Beaches,SMOOTH-1,,20,500,0.88216636553817307,0.72645217049007738,0.99412744993344848,4.112862769733538,3.8585937500000682,MVA_equivalent_PF1
au,Sydney_Northern_Beaches,SMOOTH-2,,20,100,0.93411915903520371,0.74521057311448569,0.99983048385064355,2.3120497769566843,7.7171875000000227,MVA_equivalent_PF1
au,Sydney_Northern_Beaches,SMOOTH-2,,20,300,0.93411915903520371,0.74521057311448569,0.99983048385064355,3.8246616241203073,2.5035156250000625,MVA_equivalent_PF1
au,Sydney_Northern_Beaches,SMOOTH-2,,20,500,0.93411915903520371,0.74521057311448569,0.99983048385064355,3.8246616241203073,2.5035156250000909,MVA_equivalent_PF1
au,Sydney_Northern_Beaches,LU,,20,100,0.55705920202133163,0.74355595875962932,0.99297766381808228,1.7431070235402673,0.38585937500000123,MVA_equivalent_PF1
au,Sydney_Northern_Beaches,LU,,20,300,0.55705920202133163,0.74355595875962932,0.99297766381808228,2.3966038789280493,4.7107812500000534,MVA_equivalent_PF1
au,Sydney_Northern_Beaches,LU,,20,500,0.55705920202133163,0.74355595875962932,0.99297766381808228,2.3966038789280493,4.710781250000025,MVA_equivalent_PF1
au,Sydney_Northern_Beaches,GNN,42,20,100,0.42863679952691175,0.7384298053681112,0.98847821499297583,2.7190418651220876,0.67296874999999812,MVA_equivalent_PF1
au,Sydney_Northern_Beaches,GNN,42,20,300,0.42863679952691175,0.7384298053681112,0.98847821499297583,3.6213119291892655,0,MVA_equivalent_PF1
au,Sydney_Northern_Beaches,GNN,42,20,500,0.42863679952691175,0.7384298053681112,0.98847821499297583,3.6213119291892655,0,MVA_equivalent_PF1
au,Sydney_Parramatta,Ref,,10,100,1,0.8374161482556387,1,5.0237293912714449,0,MVA_equivalent_PF1
au,Sydney_Parramatta,Ref,,10,300,1,0.8374161482556387,1,5.5352216980038245,0,MVA_equivalent_PF1
au,Sydney_Parramatta,Ref,,10,500,1,0.8374161482556387,1,7.8555344111767873,0,MVA_equivalent_PF1
au,Sydney_Parramatta,PERM-R/3,,10,100,0.84165389558197379,0.83750670592804244,0.99973607501925366,5.9494824100551886,0,MVA_equivalent_PF1
au,Sydney_Parramatta,PERM-R/3,,10,300,0.84165389558197379,0.83750670592804244,0.99973607501925366,6.500793534502332,0,MVA_equivalent_PF1
au,Sydney_Parramatta,PERM-R/3,,10,500,0.84165389558197379,0.83750670592804244,0.99973607501925366,8.861548707389737,0,MVA_equivalent_PF1
au,Sydney_Parramatta,PERM-R,,10,100,0.46503529816748113,0.83711575153961604,0.99906563947005445,6.8382991164693268,0,MVA_equivalent_PF1
au,Sydney_Parramatta,PERM-R,,10,300,0.46503529816748113,0.83711575153961604,0.99906563947005445,7.3781654307444642,0,MVA_equivalent_PF1
au,Sydney_Parramatta,PERM-R,,10,500,0.46503529816748113,0.83711575153961604,0.99906563947005445,10.099134867402455,0,MVA_equivalent_PF1
au,Sydney_Parramatta,PERM-3R,,10,100,0.00093800359035562048,0.56780230845095991,0.81699368867910394,24.678832752957909,0,MVA_equivalent_PF1
au,Sydney_Parramatta,PERM-3R,,10,300,0.00093800359035562048,0.56780230845095991,0.81699368867910394,25.836136005397616,0,MVA_equivalent_PF1
au,Sydney_Parramatta,PERM-3R,,10,500,0.00093800359035562048,0.56780230845095991,0.81699368867910394,32.839248316455468,0,MVA_equivalent_PF1
au,Sydney_Parramatta,SMOOTH-0.5,,10,100,0.91375903561714356,0.83739915194357761,0.99920590504452367,4.6062725506202256,0,MVA_equivalent_PF1
au,Sydney_Parramatta,SMOOTH-0.5,,10,300,0.91375903561714356,0.83739915194357761,0.99920590504452367,5.1253617693390865,0,MVA_equivalent_PF1
au,Sydney_Parramatta,SMOOTH-0.5,,10,500,0.91375903561714356,0.83739915194357761,0.99920590504452367,7.0545978673899539,0,MVA_equivalent_PF1
au,Sydney_Parramatta,SMOOTH-1,,10,100,0.91160581503153804,0.8320450680401581,0.98530079693962469,10.048190495006377,0,MVA_equivalent_PF1
au,Sydney_Parramatta,SMOOTH-1,,10,300,0.91160581503153804,0.8320450680401581,0.98530079693962469,10.738188465093822,0,MVA_equivalent_PF1
au,Sydney_Parramatta,SMOOTH-1,,10,500,0.91160581503153804,0.8320450680401581,0.98530079693962469,14.398364498532898,0,MVA_equivalent_PF1
au,Sydney_Parramatta,SMOOTH-2,,10,100,0.8938180539018179,0.83725679482146798,0.99375089968492825,4.1272362238997147,0,MVA_equivalent_PF1
au,Sydney_Parramatta,SMOOTH-2,,10,300,0.8938180539018179,0.83725679482146798,0.99375089968492825,4.7254164535443097,0,MVA_equivalent_PF1
au,Sydney_Parramatta,SMOOTH-2,,10,500,0.8938180539018179,0.83725679482146798,0.99375089968492825,5.9737945170052811,0,MVA_equivalent_PF1
au,Sydney_Parramatta,LU,,10,100,0.55419078502432595,0.83243273710536803,0.9933278052275426,13.430877333856337,0,MVA_equivalent_PF1
au,Sydney_Parramatta,LU,,10,300,0.55419078502432595,0.83243273710536803,0.9933278052275426,14.518879248547048,0,MVA_equivalent_PF1
au,Sydney_Parramatta,LU,,10,500,0.55419078502432595,0.83243273710536803,0.9933278052275426,15.974760242859364,0,MVA_equivalent_PF1
au,Sydney_Parramatta,GNN,42,10,100,0.27099707596010325,0.8277380858984309,0.98012719504386858,13.329204818699239,0,MVA_equivalent_PF1
au,Sydney_Parramatta,GNN,42,10,300,0.27099707596010325,0.8277380858984309,0.98012719504386858,14.353714924633886,0,MVA_equivalent_PF1
au,Sydney_Parramatta,GNN,42,10,500,0.27099707596010325,0.8277380858984309,0.98012719504386858,16.717292831400801,0,MVA_equivalent_PF1
au,Sydney_Parramatta,Ref,,20,100,1,,,0,0,MVA_equivalent_PF1
au,Sydney_Parramatta,Ref,,20,300,1,,,0,0,MVA_equivalent_PF1
au,Sydney_Parramatta,Ref,,20,500,1,,,0,0,MVA_equivalent_PF1
au,Sydney_Parramatta,PERM-R/3,,20,100,0.70022535589696566,,,0,0,MVA_equivalent_PF1
au,Sydney_Parramatta,PERM-R/3,,20,300,0.70022535589696566,,,0,0,MVA_equivalent_PF1
au,Sydney_Parramatta,PERM-R/3,,20,500,0.70022535589696566,,,0,0,MVA_equivalent_PF1
au,Sydney_Parramatta,PERM-R,,20,100,0.37456735076711933,,,0,0,MVA_equivalent_PF1
au,Sydney_Parramatta,PERM-R,,20,300,0.37456735076711933,,,0,0,MVA_equivalent_PF1
au,Sydney_Parramatta,PERM-R,,20,500,0.37456735076711933,,,0,0,MVA_equivalent_PF1
au,Sydney_Parramatta,PERM-3R,,20,100,-0.0015989925778789088,,,0,0,MVA_equivalent_PF1
au,Sydney_Parramatta,PERM-3R,,20,300,-0.0015989925778789088,,,0,0,MVA_equivalent_PF1
au,Sydney_Parramatta,PERM-3R,,20,500,-0.0015989925778789088,,,0,0,MVA_equivalent_PF1
au,Sydney_Parramatta,SMOOTH-0.5,,20,100,0.91375903561714356,,,0,0,MVA_equivalent_PF1
au,Sydney_Parramatta,SMOOTH-0.5,,20,300,0.91375903561714356,,,0,0,MVA_equivalent_PF1
au,Sydney_Parramatta,SMOOTH-0.5,,20,500,0.91375903561714356,,,1.1368683772161603e-13,0,MVA_equivalent_PF1
au,Sydney_Parramatta,SMOOTH-1,,20,100,0.91375903561714356,,,0,0,MVA_equivalent_PF1
au,Sydney_Parramatta,SMOOTH-1,,20,300,0.91375903561714356,,,0,0,MVA_equivalent_PF1
au,Sydney_Parramatta,SMOOTH-1,,20,500,0.91375903561714356,,,0,0,MVA_equivalent_PF1
au,Sydney_Parramatta,SMOOTH-2,,20,100,0.91375903561714356,,,0,0,MVA_equivalent_PF1
au,Sydney_Parramatta,SMOOTH-2,,20,300,0.91375903561714356,,,0,0,MVA_equivalent_PF1
au,Sydney_Parramatta,SMOOTH-2,,20,500,0.91375903561714356,,,1.1368683772161603e-13,0,MVA_equivalent_PF1
au,Sydney_Parramatta,LU,,20,100,0.55419078502432595,,,0,0,MVA_equivalent_PF1
au,Sydney_Parramatta,LU,,20,300,0.55419078502432595,,,0,0,MVA_equivalent_PF1
au,Sydney_Parramatta,LU,,20,500,0.55419078502432595,,,1.1368683772161603e-13,0,MVA_equivalent_PF1
au,Sydney_Parramatta,GNN,42,20,100,0.27099707596010325,,,0,0,MVA_equivalent_PF1
au,Sydney_Parramatta,GNN,42,20,300,0.27099707596010325,,,0,0,MVA_equivalent_PF1
au,Sydney_Parramatta,GNN,42,20,500,0.27099707596010325,,,0,0,MVA_equivalent_PF1
au,Sydney_Ryde,Ref,,10,100,1,0.77045547144577775,0.99999999999999978,0,0,MVA_equivalent_PF1
au,Sydney_Ryde,Ref,,10,300,1,0.77045547144577775,0.99999999999999978,0,0,MVA_equivalent_PF1
au,Sydney_Ryde,Ref,,10,500,1,0.77045547144577775,0.99999999999999978,0,0,MVA_equivalent_PF1
au,Sydney_Ryde,PERM-R/3,,10,100,0.46805606149070506,0.76860103293915838,0.9999607668875915,0,0,MVA_equivalent_PF1
au,Sydney_Ryde,PERM-R/3,,10,300,0.46805606149070506,0.76860103293915838,0.9999607668875915,0,0,MVA_equivalent_PF1
au,Sydney_Ryde,PERM-R/3,,10,500,0.46805606149070506,0.76860103293915838,0.9999607668875915,0,0,MVA_equivalent_PF1
au,Sydney_Ryde,PERM-R,,10,100,0.16907932352711605,0.75733031026109487,0.99878689454949654,0,0,MVA_equivalent_PF1
au,Sydney_Ryde,PERM-R,,10,300,0.16907932352711605,0.75733031026109487,0.99878689454949654,0,0,MVA_equivalent_PF1
au,Sydney_Ryde,PERM-R,,10,500,0.16907932352711605,0.75733031026109487,0.99878689454949654,0,0,MVA_equivalent_PF1
au,Sydney_Ryde,PERM-3R,,10,100,0.012792803482145254,0.76548885205865735,0.99973663581155336,0,0,MVA_equivalent_PF1
au,Sydney_Ryde,PERM-3R,,10,300,0.012792803482145254,0.76548885205865735,0.99973663581155336,0,0,MVA_equivalent_PF1
au,Sydney_Ryde,PERM-3R,,10,500,0.012792803482145254,0.76548885205865735,0.99973663581155336,0,0,MVA_equivalent_PF1
au,Sydney_Ryde,SMOOTH-0.5,,10,100,0.83205852212682074,0.78221012605346429,0.9950984847314932,0,0,MVA_equivalent_PF1
au,Sydney_Ryde,SMOOTH-0.5,,10,300,0.83205852212682074,0.78221012605346429,0.9950984847314932,0,0,MVA_equivalent_PF1
au,Sydney_Ryde,SMOOTH-0.5,,10,500,0.83205852212682074,0.78221012605346429,0.9950984847314932,0,0,MVA_equivalent_PF1
au,Sydney_Ryde,SMOOTH-1,,10,100,0.70008038775348369,0.72018257935172647,0.98839044767140072,0,0,MVA_equivalent_PF1
au,Sydney_Ryde,SMOOTH-1,,10,300,0.70008038775348369,0.72018257935172647,0.98839044767140072,0,0,MVA_equivalent_PF1
au,Sydney_Ryde,SMOOTH-1,,10,500,0.70008038775348369,0.72018257935172647,0.98839044767140072,0,0,MVA_equivalent_PF1
au,Sydney_Ryde,SMOOTH-2,,10,100,0.68765186436364434,0.782279720769682,0.99209521309133786,0,0,MVA_equivalent_PF1
au,Sydney_Ryde,SMOOTH-2,,10,300,0.68765186436364434,0.782279720769682,0.99209521309133786,0,0,MVA_equivalent_PF1
au,Sydney_Ryde,SMOOTH-2,,10,500,0.68765186436364434,0.782279720769682,0.99209521309133786,0,0,MVA_equivalent_PF1
au,Sydney_Ryde,LU,,10,100,0.22257957755371038,0.70553346490006852,0.96707523349350455,0,0,MVA_equivalent_PF1
au,Sydney_Ryde,LU,,10,300,0.22257957755371038,0.70553346490006852,0.96707523349350455,0,0,MVA_equivalent_PF1
au,Sydney_Ryde,LU,,10,500,0.22257957755371038,0.70553346490006852,0.96707523349350455,0,0,MVA_equivalent_PF1
au,Sydney_Ryde,GNN,42,10,100,0.075355548855292859,0.73589447287153098,0.94857693670243737,0,0,MVA_equivalent_PF1
au,Sydney_Ryde,GNN,42,10,300,0.075355548855292859,0.73589447287153098,0.94857693670243737,0,0,MVA_equivalent_PF1
au,Sydney_Ryde,GNN,42,10,500,0.075355548855292859,0.73589447287153098,0.94857693670243737,0,0,MVA_equivalent_PF1
au,Sydney_Ryde,Ref,,20,100,1,,,0,0,MVA_equivalent_PF1
au,Sydney_Ryde,Ref,,20,300,1,,,0,0,MVA_equivalent_PF1
au,Sydney_Ryde,Ref,,20,500,1,,,0,0,MVA_equivalent_PF1
au,Sydney_Ryde,PERM-R/3,,20,100,0.22836883073002759,,,0,0,MVA_equivalent_PF1
au,Sydney_Ryde,PERM-R/3,,20,300,0.22836883073002759,,,0,0,MVA_equivalent_PF1
au,Sydney_Ryde,PERM-R/3,,20,500,0.22836883073002759,,,0,0,MVA_equivalent_PF1
au,Sydney_Ryde,PERM-R,,20,100,0.16393672142631949,,,0,0,MVA_equivalent_PF1
au,Sydney_Ryde,PERM-R,,20,300,0.16393672142631949,,,0,0,MVA_equivalent_PF1
au,Sydney_Ryde,PERM-R,,20,500,0.16393672142631949,,,0,0,MVA_equivalent_PF1
au,Sydney_Ryde,PERM-3R,,20,100,0.014603209434925287,,,0,0,MVA_equivalent_PF1
au,Sydney_Ryde,PERM-3R,,20,300,0.014603209434925287,,,0,0,MVA_equivalent_PF1
au,Sydney_Ryde,PERM-3R,,20,500,0.014603209434925287,,,0,0,MVA_equivalent_PF1
au,Sydney_Ryde,SMOOTH-0.5,,20,100,0.9268447984901963,,,0,0,MVA_equivalent_PF1
au,Sydney_Ryde,SMOOTH-0.5,,20,300,0.9268447984901963,,,0,0,MVA_equivalent_PF1
au,Sydney_Ryde,SMOOTH-0.5,,20,500,0.9268447984901963,,,0,0,MVA_equivalent_PF1
au,Sydney_Ryde,SMOOTH-1,,20,100,0.82706785041714392,,,0,0,MVA_equivalent_PF1
au,Sydney_Ryde,SMOOTH-1,,20,300,0.82706785041714392,,,0,0,MVA_equivalent_PF1
au,Sydney_Ryde,SMOOTH-1,,20,500,0.82706785041714392,,,0,0,MVA_equivalent_PF1
au,Sydney_Ryde,SMOOTH-2,,20,100,0.59329979160105717,,,0,0,MVA_equivalent_PF1
au,Sydney_Ryde,SMOOTH-2,,20,300,0.59329979160105717,,,0,0,MVA_equivalent_PF1
au,Sydney_Ryde,SMOOTH-2,,20,500,0.59329979160105717,,,0,0,MVA_equivalent_PF1
au,Sydney_Ryde,LU,,20,100,0.22257957755371038,,,0,0,MVA_equivalent_PF1
au,Sydney_Ryde,LU,,20,300,0.22257957755371038,,,0,0,MVA_equivalent_PF1
au,Sydney_Ryde,LU,,20,500,0.22257957755371038,,,0,0,MVA_equivalent_PF1
au,Sydney_Ryde,GNN,42,20,100,0.075355548855292859,,,0,0,MVA_equivalent_PF1
au,Sydney_Ryde,GNN,42,20,300,0.075355548855292859,,,0,0,MVA_equivalent_PF1
au,Sydney_Ryde,GNN,42,20,500,0.075355548855292859,,,0,0,MVA_equivalent_PF1
au,Sydney_Sutherland,Ref,,10,100,1,0.93023185443568346,1,6.8772082918709039,0,MVA_equivalent_PF1
au,Sydney_Sutherland,Ref,,10,300,1,0.93023185443568346,1,14.817839083555596,0,MVA_equivalent_PF1
au,Sydney_Sutherland,Ref,,10,500,1,0.93023185443568346,1,21.057758835257143,5.1387500000000559,MVA_equivalent_PF1
au,Sydney_Sutherland,PERM-R/3,,10,100,0.82343108345212768,0.92794538499992196,0.99967002091750534,7.1868060128407638,0,MVA_equivalent_PF1
au,Sydney_Sutherland,PERM-R/3,,10,300,0.82343108345212768,0.92794538499992196,0.99967002091750534,15.526159597815548,0,MVA_equivalent_PF1
au,Sydney_Sutherland,PERM-R/3,,10,500,0.82343108345212768,0.92794538499992196,0.99967002091750534,21.694224888549623,5.1387500000000559,MVA_equivalent_PF1
au,Sydney_Sutherland,PERM-R,,10,100,0.65070651990114714,0.91615552864613936,0.99388166647041665,8.1440243488780286,0,MVA_equivalent_PF1
au,Sydney_Sutherland,PERM-R,,10,300,0.65070651990114714,0.91615552864613936,0.99388166647041665,17.959623718131326,0,MVA_equivalent_PF1
au,Sydney_Sutherland,PERM-R,,10,500,0.65070651990114714,0.91615552864613936,0.99388166647041665,24.23546999752995,4.1532812500000542,MVA_equivalent_PF1
au,Sydney_Sutherland,PERM-3R,,10,100,0.0096122801607051288,0.48572204623432941,0.65123689880922475,20.644522026023949,0,MVA_equivalent_PF1
au,Sydney_Sutherland,PERM-3R,,10,300,0.0096122801607051288,0.48572204623432941,0.65123689880922475,34.843984062286196,0,MVA_equivalent_PF1
au,Sydney_Sutherland,PERM-3R,,10,500,0.0096122801607051288,0.48572204623432941,0.65123689880922475,44.586564008394774,2.1823437500000922,MVA_equivalent_PF1
au,Sydney_Sutherland,SMOOTH-0.5,,10,100,0.94693921067489539,0.93884673029617005,0.9954883543720886,6.7432347292334915,0,MVA_equivalent_PF1
au,Sydney_Sutherland,SMOOTH-0.5,,10,300,0.94693921067489539,0.93884673029617005,0.9954883543720886,14.832664960132488,0,MVA_equivalent_PF1
au,Sydney_Sutherland,SMOOTH-0.5,,10,500,0.94693921067489539,0.93884673029617005,0.9954883543720886,20.8353627036578,7.1096875000000583,MVA_equivalent_PF1
au,Sydney_Sutherland,SMOOTH-1,,10,100,0.85709858368481073,0.90918841824461316,0.95712715128178782,8.7450773743910801,0,MVA_equivalent_PF1
au,Sydney_Sutherland,SMOOTH-1,,10,300,0.85709858368481073,0.90918841824461316,0.95712715128178782,18.162909428597537,0,MVA_equivalent_PF1
au,Sydney_Sutherland,SMOOTH-1,,10,500,0.85709858368481073,0.90918841824461316,0.95712715128178782,25.912318167085338,8.0951562500000591,MVA_equivalent_PF1
au,Sydney_Sutherland,SMOOTH-2,,10,100,0.92641595623328377,0.95592522845369887,0.96276711669177917,2.7751068622201065,0,MVA_equivalent_PF1
au,Sydney_Sutherland,SMOOTH-2,,10,300,0.92641595623328377,0.95592522845369887,0.96276711669177917,6.6958342478255544,0,MVA_equivalent_PF1
au,Sydney_Sutherland,SMOOTH-2,,10,500,0.92641595623328377,0.95592522845369887,0.96276711669177917,12.738662050783796,24.35703125000008,MVA_equivalent_PF1
au,Sydney_Sutherland,LU,,10,100,0.49234781730788929,0.97108416393479224,0.95440632010158,1.3148888833215679,0,MVA_equivalent_PF1
au,Sydney_Sutherland,LU,,10,300,0.49234781730788929,0.97108416393479224,0.95440632010158,5.3670078371556329,0.28687500000000055,MVA_equivalent_PF1
au,Sydney_Sutherland,LU,,10,500,0.49234781730788929,0.97108416393479224,0.95440632010158,11.057143566835204,20.167968750000078,MVA_equivalent_PF1
au,Sydney_Sutherland,GNN,42,10,100,0.43891697168623761,0.95439063798572699,0.93541686735421681,1.4691293707975785,0,MVA_equivalent_PF1
au,Sydney_Sutherland,GNN,42,10,300,0.43891697168623761,0.95439063798572699,0.93541686735421681,6.4436575355728802,0.28687500000000055,MVA_equivalent_PF1
au,Sydney_Sutherland,GNN,42,10,500,0.43891697168623761,0.95439063798572699,0.93541686735421681,13.967241104047883,27.560625000000073,MVA_equivalent_PF1
au,Sydney_Sutherland,Ref,,20,100,1,0.78330982684172967,0.99999999999999978,0,0,MVA_equivalent_PF1
au,Sydney_Sutherland,Ref,,20,300,1,0.78330982684172967,0.99999999999999978,0,0,MVA_equivalent_PF1
au,Sydney_Sutherland,Ref,,20,500,1,0.78330982684172967,0.99999999999999978,0.073706281113427682,0,MVA_equivalent_PF1
au,Sydney_Sutherland,PERM-R/3,,20,100,0.68009521440879117,0.7880919127803816,0.99974080971572599,0,0,MVA_equivalent_PF1
au,Sydney_Sutherland,PERM-R/3,,20,300,0.68009521440879117,0.7880919127803816,0.99974080971572599,0,0,MVA_equivalent_PF1
au,Sydney_Sutherland,PERM-R/3,,20,500,0.68009521440879117,0.7880919127803816,0.99974080971572599,0.070216257329468762,0,MVA_equivalent_PF1
au,Sydney_Sutherland,PERM-R,,20,100,0.20334059730154092,0.79947551261070293,0.99436805587747434,0,0,MVA_equivalent_PF1
au,Sydney_Sutherland,PERM-R,,20,300,0.20334059730154092,0.79947551261070293,0.99436805587747434,0,0,MVA_equivalent_PF1
au,Sydney_Sutherland,PERM-R,,20,500,0.20334059730154092,0.79947551261070293,0.99436805587747434,0.045400439044219067,0,MVA_equivalent_PF1
au,Sydney_Sutherland,PERM-3R,,20,100,0.011310980729607494,0.77678230407432691,0.99544503806465556,0,0,MVA_equivalent_PF1
au,Sydney_Sutherland,PERM-3R,,20,300,0.011310980729607494,0.77678230407432691,0.99544503806465556,0,0,MVA_equivalent_PF1
au,Sydney_Sutherland,PERM-3R,,20,500,0.011310980729607494,0.77678230407432691,0.99544503806465556,0.049832221929771547,0,MVA_equivalent_PF1
au,Sydney_Sutherland,SMOOTH-0.5,,20,100,0.95398671858668582,0.77805621314573781,0.99981977410740386,0,0,MVA_equivalent_PF1
au,Sydney_Sutherland,SMOOTH-0.5,,20,300,0.95398671858668582,0.77805621314573781,0.99981977410740386,0,0,MVA_equivalent_PF1
au,Sydney_Sutherland,SMOOTH-0.5,,20,500,0.95398671858668582,0.77805621314573781,0.99981977410740386,0.073823174628670024,0,MVA_equivalent_PF1
au,Sydney_Sutherland,SMOOTH-1,,20,100,0.90606025768097642,0.79369055339427985,0.99863188510934275,0,0,MVA_equivalent_PF1
au,Sydney_Sutherland,SMOOTH-1,,20,300,0.90606025768097642,0.79369055339427985,0.99863188510934275,0,0,MVA_equivalent_PF1
au,Sydney_Sutherland,SMOOTH-1,,20,500,0.90606025768097642,0.79369055339427985,0.99863188510934275,0.071686990877222911,0,MVA_equivalent_PF1
au,Sydney_Sutherland,SMOOTH-2,,20,100,0.86365213116220718,0.74305146100513397,0.99118437005121007,0,0,MVA_equivalent_PF1
au,Sydney_Sutherland,SMOOTH-2,,20,300,0.86365213116220718,0.74305146100513397,0.99118437005121007,0,0,MVA_equivalent_PF1
au,Sydney_Sutherland,SMOOTH-2,,20,500,0.86365213116220718,0.74305146100513397,0.99118437005121007,0.071169803450727334,0,MVA_equivalent_PF1
au,Sydney_Sutherland,LU,,20,100,0.49234781730788929,0.81061888829921369,0.9858225739623272,0,0,MVA_equivalent_PF1
au,Sydney_Sutherland,LU,,20,300,0.49234781730788929,0.81061888829921369,0.9858225739623272,0,0,MVA_equivalent_PF1
au,Sydney_Sutherland,LU,,20,500,0.49234781730788929,0.81061888829921369,0.9858225739623272,0.034473178305337686,0,MVA_equivalent_PF1
au,Sydney_Sutherland,GNN,42,20,100,0.43891697168623761,0.80868703422228216,0.98729418344895503,0,0,MVA_equivalent_PF1
au,Sydney_Sutherland,GNN,42,20,300,0.43891697168623761,0.80868703422228216,0.98729418344895503,0,0,MVA_equivalent_PF1
au,Sydney_Sutherland,GNN,42,20,500,0.43891697168623761,0.80868703422228216,0.98729418344895503,0.024383841297910748,0,MVA_equivalent_PF1
