country,region,n_grid,grid_step_m,n_stations,n_sources,source_total,station_demand_total,n_candidates,candidate_pool_hash,ref_q_r,ref_eligible,ref_reason,in_budget_domain,fields
au,Central_Coast,50170,183.34279559272471,17,2,446.94010000000003,446.94010000000003,2000,d57853981011f6e648b1bd3de66b2c34b5b9418e51420fa0dff0f8e055553ca0,1.7292219204324717,False,REF_SCORE_ABOVE_THRESHOLD,True,"{""Uni"": {""sha256"": ""d3ebaf45d9f688d7374267ce982304cfeabb2c4c901eac17d933c585394c9da8"", ""fold"": null}, ""LU"": {""sha256"": ""088970df2876cda74dc40ed777faa0a7f753109be5e8692b752203870d3083f1"", ""fold"": null}, ""GNN42"": {""sha256"": ""1f53ba1808ef25e82519d5cd046365705897b29ced4ad4a963678d495d85f0fa"", ""fold"": 1}, ""GNN123"": {""sha256"": ""d9126b4a435cda0c256787b6afe45a201827d5b2ba059cc03da64b205be4cc04"", ""fold"": 1}, ""GNN456"": {""sha256"": ""0e0b5713afcd2eee1b9f0d33bcc34b4742c46eee2c5775bfca3ac15b5a0db55a"", ""fold"": 1}}"
au,Hunter_Valley_exc_Newcastle,86231,500,34,4,484.5138,484.5138,2000,e34cf6a22a42fb4165a85d88f579c341ac7f353f9d90afbff0af55ff55135ea5,,False,REF_ZERO_MEDIAN_DEMAND,True,"{""Uni"": {""sha256"": ""b0d21f1c3a4c4000bbe09938b69dd591ac9ef59d0ea2e498045acf0cd1b43f1a"", ""fold"": null}, ""LU"": {""sha256"": ""58608bb4960f2d6e9d1f56ef963f36e0afee98c9ec6f303ddb5cf9357c8a0ed5"", ""fold"": null}, ""GNN42"": {""sha256"": ""004a5882723fec3fef3fc437fb9575edfc0d9f3a3b746998ca359599ef073426"", ""fold"": 3}, ""GNN123"": {""sha256"": ""a57f9231dfe3419da0ae232ecdf71bb50a7b2aabdc5b219b217e545fd30444c8"", ""fold"": 3}, ""GNN456"": {""sha256"": ""52053416581cc142953eb083220dfdb3b3a7a3572cdbb1ce4a3ebbc450478fc4"", ""fold"": 1}}"
au,Newcastle_and_Lake_Macquarie,50173,131.92949857085966,25,3,574.6875,574.6875,2000,d8c21e87212fe92ffef226cea8df2f01dc275b3e4b9b9ad456eff34bbcb9c43a,0.23003847946387057,True,,True,"{""Uni"": {""sha256"": ""d9e2f2364b12a1f7e59ee7623a718af7c6339ab856bb2de6eec0287b49b373ee"", ""fold"": null}, ""LU"": {""sha256"": ""a8792335dc1083b22e27e68f323f4071e2447466d043fd18ee60bca898b63ef9"", ""fold"": null}, ""GNN42"": {""sha256"": ""88058dadcf41f6896cddedf377a501a48639ce33088c58986f8ef7a146c90987"", ""fold"": 2}, ""GNN123"": {""sha256"": ""5bf12d77d3ed7b6721a622f90c6d17a9611cc8ba3e4c804c5e666f475f1535f4"", ""fold"": 4}, ""GNN456"": {""sha256"": ""032a20893c1f2a838935d2a133443b2122a2f2425efc5a9e355a85ccd322eeb1"", ""fold"": 1}}"
au,Sydney_City_and_Inner_South,6621,100,17,3,853.19620000000009,853.19619999999986,2000,ce3bc7b8f26c9122e51deeea22564575ddba5a3ab1295f16ed51fb6594de5223,0.0078608249547476167,True,,True,"{""Uni"": {""sha256"": ""43dbedc961a51df383f634f2b3289ec152665c965959435e56b11937711d9775"", ""fold"": null}, ""LU"": {""sha256"": ""fdc956cffe021c4d9a715a97bbdb145bbb66c40ff5e8af63e7c1b20a655424c0"", ""fold"": null}, ""GNN42"": {""sha256"": ""7597cd3e211397278ebb9335da6e1ebc9ca233e2e26130b31bf6f77af4ec6590"", ""fold"": 4}, ""GNN123"": {""sha256"": ""125bac786f24293f0f62e44bceea9c4ff56ec67278c9e358ed49b84c485ecc86"", ""fold"": 3}, ""GNN456"": {""sha256"": ""d12c52c025014a711d34c6fe322ac876bc70e13cd70d05a724f7a04342b0df88"", ""fold"": 2}}"
au,Sydney_Eastern_Suburbs,5794,100,8,2,321.71370000000002,321.71370000000002,2000,79fd2914f964337f2fda920966b65e66542ad4d7e339abe060fcbafa0b450399,0.030220149290028205,True,,True,"{""Uni"": {""sha256"": ""b8227659581fdcdde4c498fcd72a6836b4ab1dbccca22ef17e9ce6bc8dc69ab0"", ""fold"": null}, ""LU"": {""sha256"": ""db786b0ac9e7d661fe757dfb4f8dfa5639129cfff95c9c90534a39a4a3de7356"", ""fold"": null}, ""GNN42"": {""sha256"": ""b52411e65de1b17cda6e15ebf8ced7790d91b1904f06a6bf0eeeebff1abf755e"", ""fold"": 3}, ""GNN123"": {""sha256"": ""e397adc0b14d555a6888dd7e0d69429c135cd8c8914f6ae667f71717edd2788b"", ""fold"": 1}, ""GNN456"": {""sha256"": ""25cd5883e92805a5543022956ec97b7297013b87c296fbc5d500f765585498dd"", ""fold"": 3}}"
au,Sydney_Inner_South_West,16431,100,16,4,638.53869999999995,638.53870000000006,2000,36e95bfcee17e5fe359cad1dac9ec348e94422c198bb0f81f570a536c255c401,0.038414600030635647,True,,True,"{""Uni"": {""sha256"": ""64d6a03143d9304406400514938aa059e13196da6762cbe4dd201c11b610c9e9"", ""fold"": null}, ""LU"": {""sha256"": ""06a090395635d577ea9e1087b59d75048f9a1e663b7d13671c88a91b17d35f1e"", ""fold"": null}, ""GNN42"": {""sha256"": ""3ba307f789b7f45b54759e2082dcac1f4431dbd4700882a68add2ed4070f3c2f"", ""fold"": 2}, ""GNN123"": {""sha256"": ""4d78b83f1ed6cb0dda354ef00e9ecd1e7396cc3593f511bb0b0fa3d80fce26fa"", ""fold"": 1}, ""GNN456"": {""sha256"": ""2951d55f3b5c50c084aacd2dbb61857b5cda4d982ec8cf9bb148f11b88b266a5"", ""fold"": 4}}"
au,Sydney_Inner_West,6486,100,7,3,285.05129999999997,285.05129999999997,2000,345c6beaf7d76946a27b6596b8aafbda86fd553890a628d56e3ca6bced6f1f04,0.0064581072689855155,True,,True,"{""Uni"": {""sha256"": ""b0258ab619f28d2eb615ae93074755a857285712d740955e99cbdb4cceb35d15"", ""fold"": null}, ""LU"": {""sha256"": ""71623f4b4524e2b698e5d106dad6b0e94675b356574336415eca99dbdede82da"", ""fold"": null}, ""GNN42"": {""sha256"": ""486beb01b98e6df70a2fb2f9b17dc31851e5339de45c1905d2639cd6a3d8dc3c"", ""fold"": 4}, ""GNN123"": {""sha256"": ""6aa776226d494175b29e9667bcb54030254cd583215c25564198ca07c72f22b2"", ""fold"": 4}, ""GNN456"": {""sha256"": ""084fc963e7982e998a4c4aabd3f4476ca8fd78d2086ab05910643830c0313676"", ""fold"": 2}}"
au,Sydney_North_Sydney_and_Hornsby,27578,100,13,4,524.59090000000003,524.59090000000003,2000,d7743280f881ae32881beb19dc4aaf69fb790c5cd10df701406a7d16b9510b74,0.079827543776575444,True,,True,"{""Uni"": {""sha256"": ""4749dc196465aa9b6db5c1157b4d07a6a79ba29e499c0d21d7e4af1c5654e1ed"", ""fold"": null}, ""LU"": {""sha256"": ""148f0875361dc5024e5f2c3a4782679fc765713f008379ca895e499f70b85118"", ""fold"": null}, ""GNN42"": {""sha256"": ""3b2d24e58decfea70c1886bbff0efc805024e4fd3d2d15301387b28047df7159"", ""fold"": 4}, ""GNN123"": {""sha256"": ""8eb2f5d57061a8111a142225e2583405bc0090adc0eb5ff8dad9d42afd848781"", ""fold"": 2}, ""GNN456"": {""sha256"": ""9c78d425f0aff34bf0de99e34bb653dab1c21ee1db4e397fff34397399f09dc0"", ""fold"": 2}}"
au,Sydney_Northern_Beaches,25481,100,14,3,293.17949999999996,293.17950000000002,2000,fd6de968003ad472c3938abaa7d84c8c61963f29cb1033570d5a7aba60be17e1,0.074555216610246972,True,,True,"{""Uni"": {""sha256"": ""d04a168636a4438866d9f10c47b7ad8de81d0f2ca23583304cbe1e692b5d52f7"", ""fold"": null}, ""LU"": {""sha256"": ""ebcfea497a95414f3a216a29c1886d49c9cd25e549ddf3b03d20d05123bb3252"", ""fold"": null}, ""GNN42"": {""sha256"": ""5fde336771f8df871ec0d52cb9a9f9f4bdb76ad6d5cc0d3bdd894c5d5139ba95"", ""fold"": 2}, ""GNN123"": {""sha256"": ""6b9574fd42ab79b318a133c8351b0b518c57e92b4370b6e80753184fc242894b"", ""fold"": 2}, ""GNN456"": {""sha256"": ""ee2777d02dba0ffc95d0041c7b4633af60f7c237a39b3d7a22e8760aac1329b1"", ""fold"": 3}}"
au,Sydney_Parramatta,9030,100,6,2,181.3186,181.31859999999998,2000,2c43ea8ec23abb502f409db0eef3fd6ce77e9a202572a1a72a9542d650e39064,0.043324481940500335,True,,True,"{""Uni"": {""sha256"": ""ef19119fa8df5e8ec466806eae288b96f05fcf8491c12fe752aa1f6344fb52c0"", ""fold"": null}, ""LU"": {""sha256"": ""cd9d99b83607aff55372aa6fb52ef5e39d816042b1af0bb4cb6aac5f0466c6b5"", ""fold"": null}, ""GNN42"": {""sha256"": ""8fd14f75919f07c89d3f59d9d2b5c8d8eb733b3096342517297ddbe2fd930e6b"", ""fold"": 1}, ""GNN123"": {""sha256"": ""d608a215a69660509bd479fff2acebaa43efc14c22cfc1a059aee85f7d5dada7"", ""fold"": 2}, ""GNN456"": {""sha256"": ""7f9fa41c0c8f640572c0f52f56be93779e75ee4816ecc06e68b2c30e86fe3577"", ""fold"": 4}}"
au,Sydney_Ryde,6940,100,6,2,346.04809999999998,346.04809999999998,2000,cc2617978164a5d52d087c923dce430cf3cd9982d1cbec2000426263d680289e,0.027391336008965223,True,,True,"{""Uni"": {""sha256"": ""c1cdd71607a184208cb3f10d13b5c8249f0681fff4dcee0eeeed695908a8cce5"", ""fold"": null}, ""LU"": {""sha256"": ""e87ecbd66bb03235035d23c591ba2c4d3dc9346a6650a0f2ec24dc1b8e98dde3"", ""fold"": null}, ""GNN42"": {""sha256"": ""a54ff4c4e660e3442b1ad23d3e9c30963c302c5bd49fb82a967802f69af2a9ff"", ""fold"": 1}, ""GNN123"": {""sha256"": ""7fe751c9c3ac93979130a0776decc730c633082228372f964660e976a8757e20"", ""fold"": 3}, ""GNN456"": {""sha256"": ""a65e7aa6910a531de9deb2790092514323a1d4c8677f27b15749f125756ae20e"", ""fold"": 3}}"
au,Sydney_Sutherland,29676,100,10,2,283.4683,283.4683,2000,50816afcb0b7bb57ddefe9b7508eb80d76d7cd8cc53d9aa4c22d0138a41c5e47,0.17529342083258845,True,,True,"{""Uni"": {""sha256"": ""1d3f5b249d3d9eae71a5dbbb9cf99713f549950137744f3c054580d0dc060f49"", ""fold"": null}, ""LU"": {""sha256"": ""7810b1e5e6e03ec99380d188524ce64e684ec3a88629682078e3ff1cd9303170"", ""fold"": null}, ""GNN42"": {""sha256"": ""be8080e20fb4cf4bccb985b66a4bba9d687c393023adb29a2ab62f8a54d72a1b"", ""fold"": 3}, ""GNN123"": {""sha256"": ""7e996e42873d86198b83536032e78e719f1fef52a160eeed143bea5a5aedb6b8"", ""fold"": 4}, ""GNN456"": {""sha256"": ""afb9e69b517d1fe26134a31d416f38b11abb9e481344844a559c5fb9e4cd24c1"", ""fold"": 4}}"
