country,region,method,seed,radius_km,centres,mae_decision,mae_representation,rmse_decision,rmse_representation,mean_G,mean_Aref,zero_station_share,n_stations_mean,n_stations_median,n_centres
au,Central_Coast,Uni,,1,grid,1.5040708518925257,0.81908751162491555,4.7961465093446813,1.139374719683879,0.78399455000000007,0.78347896359156788,0.96899999999999997,0.031,0,2000
au,Central_Coast,LU,,1,grid,1.4845452504350549,0.75493872345660518,4.7568039337334209,1.0479405188159634,0.78399455000000007,0.78347896359156788,0.96899999999999997,0.031,0,2000
au,Central_Coast,GNN,42,1,grid,1.4742569117396842,0.9272355855629012,4.8226994536696095,1.5991045454103416,0.78399455000000007,0.78347896359156788,0.96899999999999997,0.031,0,2000
au,Central_Coast,GNN,123,1,grid,1.485401734236067,0.98658891485813549,4.8956364293059007,1.8255393087448715,0.78399455000000007,0.78347896359156788,0.96899999999999997,0.031,0,2000
au,Central_Coast,GNN,456,1,grid,1.5837318667250688,1.3112396397094919,5.7646236077879003,3.2715027846153228,0.78399455000000007,0.78347896359156788,0.96899999999999997,0.031,0,2000
au,Central_Coast,Uni,,2,grid,4.9891234561656308,2.7686270314445389,9.201098234356305,3.8415685318036212,3.0194072999999997,2.8668140773383546,0.88700000000000001,0.11550000000000001,0,2000
au,Central_Coast,LU,,2,grid,4.7834374704974074,2.5246321617313288,8.8859942283260356,3.4850758225578189,3.0194072999999997,2.8668140773383546,0.88700000000000001,0.11550000000000001,0,2000
au,Central_Coast,GNN,42,2,grid,4.8304231854195487,3.1030359075759208,9.2523682680835844,4.7602965376727164,3.0194072999999997,2.8668140773383546,0.88700000000000001,0.11550000000000001,0,2000
au,Central_Coast,GNN,123,2,grid,4.8498328828438169,3.2945751982007558,9.4264596231922457,5.2818904569071137,3.0194072999999997,2.8668140773383546,0.88700000000000001,0.11550000000000001,0,2000
au,Central_Coast,GNN,456,2,grid,5.6964996858649801,4.5424637182959726,12.521400267558558,8.8901710072365283,3.0194072999999997,2.8668140773383546,0.88700000000000001,0.11550000000000001,0,2000
au,Central_Coast,Uni,,3,grid,9.3443347694815149,5.6756508233693657,13.745884014977513,7.8026879424284141,6.5326093000000007,6.2408656748048754,0.78349999999999997,0.24349999999999999,0,2000
au,Central_Coast,LU,,3,grid,8.666427462717154,5.082651996519771,12.858071416840549,6.9813607181392703,6.5326093000000007,6.2408656748048754,0.78349999999999997,0.24349999999999999,0,2000
au,Central_Coast,GNN,42,3,grid,8.6561635458831478,6.1648532100072257,13.590410656906286,8.813656396528911,6.5326093000000007,6.2408656748048754,0.78349999999999997,0.24349999999999999,0,2000
au,Central_Coast,GNN,123,3,grid,8.8330221128761508,6.6361062661092847,14.105817990700178,9.7273413299761717,6.5326093000000007,6.2408656748048754,0.78349999999999997,0.24349999999999999,0,2000
au,Central_Coast,GNN,456,3,grid,11.481367498285696,9.4690527669130926,20.490828656152178,16.366388932613471,6.5326093000000007,6.2408656748048754,0.78349999999999997,0.24349999999999999,0,2000
au,Central_Coast,Uni,,5,grid,19.035619951425801,13.453406514288094,25.157711534468135,17.953837834399391,16.012191999999999,16.084266771280365,0.626,0.59699999999999998,0,2000
au,Central_Coast,LU,,5,grid,16.917806903084688,11.646622382466452,22.652913737216846,15.73841399468717,16.012191999999999,16.084266771280365,0.626,0.59699999999999998,0,2000
au,Central_Coast,GNN,42,5,grid,17.12629889594221,13.306750205371793,23.952254103517994,18.237141163642381,16.012191999999999,16.084266771280365,0.626,0.59699999999999998,0,2000
au,Central_Coast,GNN,123,5,grid,18.109306672065635,14.672244553510421,25.506124714871294,20.237667242610055,16.012191999999999,16.084266771280365,0.626,0.59699999999999998,0,2000
au,Central_Coast,GNN,456,5,grid,26.259311838116091,22.537609593022193,40.082639426012598,34.173471132081986,16.012191999999999,16.084266771280365,0.626,0.59699999999999998,0,2000
au,Central_Coast,Uni,,7.5,grid,35.276693995842386,26.063682634090267,43.956507031267137,33.764107033631468,33.524330249999998,33.763658433510145,0.51600000000000001,1.2375,0,2000
au,Central_Coast,LU,,7.5,grid,30.892926587353742,21.900471351445152,38.935038953332146,29.290745311648017,33.524330249999998,33.763658433510145,0.51600000000000001,1.2375,0,2000
au,Central_Coast,GNN,42,7.5,grid,31.444163145758932,23.936455290499747,41.213041185066665,32.013118091559427,33.524330249999998,33.763658433510145,0.51600000000000001,1.2375,0,2000
au,Central_Coast,GNN,123,7.5,grid,33.74955105829666,26.676200603895019,44.602933064162386,35.662532656093127,33.524330249999998,33.763658433510145,0.51600000000000001,1.2375,0,2000
au,Central_Coast,GNN,456,7.5,grid,52.639784183977476,44.563282361762305,71.02841599527639,60.634612423237556,33.524330249999998,33.763658433510145,0.51600000000000001,1.2375,0,2000
au,Central_Coast,Uni,,10,grid,54.888144684690253,41.381181230656601,65.702428758049933,51.337157987285906,56.255522249999991,56.878071814553586,0.433,2.0724999999999998,1,2000
au,Central_Coast,LU,,10,grid,48.133920109452944,34.582004666300783,57.990452857542806,44.252920069576973,56.255522249999991,56.878071814553586,0.433,2.0724999999999998,1,2000
au,Central_Coast,GNN,42,10,grid,48.283321541328547,35.382088454033308,59.977181826234897,46.312220557037648,56.255522249999991,56.878071814553586,0.433,2.0724999999999998,1,2000
au,Central_Coast,GNN,123,10,grid,52.073160561617975,39.344746390271908,65.131805636669441,51.656234876297702,56.255522249999991,56.878071814553586,0.433,2.0724999999999998,1,2000
au,Central_Coast,GNN,456,10,grid,81.434949208104925,68.494987741566874,103.29054609913371,87.870739176586184,56.255522249999991,56.878071814553586,0.433,2.0724999999999998,1,2000
au,Central_Coast,Uni,,15,grid,93.568542527118723,73.265971609709155,107.60726098879232,84.355702204928832,113.25809609999999,114.26534817486998,0.25800000000000001,4.1580000000000004,4,2000
au,Central_Coast,LU,,15,grid,81.793572432915909,61.475496980830563,94.335808873517749,71.618772255395641,113.25809609999999,114.26534817486998,0.25800000000000001,4.1580000000000004,4,2000
au,Central_Coast,GNN,42,15,grid,74.842712029886314,55.427663953298534,87.459527842507299,68.394525482530824,113.25809609999999,114.26534817486998,0.25800000000000001,4.1580000000000004,4,2000
au,Central_Coast,GNN,123,15,grid,81.107168618314958,61.995922155370785,94.956702666337264,76.321188294839445,113.25809609999999,114.26534817486998,0.25800000000000001,4.1580000000000004,4,2000
au,Central_Coast,GNN,456,15,grid,127.35957205459692,107.46384421044885,148.3020250196341,127.44300359320381,113.25809609999999,114.26534817486998,0.25800000000000001,4.1580000000000004,4,2000
au,Central_Coast,Uni,,20,grid,114.9943582010729,91.51943074594729,129.91744604402942,103.45556884472296,176.3142684,179.92786023440962,0.1235,6.5149999999999997,7,2000
au,Central_Coast,LU,,20,grid,100.05087923054346,76.655842639359477,113.07350143985327,86.899240196840054,176.3142684,179.92786023440962,0.1235,6.5149999999999997,7,2000
au,Central_Coast,GNN,42,20,grid,81.390664658357068,61.822156268598981,96.581620263556317,74.104443068231163,176.3142684,179.92786023440962,0.1235,6.5149999999999997,7,2000
au,Central_Coast,GNN,123,20,grid,87.933031226177548,69.187403620863194,104.33382720374802,82.442780028790168,176.3142684,179.92786023440962,0.1235,6.5149999999999997,7,2000
au,Central_Coast,GNN,456,20,grid,135.15132830038752,116.63104947279012,159.89873314583727,136.33910153969919,176.3142684,179.92786023440962,0.1235,6.5149999999999997,7,2000
au,Hunter_Valley_exc_Newcastle,Uni,,1,grid,0.17435628072792617,0.076855945106732354,1.5436717279793013,0.22643049319621159,0.11217390000000001,0.066691088265248819,0.99299999999999999,0.0070000000000000001,0,2000
au,Hunter_Valley_exc_Newcastle,LU,,1,grid,0.17324428011861973,0.076305365714329068,1.5492898503507531,0.23568799284368094,0.11217390000000001,0.066691088265248819,0.99299999999999999,0.0070000000000000001,0,2000
au,Hunter_Valley_exc_Newcastle,GNN,42,1,grid,0.16573032523825118,0.077629943589450079,1.5955447488136678,0.25200306302526432,0.11217390000000001,0.066691088265248819,0.99299999999999999,0.0070000000000000001,0,2000
au,Hunter_Valley_exc_Newcastle,GNN,123,1,grid,0.1713630523184129,0.079012530266339198,1.5894614725282565,0.25509799207768297,0.11217390000000001,0.066691088265248819,0.99299999999999999,0.0070000000000000001,0,2000
au,Hunter_Valley_exc_Newcastle,GNN,456,1,grid,0.17721916099100388,0.094921442130408706,1.6564617312113741,0.52226519473998967,0.11217390000000001,0.066691088265248819,0.99299999999999999,0.0070000000000000001,0,2000
au,Hunter_Valley_exc_Newcastle,Uni,,2,grid,0.48616809394198068,0.26653891212531505,2.2943662886984302,0.75215814528029046,0.29980124999999996,0.25511430042134553,0.97799999999999998,0.021999999999999999,0,2000
au,Hunter_Valley_exc_Newcastle,LU,,2,grid,0.48260337342452425,0.26156746621112459,2.3231830607616342,0.76909609664414247,0.29980124999999996,0.25511430042134553,0.97799999999999998,0.021999999999999999,0,2000
au,Hunter_Valley_exc_Newcastle,GNN,42,2,grid,0.48440724458349421,0.27032266055233245,2.5920838325609123,0.80274318798175714,0.29980124999999996,0.25511430042134553,0.97799999999999998,0.021999999999999999,0,2000
au,Hunter_Valley_exc_Newcastle,GNN,123,2,grid,0.49047635128616984,0.25949062270358697,2.5088093182418891,0.76184087617471685,0.29980124999999996,0.25511430042134553,0.97799999999999998,0.021999999999999999,0,2000
au,Hunter_Valley_exc_Newcastle,GNN,456,2,grid,0.50790762429319014,0.32339823957796321,2.7458216749936382,1.3119654174633604,0.29980124999999996,0.25511430042134553,0.97799999999999998,0.021999999999999999,0,2000
au,Hunter_Valley_exc_Newcastle,Uni,,3,grid,0.97116663333130127,0.55167132952462516,3.5208906688900123,1.4686194540128124,0.73271425000000001,0.58691212466304066,0.95399999999999996,0.048500000000000001,0,2000
au,Hunter_Valley_exc_Newcastle,LU,,3,grid,0.96058119447591228,0.53471314630028888,3.5697015998803576,1.4637182332068714,0.73271425000000001,0.58691212466304066,0.95399999999999996,0.048500000000000001,0,2000
au,Hunter_Valley_exc_Newcastle,GNN,42,3,grid,1.0399869565763524,0.59677414144398877,4.3644869824814068,2.1840059398413665,0.73271425000000001,0.58691212466304066,0.95399999999999996,0.048500000000000001,0,2000
au,Hunter_Valley_exc_Newcastle,GNN,123,3,grid,1.0058296425944271,0.54463669816309768,3.9652154424431485,1.5681736508401916,0.73271425000000001,0.58691212466304066,0.95399999999999996,0.048500000000000001,0,2000
au,Hunter_Valley_exc_Newcastle,GNN,456,3,grid,1.0609622333097379,0.68514554073298062,4.4415990595475447,2.4557786690529544,0.73271425000000001,0.58691212466304066,0.95399999999999996,0.048500000000000001,0,2000
au,Hunter_Valley_exc_Newcastle,Uni,,5,grid,2.0581457513198829,1.2671633834550293,5.4983689015629649,3.0277834658726022,1.7165756000000001,1.6404400562579213,0.90049999999999997,0.121,0,2000
au,Hunter_Valley_exc_Newcastle,LU,,5,grid,2.0288507280529009,1.2399083425651698,5.57954035159214,3.0502934564378981,1.7165756000000001,1.6404400562579213,0.90049999999999997,0.121,0,2000
au,Hunter_Valley_exc_Newcastle,GNN,42,5,grid,2.091666497192131,1.462591871489908,6.4598450118194997,4.2958838918122204,1.7165756000000001,1.6404400562579213,0.90049999999999997,0.121,0,2000
au,Hunter_Valley_exc_Newcastle,GNN,123,5,grid,2.0418674210803287,1.3181442269596233,5.9938183159385341,3.4258766122329742,1.7165756000000001,1.6404400562579213,0.90049999999999997,0.121,0,2000
au,Hunter_Valley_exc_Newcastle,GNN,456,5,grid,2.1995356728467885,1.6540105813507744,6.7201056039640612,4.6400823751415095,1.7165756000000001,1.6404400562579213,0.90049999999999997,0.121,0,2000
au,Hunter_Valley_exc_Newcastle,Uni,,7.5,grid,3.4057483891918179,2.2915028131067285,7.451878467127135,4.7648657215769896,3.4697277500000001,3.5845811289631113,0.82050000000000001,0.251,0,2000
au,Hunter_Valley_exc_Newcastle,LU,,7.5,grid,3.3110740490284827,2.2541286278030968,7.3761267817803553,4.8052982665266359,3.4697277500000001,3.5845811289631113,0.82050000000000001,0.251,0,2000
au,Hunter_Valley_exc_Newcastle,GNN,42,7.5,grid,3.353578603260615,2.7330945889722638,7.9633871801495149,6.84014284380173,3.4697277500000001,3.5845811289631113,0.82050000000000001,0.251,0,2000
au,Hunter_Valley_exc_Newcastle,GNN,123,7.5,grid,3.3449913112949021,2.4064432638662132,7.5609111707535348,5.5543401218610482,3.4697277500000001,3.5845811289631113,0.82050000000000001,0.251,0,2000
au,Hunter_Valley_exc_Newcastle,GNN,456,7.5,grid,3.698205296029395,3.0994606673780765,8.8285745873132164,7.3642042873596525,3.4697277500000001,3.5845811289631113,0.82050000000000001,0.251,0,2000
au,Hunter_Valley_exc_Newcastle,Uni,,10,grid,5.1539826997623273,3.4287775030195498,10.271103420389654,6.4098080611649735,6.2113304000000005,6.199253262494981,0.73750000000000004,0.45500000000000002,0,2000
au,Hunter_Valley_exc_Newcastle,LU,,10,grid,4.9740941789680777,3.3533557409856543,10.129256562927191,6.4420304162502937,6.2113304000000005,6.199253262494981,0.73750000000000004,0.45500000000000002,0,2000
au,Hunter_Valley_exc_Newcastle,GNN,42,10,grid,4.854721636960396,3.981441924215436,10.503445350432457,8.6427092731850337,6.2113304000000005,6.199253262494981,0.73750000000000004,0.45500000000000002,0,2000
au,Hunter_Valley_exc_Newcastle,GNN,123,10,grid,4.8939632600464593,3.5287914135627325,10.14267061838412,7.236627729203728,6.2113304000000005,6.199253262494981,0.73750000000000004,0.45500000000000002,0,2000
au,Hunter_Valley_exc_Newcastle,GNN,456,10,grid,5.4480709209747529,4.6489594685265363,12.147630146365724,9.8995334629201697,6.2113304000000005,6.199253262494981,0.73750000000000004,0.45500000000000002,0,2000
au,Hunter_Valley_exc_Newcastle,Uni,,15,grid,9.1981270644705955,5.7891376194832755,15.805170135282266,9.7702663330213007,14.033192849999997,13.629853934243341,0.58750000000000002,1.0169999999999999,0,2000
au,Hunter_Valley_exc_Newcastle,LU,,15,grid,8.979643095817071,5.5833786836092134,15.754963011057145,9.8068240461145297,14.033192849999997,13.629853934243341,0.58750000000000002,1.0169999999999999,0,2000
au,Hunter_Valley_exc_Newcastle,GNN,42,15,grid,8.6115646815632907,6.1838434645159088,15.297338848299187,11.285745916273569,14.033192849999997,13.629853934243341,0.58750000000000002,1.0169999999999999,0,2000
au,Hunter_Valley_exc_Newcastle,GNN,123,15,grid,8.6700547051269226,5.6287119687012295,15.216503729860365,9.9033525742418789,14.033192849999997,13.629853934243341,0.58750000000000002,1.0169999999999999,0,2000
au,Hunter_Valley_exc_Newcastle,GNN,456,15,grid,10.042014565893354,7.7123122050001678,18.981402349339636,14.398074526987223,14.033192849999997,13.629853934243341,0.58750000000000002,1.0169999999999999,0,2000
au,Hunter_Valley_exc_Newcastle,Uni,,20,grid,12.701782273619624,8.5154731282582041,20.16923792675129,13.14577571405423,24.182604749999999,23.499524962341034,0.45150000000000001,1.754,1,2000
au,Hunter_Valley_exc_Newcastle,LU,,20,grid,12.36012594826766,8.2956298325802429,20.03153541034542,13.27062040893129,24.182604749999999,23.499524962341034,0.45150000000000001,1.754,1,2000
au,Hunter_Valley_exc_Newcastle,GNN,42,20,grid,12.369730426358601,9.1935819657355324,20.614052277584353,15.299440703363363,24.182604749999999,23.499524962341034,0.45150000000000001,1.754,1,2000
au,Hunter_Valley_exc_Newcastle,GNN,123,20,grid,12.14926842576115,8.4350387550841255,19.87457725838016,13.488041242729137,24.182604749999999,23.499524962341034,0.45150000000000001,1.754,1,2000
au,Hunter_Valley_exc_Newcastle,GNN,456,20,grid,13.881741740854533,11.115341882655747,24.18204808392986,18.818126183578311,24.182604749999999,23.499524962341034,0.45150000000000001,1.754,1,2000
au,Newcastle_and_Lake_Macquarie,Uni,,1,grid,3.0918284692613112,1.0525554940911734,6.6229044857306727,1.6891392373079821,2.0029106999999997,1.8796873114029335,0.91500000000000004,0.085000000000000006,0,2000
au,Newcastle_and_Lake_Macquarie,LU,,1,grid,3.0965266974239474,1.0581487036918349,6.6343311868769108,1.7252929396001968,2.0029106999999997,1.8796873114029335,0.91500000000000004,0.085000000000000006,0,2000
au,Newcastle_and_Lake_Macquarie,GNN,42,1,grid,3.3227967393868147,2.3362306853348311,11.602422052456026,9.59221300736845,2.0029106999999997,1.8796873114029335,0.91500000000000004,0.085000000000000006,0,2000
au,Newcastle_and_Lake_Macquarie,GNN,123,1,grid,3.0020454634865867,1.2957625737497631,6.8298234378403322,2.51853011106643,2.0029106999999997,1.8796873114029335,0.91500000000000004,0.085000000000000006,0,2000
au,Newcastle_and_Lake_Macquarie,GNN,456,1,grid,3.4554511684280111,2.6671449900319804,12.231506890180158,10.276430984238875,2.0029106999999997,1.8796873114029335,0.91500000000000004,0.085000000000000006,0,2000
au,Newcastle_and_Lake_Macquarie,Uni,,2,grid,6.7456920031470329,3.0827524156574668,11.149555688384179,4.7428871268404622,7.91180225,7.2614345789762629,0.72099999999999997,0.33950000000000002,0,2000
au,Newcastle_and_Lake_Macquarie,LU,,2,grid,6.7122380135721151,3.079260426804991,11.163505630857099,4.8199675474156676,7.91180225,7.2614345789762629,0.72099999999999997,0.33950000000000002,0,2000
au,Newcastle_and_Lake_Macquarie,GNN,42,2,grid,9.4477405313844383,7.1195023341144488,23.292807290269398,20.738879732473116,7.91180225,7.2614345789762629,0.72099999999999997,0.33950000000000002,0,2000
au,Newcastle_and_Lake_Macquarie,GNN,123,2,grid,6.7050738493686524,3.4819914920715243,11.012242197985243,5.4573792822689571,7.91180225,7.2614345789762629,0.72099999999999997,0.33950000000000002,0,2000
au,Newcastle_and_Lake_Macquarie,GNN,456,2,grid,9.9296666313672972,8.2816333827134567,24.523288756385515,22.00677253001756,7.91180225,7.2614345789762629,0.72099999999999997,0.33950000000000002,0,2000
au,Newcastle_and_Lake_Macquarie,Uni,,3,grid,10.093263897575795,5.2748026736636255,14.961573316487932,7.7882622545575941,16.502790399999999,15.533606679622844,0.57199999999999995,0.70650000000000002,0,2000
au,Newcastle_and_Lake_Macquarie,LU,,3,grid,9.9476304350329379,5.2474777599931173,14.935783317183253,7.904250456378465,16.502790399999999,15.533606679622844,0.57199999999999995,0.70650000000000002,0,2000
au,Newcastle_and_Lake_Macquarie,GNN,42,3,grid,16.060852974614203,13.302477381761333,33.630114112904756,31.270279196669232,16.502790399999999,15.533606679622844,0.57199999999999995,0.70650000000000002,0,2000
au,Newcastle_and_Lake_Macquarie,GNN,123,3,grid,9.7432305003058026,5.4534883539305499,14.26293943727147,7.8897991808805292,16.502790399999999,15.533606679622844,0.57199999999999995,0.70650000000000002,0,2000
au,Newcastle_and_Lake_Macquarie,GNN,456,3,grid,17.306070260597924,15.403837615003113,35.308685945095377,33.168101414936835,16.502790399999999,15.533606679622844,0.57199999999999995,0.70650000000000002,0,2000
au,Newcastle_and_Lake_Macquarie,Uni,,5,grid,15.781010211266338,8.6024547944510807,21.369780444104705,12.141121243135583,43.013932750000009,40.001187974889305,0.33100000000000002,1.8160000000000001,1,2000
au,Newcastle_and_Lake_Macquarie,LU,,5,grid,15.352839383955205,8.4833512828094086,21.245948863738466,12.269469915989653,43.013932750000009,40.001187974889305,0.33100000000000002,1.8160000000000001,1,2000
au,Newcastle_and_Lake_Macquarie,GNN,42,5,grid,34.010548665090745,29.168922851576621,63.849226915646121,56.99409957953042,43.013932750000009,40.001187974889305,0.33100000000000002,1.8160000000000001,1,2000
au,Newcastle_and_Lake_Macquarie,GNN,123,5,grid,14.090824268797547,8.8548722945400975,20.095617774182141,11.194342182928564,43.013932750000009,40.001187974889305,0.33100000000000002,1.8160000000000001,1,2000
au,Newcastle_and_Lake_Macquarie,GNN,456,5,grid,37.92345167859564,34.760350850250724,66.399275056608914,60.193436804038114,43.013932750000009,40.001187974889305,0.33100000000000002,1.8160000000000001,1,2000
au,Newcastle_and_Lake_Macquarie,Uni,,7.5,grid,19.856499032808408,10.807969821045713,26.307053505638251,13.907333720561983,86.945182999999986,82.341368647381259,0.155,3.6444999999999999,2,2000
au,Newcastle_and_Lake_Macquarie,LU,,7.5,grid,19.438860145914123,10.799773644205315,26.262453264998253,13.973333578964596,86.945182999999986,82.341368647381259,0.155,3.6444999999999999,2,2000
au,Newcastle_and_Lake_Macquarie,GNN,42,7.5,grid,56.222983326240971,50.55952688610779,97.435865820085894,86.137913908431287,86.945182999999986,82.341368647381259,0.155,3.6444999999999999,2,2000
au,Newcastle_and_Lake_Macquarie,GNN,123,7.5,grid,18.629890178093362,12.225725819183623,27.165671190005312,15.293533169380165,86.945182999999986,82.341368647381259,0.155,3.6444999999999999,2,2000
au,Newcastle_and_Lake_Macquarie,GNN,456,7.5,grid,65.43764307873802,62.029527374063953,101.93352077582853,91.391669490924215,86.945182999999986,82.341368647381259,0.155,3.6444999999999999,2,2000
au,Newcastle_and_Lake_Macquarie,Uni,,10,grid,22.577529002822981,13.782125677533063,30.697117208698526,16.47950926544393,141.0433487,132.84128804629967,0.025000000000000001,5.9329999999999998,4,2000
au,Newcastle_and_Lake_Macquarie,LU,,10,grid,22.400569441394239,13.586941251638242,30.671040547591002,16.51056851345826,141.0433487,132.84128804629967,0.025000000000000001,5.9329999999999998,4,2000
au,Newcastle_and_Lake_Macquarie,GNN,42,10,grid,68.471775919616633,62.165627296608186,111.3172988645229,99.206163812634671,141.0433487,132.84128804629967,0.025000000000000001,5.9329999999999998,4,2000
au,Newcastle_and_Lake_Macquarie,GNN,123,10,grid,23.007031297034285,14.868580755474351,31.982523884154791,19.29253095803735,141.0433487,132.84128804629967,0.025000000000000001,5.9329999999999998,4,2000
au,Newcastle_and_Lake_Macquarie,GNN,456,10,grid,81.525218438669626,78.181983558837629,118.79775178603398,107.24731159384065,141.0433487,132.84128804629967,0.025000000000000001,5.9329999999999998,4,2000
au,Newcastle_and_Lake_Macquarie,Uni,,15,grid,26.49271102804212,15.357374888187104,34.489381280917087,19.076632735854844,251.79580084999998,241.17171081360016,0,10.8245,10,2000
au,Newcastle_and_Lake_Macquarie,LU,,15,grid,25.526309714728622,14.626905885259617,33.617880773493752,18.542259048539702,251.79580084999998,241.17171081360016,0,10.8245,10,2000
au,Newcastle_and_Lake_Macquarie,GNN,42,15,grid,66.943783835025656,57.861204894309104,109.56636448914412,97.150235326694443,251.79580084999998,241.17171081360016,0,10.8245,10,2000
au,Newcastle_and_Lake_Macquarie,GNN,123,15,grid,27.044390097897256,16.584358787828382,34.339882601969798,21.101720332368565,251.79580084999998,241.17171081360016,0,10.8245,10,2000
au,Newcastle_and_Lake_Macquarie,GNN,456,15,grid,82.62067448079469,73.154244966284708,125.16728891787707,112.51203073251195,251.79580084999998,241.17171081360016,0,10.8245,10,2000
au,Newcastle_and_Lake_Macquarie,Uni,,20,grid,24.391844716795333,14.550973066946232,28.712874307669978,16.768548332593944,340.55643059999994,335.49820924799627,0,14.983499999999999,18,2000
au,Newcastle_and_Lake_Macquarie,LU,,20,grid,22.852293107159646,13.235231290809221,27.323397512892097,15.510690900194691,340.55643059999994,335.49820924799627,0,14.983499999999999,18,2000
au,Newcastle_and_Lake_Macquarie,GNN,42,20,grid,52.944372554458475,44.310433970893193,93.501032319160004,84.633560742766548,340.55643059999994,335.49820924799627,0,14.983499999999999,18,2000
au,Newcastle_and_Lake_Macquarie,GNN,123,20,grid,22.570461419130517,13.163120879432697,27.117154519403545,16.613614859510125,340.55643059999994,335.49820924799627,0,14.983499999999999,18,2000
au,Newcastle_and_Lake_Macquarie,GNN,456,20,grid,67.085810677839845,58.013514984149282,102.77667638189484,93.442658303345496,340.55643059999994,335.49820924799627,0,14.983499999999999,18,2000
au,Sydney_City_and_Inner_South,Uni,,1,grid,26.812333049753367,13.687190333232452,44.916073511429914,28.179870554972194,29.460047499999998,29.60724118137723,0.57199999999999995,0.61699999999999999,0,2000
au,Sydney_City_and_Inner_South,LU,,1,grid,26.628311352299757,12.716875417666094,44.322162929950103,26.59661306131234,29.460047499999998,29.60724118137723,0.57199999999999995,0.61699999999999999,0,2000
au,Sydney_City_and_Inner_South,GNN,42,1,grid,23.501436779338746,13.635995095371797,37.763693133857835,24.235502352007646,29.460047499999998,29.60724118137723,0.57199999999999995,0.61699999999999999,0,2000
au,Sydney_City_and_Inner_South,GNN,123,1,grid,23.59458040133693,12.266433228033788,38.073385489950603,22.573191470683433,29.460047499999998,29.60724118137723,0.57199999999999995,0.61699999999999999,0,2000
au,Sydney_City_and_Inner_South,GNN,456,1,grid,22.734125995461504,12.788221620124128,36.192678060938121,22.651663623635368,29.460047499999998,29.60724118137723,0.57199999999999995,0.61699999999999999,0,2000
au,Sydney_City_and_Inner_South,Uni,,2,grid,44.962332373151831,32.015886633249885,70.090148270038185,53.108457418662333,107.7031391,107.14254490233847,0.14949999999999999,2.2014999999999998,1,2000
au,Sydney_City_and_Inner_South,LU,,2,grid,42.296407562957164,28.46709665766905,66.275854344078979,47.248765301023084,107.7031391,107.14254490233847,0.14949999999999999,2.2014999999999998,1,2000
au,Sydney_City_and_Inner_South,GNN,42,2,grid,40.668012305284037,31.286408475137346,55.485658428567277,44.146690433535973,107.7031391,107.14254490233847,0.14949999999999999,2.2014999999999998,1,2000
au,Sydney_City_and_Inner_South,GNN,123,2,grid,38.463896998979301,27.057941042375514,53.933948424844345,39.107282493883758,107.7031391,107.14254490233847,0.14949999999999999,2.2014999999999998,1,2000
au,Sydney_City_and_Inner_South,GNN,456,2,grid,37.252431376180368,28.111303114804571,50.433999598924864,38.996765029727236,107.7031391,107.14254490233847,0.14949999999999999,2.2014999999999998,1,2000
au,Sydney_City_and_Inner_South,Uni,,3,grid,51.564697580654851,42.30058265287915,73.137598289630219,58.910320365822045,213.23516975000001,210.43224366765571,0.0195,4.3244999999999996,3,2000
au,Sydney_City_and_Inner_South,LU,,3,grid,46.939765624297543,36.133509781505929,67.086426330464334,50.692678173106763,213.23516975000001,210.43224366765571,0.0195,4.3244999999999996,3,2000
au,Sydney_City_and_Inner_South,GNN,42,3,grid,46.670559714243495,38.383243116958795,61.824495055427207,49.399634416538113,213.23516975000001,210.43224366765571,0.0195,4.3244999999999996,3,2000
au,Sydney_City_and_Inner_South,GNN,123,3,grid,42.721201286950077,33.01398743632091,57.931994769159139,43.136902019297644,213.23516975000001,210.43224366765571,0.0195,4.3244999999999996,3,2000
au,Sydney_City_and_Inner_South,GNN,456,3,grid,42.39394725931561,34.121288985119847,56.724601443940962,43.166794239352541,213.23516975000001,210.43224366765571,0.0195,4.3244999999999996,3,2000
au,Sydney_City_and_Inner_South,Uni,,5,grid,69.578716842513828,51.715425330568948,94.034923622499036,68.849844368680195,431.98758105000002,431.56937004747863,0,8.7400000000000002,7,2000
au,Sydney_City_and_Inner_South,LU,,5,grid,63.345782805909685,43.689485235129119,86.082561472199231,58.725954016024957,431.98758105000002,431.56937004747863,0,8.7400000000000002,7,2000
au,Sydney_City_and_Inner_South,GNN,42,5,grid,57.40081697529132,39.902216341782506,73.919568689487676,52.078563940869309,431.98758105000002,431.56937004747863,0,8.7400000000000002,7,2000
au,Sydney_City_and_Inner_South,GNN,123,5,grid,54.277635081909949,35.67745280131254,71.367097066199847,46.898137850798072,431.98758105000002,431.56937004747863,0,8.7400000000000002,7,2000
au,Sydney_City_and_Inner_South,GNN,456,5,grid,51.230518845670709,34.490410017710261,65.91239795647715,43.860030573069039,431.98758105000002,431.56937004747863,0,8.7400000000000002,7,2000
au,Sydney_City_and_Inner_South,Uni,,7.5,grid,49.306246567782388,35.971693209561828,79.037484987557647,56.990550219411581,675.05693684999994,677.25770919163597,0,13.526999999999999,16,2000
au,Sydney_City_and_Inner_South,LU,,7.5,grid,45.611292542735868,31.146947072680739,72.692377432811398,49.138567803315219,675.05693684999994,677.25770919163597,0,13.526999999999999,16,2000
au,Sydney_City_and_Inner_South,GNN,42,7.5,grid,40.441108179584106,28.1334385763037,60.108488178929385,40.063455856883152,675.05693684999994,677.25770919163597,0,13.526999999999999,16,2000
au,Sydney_City_and_Inner_South,GNN,123,7.5,grid,38.654685713446959,24.954924809344586,58.673458387233232,36.597961341392278,675.05693684999994,677.25770919163597,0,13.526999999999999,16,2000
au,Sydney_City_and_Inner_South,GNN,456,7.5,grid,37.496634981167226,26.004001404385892,55.060688632061805,35.401671940284025,675.05693684999994,677.25770919163597,0,13.526999999999999,16,2000
au,Sydney_City_and_Inner_South,Uni,,10,grid,15.945031549461715,10.880164760260543,40.185846719246854,29.764521784750539,814.54736010000022,814.58318554051186,0,16.295500000000001,17,2000
au,Sydney_City_and_Inner_South,LU,,10,grid,14.90693504896117,9.8249450085412882,36.777352476515027,25.87798335155729,814.54736010000022,814.58318554051186,0,16.295500000000001,17,2000
au,Sydney_City_and_Inner_South,GNN,42,10,grid,12.518908764554881,8.7223629514357306,30.788596891280253,20.695709802067682,814.54736010000022,814.58318554051186,0,16.295500000000001,17,2000
au,Sydney_City_and_Inner_South,GNN,123,10,grid,12.551471692360245,8.1949778472213062,30.365500862028004,19.905697873770372,814.54736010000022,814.58318554051186,0,16.295500000000001,17,2000
au,Sydney_City_and_Inner_South,GNN,456,10,grid,12.267728503310325,8.7596169874103094,28.740866934493482,19.30207772849192,814.54736010000022,814.58318554051186,0,16.295500000000001,17,2000
au,Sydney_City_and_Inner_South,Uni,,15,grid,3.4106051316484809e-13,2.2737367544323206e-13,3.4106051316484809e-13,2.2737367544323206e-13,853.1962000000002,853.1962000000002,0,17,17,2000
au,Sydney_City_and_Inner_South,LU,,15,grid,1.1368683772161603e-13,0,1.1368683772161603e-13,0,853.1962000000002,853.1962000000002,0,17,17,2000
au,Sydney_City_and_Inner_South,GNN,42,15,grid,2.2737367544323206e-13,1.1368683772161603e-13,2.2737367544323206e-13,1.1368683772161603e-13,853.1962000000002,853.1962000000002,0,17,17,2000
au,Sydney_City_and_Inner_South,GNN,123,15,grid,0,1.1368683772161603e-13,0,1.1368683772161603e-13,853.1962000000002,853.1962000000002,0,17,17,2000
au,Sydney_City_and_Inner_South,GNN,456,15,grid,2.2737367544323206e-13,1.1368683772161603e-13,2.2737367544323206e-13,1.1368683772161603e-13,853.1962000000002,853.1962000000002,0,17,17,2000
au,Sydney_City_and_Inner_South,Uni,,20,grid,3.4106051316484809e-13,2.2737367544323206e-13,3.4106051316484809e-13,2.2737367544323206e-13,853.1962000000002,853.1962000000002,0,17,17,2000
au,Sydney_City_and_Inner_South,LU,,20,grid,1.1368683772161603e-13,0,1.1368683772161603e-13,0,853.1962000000002,853.1962000000002,0,17,17,2000
au,Sydney_City_and_Inner_South,GNN,42,20,grid,2.2737367544323206e-13,1.1368683772161603e-13,2.2737367544323206e-13,1.1368683772161603e-13,853.1962000000002,853.1962000000002,0,17,17,2000
au,Sydney_City_and_Inner_South,GNN,123,20,grid,0,1.1368683772161603e-13,0,1.1368683772161603e-13,853.1962000000002,853.1962000000002,0,17,17,2000
au,Sydney_City_and_Inner_South,GNN,456,20,grid,2.2737367544323206e-13,1.1368683772161603e-13,2.2737367544323206e-13,1.1368683772161603e-13,853.1962000000002,853.1962000000002,0,17,17,2000
au,Sydney_Eastern_Suburbs,Uni,,1,grid,16.212018694559738,4.0252043400406654,18.494397121826825,4.9370550408431688,13.078759149999998,14.109443130106124,0.67000000000000004,0.33250000000000002,0,2000
au,Sydney_Eastern_Suburbs,LU,,1,grid,16.606040353996562,3.8637102129704672,18.821003484753945,4.7538248861988164,13.078759149999998,14.109443130106124,0.67000000000000004,0.33250000000000002,0,2000
au,Sydney_Eastern_Suburbs,GNN,42,1,grid,19.802529994284704,10.183602273197547,23.504797587055474,12.092880808804923,13.078759149999998,14.109443130106124,0.67000000000000004,0.33250000000000002,0,2000
au,Sydney_Eastern_Suburbs,GNN,123,1,grid,20.116649115666458,10.386217535628287,24.53283615686756,12.556392483571248,13.078759149999998,14.109443130106124,0.67000000000000004,0.33250000000000002,0,2000
au,Sydney_Eastern_Suburbs,GNN,456,1,grid,18.930794832416471,11.93730091193386,25.309416396042124,16.991293052541899,13.078759149999998,14.109443130106124,0.67000000000000004,0.33250000000000002,0,2000
au,Sydney_Eastern_Suburbs,Uni,,2,grid,23.759945897765597,9.1401195418535206,28.094081144552547,10.846758008664153,51.221043250000001,48.945451251304092,0.1855,1.2765,1,2000
au,Sydney_Eastern_Suburbs,LU,,2,grid,24.04647608800795,8.093573443136016,28.597782717044314,9.8386913442812585,51.221043250000001,48.945451251304092,0.1855,1.2765,1,2000
au,Sydney_Eastern_Suburbs,GNN,42,2,grid,38.609402165219691,26.41578718597038,44.913635418413442,29.278840676531772,51.221043250000001,48.945451251304092,0.1855,1.2765,1,2000
au,Sydney_Eastern_Suburbs,GNN,123,2,grid,37.078239459212867,24.177609719874898,45.128908822438994,27.766159179891311,51.221043250000001,48.945451251304092,0.1855,1.2765,1,2000
au,Sydney_Eastern_Suburbs,GNN,456,2,grid,40.113006407670383,31.308132107177748,48.096321130866862,34.444553280601546,51.221043250000001,48.945451251304092,0.1855,1.2765,1,2000
au,Sydney_Eastern_Suburbs,Uni,,3,grid,23.244354239268603,13.647991239062579,28.317972796023188,15.493247372935523,102.39496734999999,94.930113562307426,0.0385,2.5129999999999999,3,2000
au,Sydney_Eastern_Suburbs,LU,,3,grid,22.510537808812938,11.880788400305594,27.72236705594646,13.284864651298575,102.39496734999999,94.930113562307426,0.0385,2.5129999999999999,3,2000
au,Sydney_Eastern_Suburbs,GNN,42,3,grid,42.222758924750785,33.458069403210658,49.3014412220178,38.074286045716093,102.39496734999999,94.930113562307426,0.0385,2.5129999999999999,3,2000
au,Sydney_Eastern_Suburbs,GNN,123,3,grid,37.718573184271705,27.368304584480391,45.379149427005572,31.123272026064413,102.39496734999999,94.930113562307426,0.0385,2.5129999999999999,3,2000
au,Sydney_Eastern_Suburbs,GNN,456,3,grid,45.815599297615499,37.42567663217978,52.557193135595021,43.153674739494626,102.39496734999999,94.930113562307426,0.0385,2.5129999999999999,3,2000
au,Sydney_Eastern_Suburbs,Uni,,5,grid,29.271959390705899,18.313054582701678,36.239170561574532,20.436547160264407,194.64628100000002,182.99377369741285,0,4.7389999999999999,5,2000
au,Sydney_Eastern_Suburbs,LU,,5,grid,28.09592626696065,16.623186631276834,34.482375827791103,18.54679480619863,194.64628100000002,182.99377369741285,0,4.7389999999999999,5,2000
au,Sydney_Eastern_Suburbs,GNN,42,5,grid,44.19968865218371,36.089723274789876,53.27786831746193,40.705257977936348,194.64628100000002,182.99377369741285,0,4.7389999999999999,5,2000
au,Sydney_Eastern_Suburbs,GNN,123,5,grid,35.281660177549199,23.453027292611388,42.345802011356525,28.177882333127798,194.64628100000002,182.99377369741285,0,4.7389999999999999,5,2000
au,Sydney_Eastern_Suburbs,GNN,456,5,grid,43.538123021295469,37.127177368326308,51.79105578707162,42.435734370139606,194.64628100000002,182.99377369741285,0,4.7389999999999999,5,2000
au,Sydney_Eastern_Suburbs,Uni,,7.5,grid,22.923318756057704,8.1421256605536332,25.574593581441551,9.0370069344143644,263.13422190000006,252.42680037498712,0,6.4930000000000003,8,2000
au,Sydney_Eastern_Suburbs,LU,,7.5,grid,22.905020092087835,7.6797307437077471,25.445413470895705,8.4841580531549923,263.13422190000006,252.42680037498712,0,6.4930000000000003,8,2000
au,Sydney_Eastern_Suburbs,GNN,42,7.5,grid,33.568920254884084,21.196878845749975,38.822796915720851,26.917278865277723,263.13422190000006,252.42680037498712,0,6.4930000000000003,8,2000
au,Sydney_Eastern_Suburbs,GNN,123,7.5,grid,31.742371625472735,17.68412471223975,35.731266289941679,22.161934866141774,263.13422190000006,252.42680037498712,0,6.4930000000000003,8,2000
au,Sydney_Eastern_Suburbs,GNN,456,7.5,grid,31.854205001102681,25.752385550666631,39.393631196335427,30.762054296300327,263.13422190000006,252.42680037498712,0,6.4930000000000003,8,2000
au,Sydney_Eastern_Suburbs,Uni,,10,grid,11.697235977255461,3.5263804943910548,17.813576920628218,4.9460932409082465,299.59255450000006,294.93594463119109,0,7.4420000000000002,8,2000
au,Sydney_Eastern_Suburbs,LU,,10,grid,11.937077345693636,3.3629622536029751,17.715394326345535,4.4446269657030317,299.59255450000006,294.93594463119109,0,7.4420000000000002,8,2000
au,Sydney_Eastern_Suburbs,GNN,42,10,grid,13.448341125650201,5.8823875835211661,18.614882579194379,8.1629162530999277,299.59255450000006,294.93594463119109,0,7.4420000000000002,8,2000
au,Sydney_Eastern_Suburbs,GNN,123,10,grid,14.281443601171629,6.7970900846035072,19.764861798027717,9.4334840195383194,299.59255450000006,294.93594463119109,0,7.4420000000000002,8,2000
au,Sydney_Eastern_Suburbs,GNN,456,10,grid,12.92762157432843,10.307057842704445,23.814385983375363,17.112505741855735,299.59255450000006,294.93594463119109,0,7.4420000000000002,8,2000
au,Sydney_Eastern_Suburbs,Uni,,15,grid,1.5016563438012045,0.4568283587732716,4.6628040528860897,1.4185784837207622,321.71370000000013,320.66758852590692,0,8,8,2000
au,Sydney_Eastern_Suburbs,LU,,15,grid,1.6360415834036119,0.59084975584966803,4.8002987027783899,1.5857065977456737,321.71370000000013,320.66758852590692,0,8,8,2000
au,Sydney_Eastern_Suburbs,GNN,42,15,grid,1.7371856998809712,0.69497238302729847,4.5492928186284871,1.8068093422217497,321.71370000000013,320.66758852590692,0,8,8,2000
au,Sydney_Eastern_Suburbs,GNN,123,15,grid,1.8844451623996323,0.84032378945513719,4.8501086282598127,2.1226736669813309,321.71370000000013,320.66758852590692,0,8,8,2000
au,Sydney_Eastern_Suburbs,GNN,456,15,grid,0.7793768508920903,0.40574686788555847,2.0519900139486627,1.4249975777601871,321.71370000000013,320.66758852590692,0,8,8,2000
au,Sydney_Eastern_Suburbs,Uni,,20,grid,1.1368683772161603e-13,1.1368683772161603e-13,1.1368683772161603e-13,1.1368683772161603e-13,321.71370000000013,321.71370000000013,0,8,8,2000
au,Sydney_Eastern_Suburbs,LU,,20,grid,0,0,0,0,321.71370000000013,321.71370000000013,0,8,8,2000
au,Sydney_Eastern_Suburbs,GNN,42,20,grid,0,0,0,0,321.71370000000013,321.71370000000013,0,8,8,2000
au,Sydney_Eastern_Suburbs,GNN,123,20,grid,0,0,0,0,321.71370000000013,321.71370000000013,0,8,8,2000
au,Sydney_Eastern_Suburbs,GNN,456,20,grid,0,0,0,0,321.71370000000013,321.71370000000013,0,8,8,2000
au,Sydney_Inner_South_West,Uni,,1,grid,15.9244414759149,3.3097972391826378,19.533213445295448,4.6108623429599325,11.665793499999999,11.078641508154124,0.70999999999999996,0.29349999999999998,0,2000
au,Sydney_Inner_South_West,LU,,1,grid,15.951421538370541,3.3221399239473128,19.573864987903281,4.6454012930411848,11.665793499999999,11.078641508154124,0.70999999999999996,0.29349999999999998,0,2000
au,Sydney_Inner_South_West,GNN,42,1,grid,16.201440548336208,8.0048172040072263,21.90150407406658,11.219872919442466,11.665793499999999,11.078641508154124,0.70999999999999996,0.29349999999999998,0,2000
au,Sydney_Inner_South_West,GNN,123,1,grid,15.701742730794368,7.7035175365794295,21.30400530089052,10.663706767110986,11.665793499999999,11.078641508154124,0.70999999999999996,0.29349999999999998,0,2000
au,Sydney_Inner_South_West,GNN,456,1,grid,16.172864240607165,7.0011139638071693,21.287867486281147,9.9590910456747181,11.665793499999999,11.078641508154124,0.70999999999999996,0.29349999999999998,0,2000
au,Sydney_Inner_South_West,Uni,,2,grid,24.30783761238682,8.9697284682686291,30.310061529819134,11.690764244595849,42.895041799999994,41.060607091090304,0.2225,1.0785,1,2000
au,Sydney_Inner_South_West,LU,,2,grid,24.410681678090935,8.9900781835533898,30.394745935159197,11.622995769286801,42.895041799999994,41.060607091090304,0.2225,1.0785,1,2000
au,Sydney_Inner_South_West,GNN,42,2,grid,29.641609527227367,17.407335104168293,36.678236322445031,24.797051277619076,42.895041799999994,41.060607091090304,0.2225,1.0785,1,2000
au,Sydney_Inner_South_West,GNN,123,2,grid,27.523769316962259,17.429297880252207,33.894275023331843,22.525685379153714,42.895041799999994,41.060607091090304,0.2225,1.0785,1,2000
au,Sydney_Inner_South_West,GNN,456,2,grid,27.692727171977481,15.104968061213773,34.81123638969698,21.941478202323704,42.895041799999994,41.060607091090304,0.2225,1.0785,1,2000
au,Sydney_Inner_South_West,Uni,,3,grid,25.376599924558249,13.363516544273287,32.169299733078347,17.192542340520106,91.11880794999999,86.237529423597266,0.028000000000000001,2.2919999999999998,2,2000
au,Sydney_Inner_South_West,LU,,3,grid,25.24970602959521,13.348901478978972,32.030864038101512,17.082659342676116,91.11880794999999,86.237529423597266,0.028000000000000001,2.2919999999999998,2,2000
au,Sydney_Inner_South_West,GNN,42,3,grid,34.927283126882024,26.032984055356049,44.150938213262208,32.501003465416268,91.11880794999999,86.237529423597266,0.028000000000000001,2.2919999999999998,2,2000
au,Sydney_Inner_South_West,GNN,123,3,grid,31.440864249631844,24.161977820453515,39.927617673213064,29.376754780630442,91.11880794999999,86.237529423597266,0.028000000000000001,2.2919999999999998,2,2000
au,Sydney_Inner_South_West,GNN,456,3,grid,33.134655312995996,22.683424201762531,42.099620791313619,29.516085914158289,91.11880794999999,86.237529423597266,0.028000000000000001,2.2919999999999998,2,2000
au,Sydney_Inner_South_West,Uni,,5,grid,32.263124859365973,14.558258004274746,39.786684121984614,20.022915839518735,213.55840840000002,204.89465370100203,0,5.3724999999999996,6,2000
au,Sydney_Inner_South_West,LU,,5,grid,32.268767053279753,14.69184999185391,39.848382262648336,20.194550030522745,213.55840840000002,204.89465370100203,0,5.3724999999999996,6,2000
au,Sydney_Inner_South_West,GNN,42,5,grid,45.279771774029562,33.881883173125523,54.137702549853365,38.769749397754865,213.55840840000002,204.89465370100203,0,5.3724999999999996,6,2000
au,Sydney_Inner_South_West,GNN,123,5,grid,37.635529416481141,26.828672506631076,46.342810020662533,32.617392760425844,213.55840840000002,204.89465370100203,0,5.3724999999999996,6,2000
au,Sydney_Inner_South_West,GNN,456,5,grid,42.403856765050193,29.744267482571257,50.696664269414107,34.115146369048531,213.55840840000002,204.89465370100203,0,5.3724999999999996,6,2000
au,Sydney_Inner_South_West,Uni,,7.5,grid,27.11950960002024,10.512208690479895,35.155879448218919,14.150357117022244,377.98237870000003,366.52207017685333,0,9.4369999999999994,9,2000
au,Sydney_Inner_South_West,LU,,7.5,grid,27.286012910787189,10.867650766870396,35.38085496866919,14.62775746402612,377.98237870000003,366.52207017685333,0,9.4369999999999994,9,2000
au,Sydney_Inner_South_West,GNN,42,7.5,grid,39.867549181917802,25.731920448105196,51.961847442584265,35.155838048883091,377.98237870000003,366.52207017685333,0,9.4369999999999994,9,2000
au,Sydney_Inner_South_West,GNN,123,7.5,grid,33.31577328236412,22.159517215240314,42.968497117599931,28.432709802561888,377.98237870000003,366.52207017685333,0,9.4369999999999994,9,2000
au,Sydney_Inner_South_West,GNN,456,7.5,grid,36.23040154711039,21.729020662113658,46.356352944194384,29.011124668352295,377.98237870000003,366.52207017685333,0,9.4369999999999994,9,2000
au,Sydney_Inner_South_West,Uni,,10,grid,20.034199706602998,7.3290265609166116,26.106106577431827,10.989422062948931,500.84925245000005,498.06574058214107,0,12.464,12,2000
au,Sydney_Inner_South_West,LU,,10,grid,20.155094825049542,7.4179704293243205,26.253610439445477,11.195466216994113,500.84925245000005,498.06574058214107,0,12.464,12,2000
au,Sydney_Inner_South_West,GNN,42,10,grid,30.309259330502194,24.021227431126746,39.705456262416732,30.69767403051338,500.84925245000005,498.06574058214107,0,12.464,12,2000
au,Sydney_Inner_South_West,GNN,123,10,grid,24.636991577565027,16.435301290208496,32.361520827096435,21.806116179561208,500.84925245000005,498.06574058214107,0,12.464,12,2000
au,Sydney_Inner_South_West,GNN,456,10,grid,26.74536271504471,19.666757611534347,35.496322043188805,25.421961165474176,500.84925245000005,498.06574058214107,0,12.464,12,2000
au,Sydney_Inner_South_West,Uni,,15,grid,6.4347421320646943,1.1640517721474377,14.096932162959819,2.9503453343733317,626.54848655000012,623.84513812647037,0,15.653499999999999,16,2000
au,Sydney_Inner_South_West,LU,,15,grid,6.4172907873161309,1.100785190407048,13.990065568067527,2.6635497800255354,626.54848655000012,623.84513812647037,0,15.653499999999999,16,2000
au,Sydney_Inner_South_West,GNN,42,15,grid,12.913277443770188,10.66363909426661,27.38984724466027,22.519305549338199,626.54848655000012,623.84513812647037,0,15.653499999999999,16,2000
au,Sydney_Inner_South_West,GNN,123,15,grid,9.5454581298243326,7.4924721408364112,21.265697803909202,16.076204841377542,626.54848655000012,623.84513812647037,0,15.653499999999999,16,2000
au,Sydney_Inner_South_West,GNN,456,15,grid,10.638664172500976,8.326921484518472,23.931755902324923,17.770055794773114,626.54848655000012,623.84513812647037,0,15.653499999999999,16,2000
au,Sydney_Inner_South_West,Uni,,20,grid,0.0004606708994419364,0.00011154992959723132,0.0089908903039100825,0.0021969904871343726,638.53870000000018,638.53815285339124,0,16,16,2000
au,Sydney_Inner_South_West,LU,,20,grid,0.00047019115823479751,0.00010438373123230349,0.0091636971138598193,0.0020542614255044025,638.53870000000018,638.53815285339124,0,16,16,2000
au,Sydney_Inner_South_West,GNN,42,20,grid,0.00074749359569636908,0.00038095894794929565,0.01513053655784106,0.01078000763559064,638.53870000000018,638.53815285339124,0,16,16,2000
au,Sydney_Inner_South_West,GNN,123,20,grid,0.00097578848773531492,0.00043938358230309404,0.017180480545542987,0.0086520428541510801,638.53870000000018,638.53815285339124,0,16,16,2000
au,Sydney_Inner_South_West,GNN,456,20,grid,0.0011310647631317466,0.00059465985769952565,0.019961548499285164,0.011266737487699675,638.53870000000018,638.53815285339124,0,16,16,2000
au,Sydney_Inner_West,Uni,,1,grid,16.151825034635117,3.0362342781947582,19.410845694271256,3.9271942484635591,13.666847750000001,11.896630453243247,0.66749999999999998,0.33250000000000002,0,2000
au,Sydney_Inner_West,LU,,1,grid,16.177185732187837,2.9906224274346989,19.435966021989788,3.8666845214852397,13.666847750000001,11.896630453243247,0.66749999999999998,0.33250000000000002,0,2000
au,Sydney_Inner_West,GNN,42,1,grid,15.360263095536313,6.3712437895822811,20.563866174142444,7.8613237329444976,13.666847750000001,11.896630453243247,0.66749999999999998,0.33250000000000002,0,2000
au,Sydney_Inner_West,GNN,123,1,grid,15.414554581735739,6.3309575269629859,20.693555686558057,7.6579564568672058,13.666847750000001,11.896630453243247,0.66749999999999998,0.33250000000000002,0,2000
au,Sydney_Inner_West,GNN,456,1,grid,15.513376548396804,6.3663433021641964,20.852460830478542,8.0307904054385659,13.666847750000001,11.896630453243247,0.66749999999999998,0.33250000000000002,0,2000
au,Sydney_Inner_West,Uni,,2,grid,19.340353183617765,8.3251612965841311,24.154964147776489,10.188411058513767,45.381639249999992,42.448008421184838,0.17299999999999999,1.0934999999999999,1,2000
au,Sydney_Inner_West,LU,,2,grid,19.293165345104565,8.1794808317934695,24.101813711670058,10.02985818651881,45.381639249999992,42.448008421184838,0.17299999999999999,1.0934999999999999,1,2000
au,Sydney_Inner_West,GNN,42,2,grid,22.620806439380541,12.583936715008662,26.864266236844099,15.285523504852121,45.381639249999992,42.448008421184838,0.17299999999999999,1.0934999999999999,1,2000
au,Sydney_Inner_West,GNN,123,2,grid,23.04296244076497,12.133058565831208,27.573422726263782,15.112933468978166,45.381639249999992,42.448008421184838,0.17299999999999999,1.0934999999999999,1,2000
au,Sydney_Inner_West,GNN,456,2,grid,22.656067472123862,11.973151174540309,26.946287441444465,14.671966092301302,45.381639249999992,42.448008421184838,0.17299999999999999,1.0934999999999999,1,2000
au,Sydney_Inner_West,Uni,,3,grid,24.302284706318254,12.183914704786035,30.409041067781931,14.582894811549773,89.946279799999985,85.335287232312595,0.036499999999999998,2.1675,2,2000
au,Sydney_Inner_West,LU,,3,grid,24.21539173192506,12.016557083458508,30.325037737453485,14.435533419441871,89.946279799999985,85.335287232312595,0.036499999999999998,2.1675,2,2000
au,Sydney_Inner_West,GNN,42,3,grid,28.962734450105618,18.873005306173685,35.886658179034207,22.184016484900493,89.946279799999985,85.335287232312595,0.036499999999999998,2.1675,2,2000
au,Sydney_Inner_West,GNN,123,3,grid,30.055014842168163,18.85391181951524,36.965014383576111,22.47293368663615,89.946279799999985,85.335287232312595,0.036499999999999998,2.1675,2,2000
au,Sydney_Inner_West,GNN,456,3,grid,28.163188652447928,16.595622378460185,34.59817678690419,19.85989681107041,89.946279799999985,85.335287232312595,0.036499999999999998,2.1675,2,2000
au,Sydney_Inner_West,Uni,,5,grid,24.299379865514567,11.0209101047917,30.778601054401136,13.725823821072693,189.64964144999999,177.66152975832554,0,4.6050000000000004,5,2000
au,Sydney_Inner_West,LU,,5,grid,24.227928797517819,10.988451495385501,30.671172045357125,13.672660805094674,189.64964144999999,177.66152975832554,0,4.6050000000000004,5,2000
au,Sydney_Inner_West,GNN,42,5,grid,39.698717928970829,27.528967703128234,48.178468064792668,31.607885743742063,189.64964144999999,177.66152975832554,0,4.6050000000000004,5,2000
au,Sydney_Inner_West,GNN,123,5,grid,40.804352221500949,28.386051563865504,49.761882331194869,33.109326421383301,189.64964144999999,177.66152975832554,0,4.6050000000000004,5,2000
au,Sydney_Inner_West,GNN,456,5,grid,37.807729973581417,25.124517844332285,46.46085013309542,29.405379862422375,189.64964144999999,177.66152975832554,0,4.6050000000000004,5,2000
au,Sydney_Inner_West,Uni,,7.5,grid,12.466188506411894,3.473575649359796,16.678237577741633,5.3253847669194592,265.64631540000005,257.83385261372177,0,6.4649999999999999,7,2000
au,Sydney_Inner_West,LU,,7.5,grid,12.522454558910807,3.6139545080592406,16.762731842052958,5.4837099980323227,265.64631540000005,257.83385261372177,0,6.4649999999999999,7,2000
au,Sydney_Inner_West,GNN,42,7.5,grid,22.775613611637564,15.624252069736809,31.127015773653294,24.143130224833822,265.64631540000005,257.83385261372177,0,6.4649999999999999,7,2000
au,Sydney_Inner_West,GNN,123,7.5,grid,24.034776248031623,16.79616579991405,32.773421957017774,25.959911573525556,265.64631540000005,257.83385261372177,0,6.4649999999999999,7,2000
au,Sydney_Inner_West,GNN,456,7.5,grid,22.890063754724544,15.618419120827257,31.09529089716057,23.822079531546361,265.64631540000005,257.83385261372177,0,6.4649999999999999,7,2000
au,Sydney_Inner_West,Uni,,10,grid,2.0476224131643237,0.47688577614693611,4.5350023777862738,1.4281888181955948,283.96518610000004,282.51190777718068,0,6.9630000000000001,7,2000
au,Sydney_Inner_West,LU,,10,grid,2.057336504498851,0.53992275848705962,4.6096417348454723,1.661055464075873,283.96518610000004,282.51190777718068,0,6.9630000000000001,7,2000
au,Sydney_Inner_West,GNN,42,10,grid,2.8926208792490882,1.7503247271800151,7.121893713476938,5.072149607759985,283.96518610000004,282.51190777718068,0,6.9630000000000001,7,2000
au,Sydney_Inner_West,GNN,123,10,grid,3.1100299696515474,1.9415931409470268,7.6977735861974494,5.7181765696195361,283.96518610000004,282.51190777718068,0,6.9630000000000001,7,2000
au,Sydney_Inner_West,GNN,456,10,grid,2.8881865535779925,1.7500686289236529,7.0869651715251747,4.974856405864994,283.96518610000004,282.51190777718068,0,6.9630000000000001,7,2000
au,Sydney_Inner_West,Uni,,15,grid,5.6843418860808015e-14,5.6843418860808015e-14,5.6843418860808015e-14,5.6843418860808015e-14,285.05129999999997,285.05129999999997,0,7,7,2000
au,Sydney_Inner_West,LU,,15,grid,0,0,0,0,285.05129999999997,285.05129999999997,0,7,7,2000
au,Sydney_Inner_West,GNN,42,15,grid,0,0,0,0,285.05129999999997,285.05129999999997,0,7,7,2000
au,Sydney_Inner_West,GNN,123,15,grid,0,0,0,0,285.05129999999997,285.05129999999997,0,7,7,2000
au,Sydney_Inner_West,GNN,456,15,grid,0,0,0,0,285.05129999999997,285.05129999999997,0,7,7,2000
au,Sydney_Inner_West,Uni,,20,grid,5.6843418860808015e-14,5.6843418860808015e-14,5.6843418860808015e-14,5.6843418860808015e-14,285.05129999999997,285.05129999999997,0,7,7,2000
au,Sydney_Inner_West,LU,,20,grid,0,0,0,0,285.05129999999997,285.05129999999997,0,7,7,2000
au,Sydney_Inner_West,GNN,42,20,grid,0,0,0,0,285.05129999999997,285.05129999999997,0,7,7,2000
au,Sydney_Inner_West,GNN,123,20,grid,0,0,0,0,285.05129999999997,285.05129999999997,0,7,7,2000
au,Sydney_Inner_West,GNN,456,20,grid,0,0,0,0,285.05129999999997,285.05129999999997,0,7,7,2000
au,Sydney_North_Sydney_and_Hornsby,Uni,,1,grid,8.7148523384902568,1.7274658756475252,14.911782781855113,2.4768212013614206,6.35989805,5.637463173060171,0.86199999999999999,0.1545,0,2000
au,Sydney_North_Sydney_and_Hornsby,LU,,1,grid,8.6672920825731925,1.7162232508471833,14.838942275370318,2.4157234217863857,6.35989805,5.637463173060171,0.86199999999999999,0.1545,0,2000
au,Sydney_North_Sydney_and_Hornsby,GNN,42,1,grid,8.2908984763892555,3.3730182146961663,15.105503318700768,5.5129119455283133,6.35989805,5.637463173060171,0.86199999999999999,0.1545,0,2000
au,Sydney_North_Sydney_and_Hornsby,GNN,123,1,grid,8.2223906567937259,3.2972317065728438,14.943264420667147,5.123374875494104,6.35989805,5.637463173060171,0.86199999999999999,0.1545,0,2000
au,Sydney_North_Sydney_and_Hornsby,GNN,456,1,grid,8.0838854454037268,3.1550106897264683,14.656570355248594,5.0617178921453272,6.35989805,5.637463173060171,0.86199999999999999,0.1545,0,2000
au,Sydney_North_Sydney_and_Hornsby,Uni,,2,grid,16.606396810798692,4.4404011966426848,23.28912879177809,6.0651780153495718,23.578842249999997,20.615595983896515,0.59399999999999997,0.58899999999999997,0,2000
au,Sydney_North_Sydney_and_Hornsby,LU,,2,grid,16.55073118698024,4.3368138451677991,23.136442062180304,5.8444993397486842,23.578842249999997,20.615595983896515,0.59399999999999997,0.58899999999999997,0,2000
au,Sydney_North_Sydney_and_Hornsby,GNN,42,2,grid,18.478905457396856,7.2399543821150179,24.861931974055061,10.994211278977746,23.578842249999997,20.615595983896515,0.59399999999999997,0.58899999999999997,0,2000
au,Sydney_North_Sydney_and_Hornsby,GNN,123,2,grid,18.207831434529517,7.512686570253595,24.783192882150416,10.661140409140261,23.578842249999997,20.615595983896515,0.59399999999999997,0.58899999999999997,0,2000
au,Sydney_North_Sydney_and_Hornsby,GNN,456,2,grid,18.007122627771938,7.46445801136292,24.425712471607735,10.565859252849037,23.578842249999997,20.615595983896515,0.59399999999999997,0.58899999999999997,0,2000
au,Sydney_North_Sydney_and_Hornsby,Uni,,3,grid,19.923069602595429,6.5847909438926822,26.314513874584058,8.4039470876780324,47.191975450000001,42.467354890570903,0.378,1.1904999999999999,1,2000
au,Sydney_North_Sydney_and_Hornsby,LU,,3,grid,19.908518779647697,6.4035161371562381,26.286932290421092,8.1286390958432282,47.191975450000001,42.467354890570903,0.378,1.1904999999999999,1,2000
au,Sydney_North_Sydney_and_Hornsby,GNN,42,3,grid,22.256507174573983,9.86839233696886,29.576975160627619,13.637357692498162,47.191975450000001,42.467354890570903,0.378,1.1904999999999999,1,2000
au,Sydney_North_Sydney_and_Hornsby,GNN,123,3,grid,22.143596540297427,9.863579549552238,29.208683549806352,13.22858058439701,47.191975450000001,42.467354890570903,0.378,1.1904999999999999,1,2000
au,Sydney_North_Sydney_and_Hornsby,GNN,456,3,grid,21.904959806289202,9.828941903281958,29.137841649585994,13.093449038145936,47.191975450000001,42.467354890570903,0.378,1.1904999999999999,1,2000
au,Sydney_North_Sydney_and_Hornsby,Uni,,5,grid,20.519995144519108,7.7113209312938329,27.934346173128674,9.1955539857470399,106.46490485000001,96.244059669366834,0.151,2.6875,2,2000
au,Sydney_North_Sydney_and_Hornsby,LU,,5,grid,20.814012453474461,7.5082700129035311,28.356712891119908,8.981705009837464,106.46490485000001,96.244059669366834,0.151,2.6875,2,2000
au,Sydney_North_Sydney_and_Hornsby,GNN,42,5,grid,26.712827521878285,12.047102078485542,36.084601598086515,15.991338586102488,106.46490485000001,96.244059669366834,0.151,2.6875,2,2000
au,Sydney_North_Sydney_and_Hornsby,GNN,123,5,grid,26.013998202761236,12.082386039500761,34.888963524197699,15.081870160338402,106.46490485000001,96.244059669366834,0.151,2.6875,2,2000
au,Sydney_North_Sydney_and_Hornsby,GNN,456,5,grid,26.292938512159424,12.107652663748654,35.449462956119433,15.195742623817589,106.46490485000001,96.244059669366834,0.151,2.6875,2,2000
au,Sydney_North_Sydney_and_Hornsby,Uni,,7.5,grid,19.287047687694116,6.4534590055000836,26.44046806179972,8.8284307299561391,171.95463945,163.4132522379947,0.070000000000000007,4.3494999999999999,4,2000
au,Sydney_North_Sydney_and_Hornsby,LU,,7.5,grid,19.51966785364182,6.4613831707557212,26.790617903455146,8.9338942765993217,171.95463945,163.4132522379947,0.070000000000000007,4.3494999999999999,4,2000
au,Sydney_North_Sydney_and_Hornsby,GNN,42,7.5,grid,26.282539593577347,12.856640178494414,33.36937517962744,16.095223370754539,171.95463945,163.4132522379947,0.070000000000000007,4.3494999999999999,4,2000
au,Sydney_North_Sydney_and_Hornsby,GNN,123,7.5,grid,26.930287579394985,13.735591271178334,33.387531598204014,16.86142463330269,171.95463945,163.4132522379947,0.070000000000000007,4.3494999999999999,4,2000
au,Sydney_North_Sydney_and_Hornsby,GNN,456,7.5,grid,26.447695220193783,13.186449265291529,33.123465958380315,16.179784060626329,171.95463945,163.4132522379947,0.070000000000000007,4.3494999999999999,4,2000
au,Sydney_North_Sydney_and_Hornsby,Uni,,10,grid,18.714769953384437,6.4365648122505386,24.362030698474843,9.0077714350641429,227.24153559999996,220.910046483093,0.012,5.7794999999999996,6,2000
au,Sydney_North_Sydney_and_Hornsby,LU,,10,grid,18.932868866594092,6.3588904913680073,24.734693023016572,9.0649401916714645,227.24153559999996,220.910046483093,0.012,5.7794999999999996,6,2000
au,Sydney_North_Sydney_and_Hornsby,GNN,42,10,grid,26.282653237026228,12.058828149366141,31.639860215517981,15.577638888002911,227.24153559999996,220.910046483093,0.012,5.7794999999999996,6,2000
au,Sydney_North_Sydney_and_Hornsby,GNN,123,10,grid,26.676195463118571,13.118448455171732,31.580035898091474,16.480610381173047,227.24153559999996,220.910046483093,0.012,5.7794999999999996,6,2000
au,Sydney_North_Sydney_and_Hornsby,GNN,456,10,grid,26.196347335976011,12.474339901414096,31.351708501638544,16.125713636281521,227.24153559999996,220.910046483093,0.012,5.7794999999999996,6,2000
au,Sydney_North_Sydney_and_Hornsby,Uni,,15,grid,19.269569869767693,7.0148040214056726,23.420120195175382,8.9316697661818889,333.18161299999997,326.70701991155977,0,8.4199999999999999,10,2000
au,Sydney_North_Sydney_and_Hornsby,LU,,15,grid,19.545643443360145,6.8800322099940558,23.887286469534722,8.8458557151576382,333.18161299999997,326.70701991155977,0,8.4199999999999999,10,2000
au,Sydney_North_Sydney_and_Hornsby,GNN,42,15,grid,25.302317277864148,10.534658082135469,30.059981513007887,12.63375261635559,333.18161299999997,326.70701991155977,0,8.4199999999999999,10,2000
au,Sydney_North_Sydney_and_Hornsby,GNN,123,15,grid,25.123514380904314,10.434711163444518,29.362555726671445,12.669477595780148,333.18161299999997,326.70701991155977,0,8.4199999999999999,10,2000
au,Sydney_North_Sydney_and_Hornsby,GNN,456,15,grid,25.322602210773596,10.810632605523848,30.176269749518937,12.994336178862815,333.18161299999997,326.70701991155977,0,8.4199999999999999,10,2000
au,Sydney_North_Sydney_and_Hornsby,Uni,,20,grid,13.920075204917108,6.458010124874181,19.162494975402431,9.1751679805837316,424.32364964999999,416.41506166906703,0,10.624499999999999,12,2000
au,Sydney_North_Sydney_and_Hornsby,LU,,20,grid,14.141589857323433,6.6517708533905484,19.525216131554689,9.4617140305066414,424.32364964999999,416.41506166906703,0,10.624499999999999,12,2000
au,Sydney_North_Sydney_and_Hornsby,GNN,42,20,grid,17.50239979627035,8.7820120670037181,21.875002788616072,11.775547594866932,424.32364964999999,416.41506166906703,0,10.624499999999999,12,2000
au,Sydney_North_Sydney_and_Hornsby,GNN,123,20,grid,17.84055369538364,9.2006118504121108,21.621167575329867,12.023957281035264,424.32364964999999,416.41506166906703,0,10.624499999999999,12,2000
au,Sydney_North_Sydney_and_Hornsby,GNN,456,20,grid,17.268243105107409,8.8659837494459399,21.329814211372359,11.545696198232733,424.32364964999999,416.41506166906703,0,10.624499999999999,12,2000
au,Sydney_Northern_Beaches,Uni,,1,grid,4.7024631265731829,2.0809494075191028,7.7512302381873885,2.6388668453587303,3.6057853500000001,3.3055701571113465,0.83250000000000002,0.16800000000000001,0,2000
au,Sydney_Northern_Beaches,LU,,1,grid,4.6756406797171497,2.0437204913718885,7.6899335626279823,2.5630871925248653,3.6057853500000001,3.3055701571113465,0.83250000000000002,0.16800000000000001,0,2000
au,Sydney_Northern_Beaches,GNN,42,1,grid,5.7631323248861497,4.7268137148567595,12.857269277559972,10.696495388594643,3.6057853500000001,3.3055701571113465,0.83250000000000002,0.16800000000000001,0,2000
au,Sydney_Northern_Beaches,GNN,123,1,grid,4.8781997749465482,2.7947308522229388,8.4313020334322584,4.1138564559262747,3.6057853500000001,3.3055701571113465,0.83250000000000002,0.16800000000000001,0,2000
au,Sydney_Northern_Beaches,GNN,456,1,grid,5.1355733320996499,3.6050830450946076,9.8430427957442479,7.0861579339397958,3.6057853500000001,3.3055701571113465,0.83250000000000002,0.16800000000000001,0,2000
au,Sydney_Northern_Beaches,Uni,,2,grid,8.0173191557107462,6.1255263483529268,12.518186007833171,7.3017568273238602,13.1458133,12.095539720694564,0.53249999999999997,0.59799999999999998,0,2000
au,Sydney_Northern_Beaches,LU,,2,grid,7.9090909636130835,6.0064310020011185,12.342632069814812,7.1209035669935732,13.1458133,12.095539720694564,0.53249999999999997,0.59799999999999998,0,2000
au,Sydney_Northern_Beaches,GNN,42,2,grid,17.421585063712978,15.287599005768111,29.074628622254853,26.790604720565682,13.1458133,12.095539720694564,0.53249999999999997,0.59799999999999998,0,2000
au,Sydney_Northern_Beaches,GNN,123,2,grid,10.962071472784583,8.5589747149799908,15.913930881221605,11.45552157296885,13.1458133,12.095539720694564,0.53249999999999997,0.59799999999999998,0,2000
au,Sydney_Northern_Beaches,GNN,456,2,grid,13.271880980007921,11.56362605500224,20.964196785691065,18.604366964366136,13.1458133,12.095539720694564,0.53249999999999997,0.59799999999999998,0,2000
au,Sydney_Northern_Beaches,Uni,,3,grid,10.562489687228899,9.9129188265580552,14.919725580392035,11.390441051734557,26.596480349999997,25.433675124533615,0.33750000000000002,1.212,1,2000
au,Sydney_Northern_Beaches,LU,,3,grid,10.413650219675315,9.7853193452956315,14.697682772345267,11.235513730013308,26.596480349999997,25.433675124533615,0.33750000000000002,1.212,1,2000
au,Sydney_Northern_Beaches,GNN,42,3,grid,31.00839846878009,29.752616572021395,47.227553288070489,45.052401389071498,26.596480349999997,25.433675124533615,0.33750000000000002,1.212,1,2000
au,Sydney_Northern_Beaches,GNN,123,3,grid,16.667690177094457,15.624259909123928,22.861971673457088,20.007603798013935,26.596480349999997,25.433675124533615,0.33750000000000002,1.212,1,2000
au,Sydney_Northern_Beaches,GNN,456,3,grid,22.114383638467515,21.900720109369715,33.170830392071153,31.352249251589868,26.596480349999997,25.433675124533615,0.33750000000000002,1.212,1,2000
au,Sydney_Northern_Beaches,Uni,,5,grid,15.269290769299452,13.034353552462401,19.555524964770555,15.462982832667482,62.189268550000001,61.040266503799565,0.184,2.8654999999999999,3,2000
au,Sydney_Northern_Beaches,LU,,5,grid,15.13857589218955,12.996818817842893,19.428789644518609,15.377463617944008,62.189268550000001,61.040266503799565,0.184,2.8654999999999999,3,2000
au,Sydney_Northern_Beaches,GNN,42,5,grid,62.460070642157007,61.19754043512593,79.103926646873234,75.227419903592306,62.189268550000001,61.040266503799565,0.184,2.8654999999999999,3,2000
au,Sydney_Northern_Beaches,GNN,123,5,grid,29.50353825276375,28.182724350024639,37.153128968413107,33.083551430691365,62.189268550000001,61.040266503799565,0.184,2.8654999999999999,3,2000
au,Sydney_Northern_Beaches,GNN,456,5,grid,43.975637308576538,43.190095310737469,55.938489154401111,52.133654562914138,62.189268550000001,61.040266503799565,0.184,2.8654999999999999,3,2000
au,Sydney_Northern_Beaches,Uni,,7.5,grid,16.971710727681042,9.6084452632672672,21.227207956083269,11.36522169125862,114.21817725000001,113.48120990860367,0.049500000000000002,5.3019999999999996,5,2000
au,Sydney_Northern_Beaches,LU,,7.5,grid,16.89635474748609,9.5916659121031902,21.081752555058298,11.352425950993414,114.21817725000001,113.48120990860367,0.049500000000000002,5.3019999999999996,5,2000
au,Sydney_Northern_Beaches,GNN,42,7.5,grid,80.719032245930208,76.205320474306646,91.756698351139804,83.879694549398337,114.21817725000001,113.48120990860367,0.049500000000000002,5.3019999999999996,5,2000
au,Sydney_Northern_Beaches,GNN,123,7.5,grid,35.059167750363471,29.432461465300548,41.158049299428079,33.051684756261565,114.21817725000001,113.48120990860367,0.049500000000000002,5.3019999999999996,5,2000
au,Sydney_Northern_Beaches,GNN,456,7.5,grid,55.648204559450612,50.402345739156601,64.037267042144094,55.996738708912225,114.21817725000001,113.48120990860367,0.049500000000000002,5.3019999999999996,5,2000
au,Sydney_Northern_Beaches,Uni,,10,grid,14.361914479125343,7.7323681882644735,17.517754863717439,9.0641410315061055,166.56615800000003,164.29043730342059,0,7.7930000000000001,8.5,2000
au,Sydney_Northern_Beaches,LU,,10,grid,14.224460827212527,7.6200808944925074,17.36243860672236,8.8822866961546936,166.56615800000003,164.29043730342059,0,7.7930000000000001,8.5,2000
au,Sydney_Northern_Beaches,GNN,42,10,grid,63.576623036411675,62.3494505780967,78.611004685678978,71.753223637977683,166.56615800000003,164.29043730342059,0,7.7930000000000001,8.5,2000
au,Sydney_Northern_Beaches,GNN,123,10,grid,27.409431904693221,23.623278857911771,34.902482873193669,27.008296889526218,166.56615800000003,164.29043730342059,0,7.7930000000000001,8.5,2000
au,Sydney_Northern_Beaches,GNN,456,10,grid,43.873029080679629,40.743717904865377,55.263725190790367,47.93324203918727,166.56615800000003,164.29043730342059,0,7.7930000000000001,8.5,2000
au,Sydney_Northern_Beaches,Uni,,15,grid,7.9069544264592393,5.6780135172732873,10.895949820146861,7.3219653806343556,248.52359185000003,243.56643671350858,0,11.692,13,2000
au,Sydney_Northern_Beaches,LU,,15,grid,7.737706951321675,5.5692543983753744,10.693700671084525,7.2292173967740769,248.52359185000003,243.56643671350858,0,11.692,13,2000
au,Sydney_Northern_Beaches,GNN,42,15,grid,21.70468804465488,23.498913548356018,33.577766937936822,34.365755803639232,248.52359185000003,243.56643671350858,0,11.692,13,2000
au,Sydney_Northern_Beaches,GNN,123,15,grid,11.708269335169165,12.926529893965299,16.578009608232367,17.131756731488686,248.52359185000003,243.56643671350858,0,11.692,13,2000
au,Sydney_Northern_Beaches,GNN,456,15,grid,16.387337808102711,17.546675354944629,25.427241380679565,25.542571939992293,248.52359185000003,243.56643671350858,0,11.692,13,2000
au,Sydney_Northern_Beaches,Uni,,20,grid,2.4318436810870483,2.0821263257556235,5.151190568804366,3.9384904090445092,287.66584275000008,285.03781010075892,0,13.670999999999999,14,2000
au,Sydney_Northern_Beaches,LU,,20,grid,2.3966038789280937,1.9304998771984183,5.0619723056161519,3.678417202494535,287.66584275000008,285.03781010075892,0,13.670999999999999,14,2000
au,Sydney_Northern_Beaches,GNN,42,20,grid,3.6213119291893117,3.0171919440835571,7.2939113087948551,6.0260275648178885,287.66584275000008,285.03781010075892,0,13.670999999999999,14,2000
au,Sydney_Northern_Beaches,GNN,123,20,grid,3.7880866757793883,2.6596157296000857,7.2977075537556022,5.3027110767524634,287.66584275000008,285.03781010075892,0,13.670999999999999,14,2000
au,Sydney_Northern_Beaches,GNN,456,20,grid,3.6597153823438053,2.469934563654542,6.9777787680727847,5.0759577955845856,287.66584275000008,285.03781010075892,0,13.670999999999999,14,2000
au,Sydney_Parramatta,Uni,,1,grid,5.9705835532980345,3.0935552770257932,10.329530694715706,5.6079443460289671,4.0165093999999995,3.7946996595400155,0.86499999999999999,0.14999999999999999,0,2000
au,Sydney_Parramatta,LU,,1,grid,6.003460967076597,3.564566423094842,10.628668305125924,6.5537481920553082,4.0165093999999995,3.7946996595400155,0.86499999999999999,0.14999999999999999,0,2000
au,Sydney_Parramatta,GNN,42,1,grid,4.6486073997018709,3.3715262476039807,9.0863903987820098,6.8278826499240122,4.0165093999999995,3.7946996595400155,0.86499999999999999,0.14999999999999999,0,2000
au,Sydney_Parramatta,GNN,123,1,grid,4.3454565288886897,2.4886484698242346,8.1661833311214806,4.5800596683546999,4.0165093999999995,3.7946996595400155,0.86499999999999999,0.14999999999999999,0,2000
au,Sydney_Parramatta,GNN,456,1,grid,4.490618472507804,2.9856152220745695,8.4185600091955912,5.5865493352006093,4.0165093999999995,3.7946996595400155,0.86499999999999999,0.14999999999999999,0,2000
au,Sydney_Parramatta,Uni,,2,grid,14.430027276782194,9.4891863359663038,21.199852872295871,15.704857411257114,12.864868749999998,13.075202270743899,0.69199999999999995,0.48849999999999999,0,2000
au,Sydney_Parramatta,LU,,2,grid,15.408895965677322,10.645136719921677,22.731574338791383,18.117484163651778,12.864868749999998,13.075202270743899,0.69199999999999995,0.48849999999999999,0,2000
au,Sydney_Parramatta,GNN,42,2,grid,12.166782549594926,9.0480781268955806,18.043933937223759,16.267885217799748,12.864868749999998,13.075202270743899,0.69199999999999995,0.48849999999999999,0,2000
au,Sydney_Parramatta,GNN,123,2,grid,10.435114951818809,6.5775161968905627,14.953403685023094,10.641205819389914,12.864868749999998,13.075202270743899,0.69199999999999995,0.48849999999999999,0,2000
au,Sydney_Parramatta,GNN,456,2,grid,11.261751349464928,8.0281044307405924,16.130402211434205,13.431912144782087,12.864868749999998,13.075202270743899,0.69199999999999995,0.48849999999999999,0,2000
au,Sydney_Parramatta,Uni,,3,grid,19.666424470454249,15.405570437078211,27.065743001932706,23.237765608132875,26.278957899999995,26.836909484894932,0.47449999999999998,0.99450000000000005,1,2000
au,Sydney_Parramatta,LU,,3,grid,21.844882550287448,17.561598498722972,30.014139694244552,26.740275486823219,26.278957899999995,26.836909484894932,0.47449999999999998,0.99450000000000005,1,2000
au,Sydney_Parramatta,GNN,42,3,grid,18.095967737512321,14.020713589536026,25.137524020823907,22.183032280407755,26.278957899999995,26.836909484894932,0.47449999999999998,0.99450000000000005,1,2000
au,Sydney_Parramatta,GNN,123,3,grid,14.566569117369593,9.6432843308691147,19.514438981097626,14.193621593881492,26.278957899999995,26.836909484894932,0.47449999999999998,0.99450000000000005,1,2000
au,Sydney_Parramatta,GNN,456,3,grid,16.335351426391902,12.374124396431228,22.10804699110842,18.708227125767017,26.278957899999995,26.836909484894932,0.47449999999999998,0.99450000000000005,1,2000
au,Sydney_Parramatta,Uni,,5,grid,21.642529756886919,20.53981341964575,27.006980169483313,27.249737581771424,59.041714349999992,62.007418216647046,0.29299999999999998,2.1755,2,2000
au,Sydney_Parramatta,LU,,5,grid,24.686178417850716,23.614633348900554,31.190804040209532,31.621051065190439,59.041714349999992,62.007418216647046,0.29299999999999998,2.1755,2,2000
au,Sydney_Parramatta,GNN,42,5,grid,20.357144813755717,19.755938552777618,27.084937699557923,26.474667858993062,59.041714349999992,62.007418216647046,0.29299999999999998,2.1755,2,2000
au,Sydney_Parramatta,GNN,123,5,grid,14.97056708233,12.446921988769496,18.940927360353552,15.894228569686291,59.041714349999992,62.007418216647046,0.29299999999999998,2.1755,2,2000
au,Sydney_Parramatta,GNN,456,5,grid,18.110630669049854,17.168646406153282,23.30781761958341,22.477513116524197,59.041714349999992,62.007418216647046,0.29299999999999998,2.1755,2,2000
au,Sydney_Parramatta,Uni,,7.5,grid,23.582149007649786,18.133182122723543,30.812476691500763,25.629791203800462,105.88903740000002,108.95549588877576,0.13,3.7530000000000001,4,2000
au,Sydney_Parramatta,LU,,7.5,grid,26.382507209498378,20.971591236740728,35.028707463107928,30.06888838904089,105.88903740000002,108.95549588877576,0.13,3.7530000000000001,4,2000
au,Sydney_Parramatta,GNN,42,7.5,grid,25.520942735810983,19.123661951816764,32.791145781779882,27.468146229743009,105.88903740000002,108.95549588877576,0.13,3.7530000000000001,4,2000
au,Sydney_Parramatta,GNN,123,7.5,grid,18.713631267765244,11.927954748866366,22.739790057669339,16.255824590419635,105.88903740000002,108.95549588877576,0.13,3.7530000000000001,4,2000
au,Sydney_Parramatta,GNN,456,7.5,grid,22.83127500771549,16.374001990086906,28.695548920903263,23.106732734824476,105.88903740000002,108.95549588877576,0.13,3.7530000000000001,4,2000
au,Sydney_Parramatta,Uni,,10,grid,14.295324695363146,10.289951526363179,25.106944313578474,18.932807127192287,144.96164765,147.01380872299197,0.0115,4.9584999999999999,6,2000
au,Sydney_Parramatta,LU,,10,grid,15.974760242859357,12.002040117802801,28.315286587300097,22.393179045388177,144.96164765,147.01380872299197,0.0115,4.9584999999999999,6,2000
au,Sydney_Parramatta,GNN,42,10,grid,16.717292831400808,11.597295630742559,27.75582782404642,21.616287129400721,144.96164765,147.01380872299197,0.0115,4.9584999999999999,6,2000
au,Sydney_Parramatta,GNN,123,10,grid,12.488823072089872,7.1100425289426665,19.575603553593332,12.919158391020487,144.96164765,147.01380872299197,0.0115,4.9584999999999999,6,2000
au,Sydney_Parramatta,GNN,456,10,grid,15.09015157536477,9.9559374921268908,24.75944571423576,18.444635452715346,144.96164765,147.01380872299197,0.0115,4.9584999999999999,6,2000
au,Sydney_Parramatta,Uni,,15,grid,0.37475724269724103,0.33959953442120627,3.2313828969171281,2.2983533366832316,180.88529980000004,180.85645487689692,0,5.9859999999999998,6,2000
au,Sydney_Parramatta,LU,,15,grid,0.38851493689823702,0.36525501057339044,3.4037789174360036,2.4809490001832319,180.88529980000004,180.85645487689692,0,5.9859999999999998,6,2000
au,Sydney_Parramatta,GNN,42,15,grid,0.37418662417281862,0.34343489140080496,3.1608819203972165,2.2433432679471896,180.88529980000004,180.85645487689692,0,5.9859999999999998,6,2000
au,Sydney_Parramatta,GNN,123,15,grid,0.34861129111608818,0.28202308856868619,2.770999368390791,1.8447395931425898,180.88529980000004,180.85645487689692,0,5.9859999999999998,6,2000
au,Sydney_Parramatta,GNN,456,15,grid,0.36248312765147983,0.30999126048443976,2.9783022645899098,2.0283943633606851,180.88529980000004,180.85645487689692,0,5.9859999999999998,6,2000
au,Sydney_Parramatta,Uni,,20,grid,2.8421709430404007e-14,2.8421709430404007e-14,2.8421709430404007e-14,2.8421709430404007e-14,181.31860000000003,181.31860000000003,0,6,6,2000
au,Sydney_Parramatta,LU,,20,grid,2.8421709430404007e-14,2.8421709430404007e-14,2.8421709430404007e-14,2.8421709430404007e-14,181.31860000000003,181.31860000000003,0,6,6,2000
au,Sydney_Parramatta,GNN,42,20,grid,0,0,0,0,181.31860000000003,181.31860000000003,0,6,6,2000
au,Sydney_Parramatta,GNN,123,20,grid,2.8421709430404007e-14,2.8421709430404007e-14,2.8421709430404007e-14,2.8421709430404007e-14,181.31860000000003,181.31860000000003,0,6,6,2000
au,Sydney_Parramatta,GNN,456,20,grid,2.8421709430404007e-14,2.8421709430404007e-14,2.8421709430404007e-14,2.8421709430404007e-14,181.31860000000003,181.31860000000003,0,6,6,2000
au,Sydney_Ryde,Uni,,1,grid,20.399291132310648,2.6850321004267821,24.007977955345851,3.6035835995856331,14.529944349999999,13.33445082851042,0.74199999999999999,0.25950000000000001,0,2000
au,Sydney_Ryde,LU,,1,grid,20.379285224696535,2.634359885073061,23.984291081120453,3.556243535338433,14.529944349999999,13.33445082851042,0.74199999999999999,0.25950000000000001,0,2000
au,Sydney_Ryde,GNN,42,1,grid,17.795596125781941,12.162008734856391,26.444745739809374,20.01516159045131,14.529944349999999,13.33445082851042,0.74199999999999999,0.25950000000000001,0,2000
au,Sydney_Ryde,GNN,123,1,grid,17.977094765887873,10.508621515440616,25.432133357317451,16.794847117318447,14.529944349999999,13.33445082851042,0.74199999999999999,0.25950000000000001,0,2000
au,Sydney_Ryde,GNN,456,1,grid,17.113336879203111,12.915917234873904,25.918851237677249,20.62501802718333,14.529944349999999,13.33445082851042,0.74199999999999999,0.25950000000000001,0,2000
au,Sydney_Ryde,Uni,,2,grid,25.16809965019111,8.6088682461219364,31.141807420193651,10.689775150514718,52.058189549999994,47.551189272300199,0.23899999999999999,0.93100000000000005,1,2000
au,Sydney_Ryde,LU,,2,grid,25.12588868021578,8.4336186158060258,31.089571909318138,10.539373630324185,52.058189549999994,47.551189272300199,0.23899999999999999,0.93100000000000005,1,2000
au,Sydney_Ryde,GNN,42,2,grid,38.23605077191371,27.200253319735303,46.513687218412471,39.164218402014022,52.058189549999994,47.551189272300199,0.23899999999999999,0.93100000000000005,1,2000
au,Sydney_Ryde,GNN,123,2,grid,37.886683943097317,26.581781486089223,45.376452855257277,36.428890715679785,52.058189549999994,47.551189272300199,0.23899999999999999,0.93100000000000005,1,2000
au,Sydney_Ryde,GNN,456,2,grid,35.689638562192577,26.912779971658409,42.65119113402119,36.444198904517506,52.058189549999994,47.551189272300199,0.23899999999999999,0.93100000000000005,1,2000
au,Sydney_Ryde,Uni,,3,grid,28.762911362525557,13.961292969508515,36.182387660870972,16.550627252753859,97.788931949999991,94.865049088513075,0.035000000000000003,1.7484999999999999,2,2000
au,Sydney_Ryde,LU,,3,grid,28.685019268755958,13.777913961939587,36.062284115210772,16.359825796360511,97.788931949999991,94.865049088513075,0.035000000000000003,1.7484999999999999,2,2000
au,Sydney_Ryde,GNN,42,3,grid,45.403081887881022,43.839771732092572,56.747284277199007,51.96159978085204,97.788931949999991,94.865049088513075,0.035000000000000003,1.7484999999999999,2,2000
au,Sydney_Ryde,GNN,123,3,grid,44.701995622187404,41.329675311898427,55.714352078484005,48.663289201834139,97.788931949999991,94.865049088513075,0.035000000000000003,1.7484999999999999,2,2000
au,Sydney_Ryde,GNN,456,3,grid,40.662087223321755,39.367761884780847,51.466471012973457,48.445667245405218,97.788931949999991,94.865049088513075,0.035000000000000003,1.7484999999999999,2,2000
au,Sydney_Ryde,Uni,,5,grid,26.560562749790378,18.155438798787458,33.544789855628977,21.300570073735855,203.63864925000001,199.53933432596372,0,3.5960000000000001,4,2000
au,Sydney_Ryde,LU,,5,grid,26.489836548093734,18.113008511042977,33.463131420104588,21.195867305484168,203.63864925000001,199.53933432596372,0,3.5960000000000001,4,2000
au,Sydney_Ryde,GNN,42,5,grid,36.847825231386985,41.609156118264984,47.102078066626859,45.906927459643001,203.63864925000001,199.53933432596372,0,3.5960000000000001,4,2000
au,Sydney_Ryde,GNN,123,5,grid,34.196025971292066,36.904586397543149,44.39838358910108,41.231912010059268,203.63864925000001,199.53933432596372,0,3.5960000000000001,4,2000
au,Sydney_Ryde,GNN,456,5,grid,34.945986515200495,41.747558692575517,44.560324679712679,46.144733377736941,203.63864925000001,199.53933432596372,0,3.5960000000000001,4,2000
au,Sydney_Ryde,Uni,,7.5,grid,25.809413220981696,14.986998133934703,29.797844689983428,19.223380186643702,292.85645094999995,290.54905532085706,0,5.1275000000000004,5,2000
au,Sydney_Ryde,LU,,7.5,grid,25.734170141642085,14.93802103245527,29.749670733917814,19.148355677255484,292.85645094999995,290.54905532085706,0,5.1275000000000004,5,2000
au,Sydney_Ryde,GNN,42,7.5,grid,21.642899908259409,20.146487979520124,28.48314083208054,22.030185691149573,292.85645094999995,290.54905532085706,0,5.1275000000000004,5,2000
au,Sydney_Ryde,GNN,123,7.5,grid,21.624970191245033,18.932996152663392,27.536438753279839,20.420695778920084,292.85645094999995,290.54905532085706,0,5.1275000000000004,5,2000
au,Sydney_Ryde,GNN,456,7.5,grid,22.307066011543149,20.907339777057796,29.447092853531647,23.361247630113926,292.85645094999995,290.54905532085706,0,5.1275000000000004,5,2000
au,Sydney_Ryde,Uni,,10,grid,13.197956782956895,6.8573985956492667,22.003388681644662,12.392202251736302,327.63224374999999,328.61389474495223,0,5.7110000000000003,6,2000
au,Sydney_Ryde,LU,,10,grid,13.169720603363665,6.8358976486362533,22.000450440141723,12.349539577925608,327.63224374999999,328.61389474495223,0,5.7110000000000003,6,2000
au,Sydney_Ryde,GNN,42,10,grid,10.957256042416731,8.3422688303324417,21.992441670860842,12.518731181102325,327.63224374999999,328.61389474495223,0,5.7110000000000003,6,2000
au,Sydney_Ryde,GNN,123,10,grid,11.019575090996071,7.9718301442431709,21.452258549432266,11.914529691495952,327.63224374999999,328.61389474495223,0,5.7110000000000003,6,2000
au,Sydney_Ryde,GNN,456,10,grid,10.912773279686688,8.5682271808931194,22.213581860887086,12.859455597894849,327.63224374999999,328.61389474495223,0,5.7110000000000003,6,2000
au,Sydney_Ryde,Uni,,15,grid,0.60676472730790409,0.19820465591728637,5.5811923038570512,1.3593209075920063,345.36365434999999,345.69850585300952,0,5.9894999999999996,6,2000
au,Sydney_Ryde,LU,,15,grid,0.60801160971464785,0.20070045321341501,5.5988725239653592,1.3790296471740149,345.36365434999999,345.69850585300952,0,5.9894999999999996,6,2000
au,Sydney_Ryde,GNN,42,15,grid,0.6578876552098144,0.30617524034795168,6.3299434670887962,2.1960483054158728,345.36365434999999,345.69850585300952,0,5.9894999999999996,6,2000
au,Sydney_Ryde,GNN,123,15,grid,0.65389011257389307,0.30119940580353943,6.2841038730973766,2.1502272865455407,345.36365434999999,345.69850585300952,0,5.9894999999999996,6,2000
au,Sydney_Ryde,GNN,456,15,grid,0.65839969693389211,0.30619162968262675,6.3364821579417292,2.2011033049222375,345.36365434999999,345.69850585300952,0,5.9894999999999996,6,2000
au,Sydney_Ryde,Uni,,20,grid,5.6843418860808015e-14,1.1368683772161603e-13,5.6843418860808015e-14,1.1368683772161603e-13,346.04809999999998,346.04810000000003,0,6,6,2000
au,Sydney_Ryde,LU,,20,grid,0,5.6843418860808015e-14,0,5.6843418860808015e-14,346.04809999999998,346.04810000000003,0,6,6,2000
au,Sydney_Ryde,GNN,42,20,grid,0,5.6843418860808015e-14,0,5.6843418860808015e-14,346.04809999999998,346.04810000000003,0,6,6,2000
au,Sydney_Ryde,GNN,123,20,grid,0,5.6843418860808015e-14,0,5.6843418860808015e-14,346.04809999999998,346.04810000000003,0,6,6,2000
au,Sydney_Ryde,GNN,456,20,grid,0,5.6843418860808015e-14,0,5.6843418860808015e-14,346.04809999999998,346.04810000000003,0,6,6,2000
au,Sydney_Sutherland,Uni,,1,grid,4.0639927305114814,1.8622302220760927,9.0027409456251952,2.4333071512398781,2.8964940000000001,2.5756645933038049,0.90949999999999998,0.094,0,2000
au,Sydney_Sutherland,LU,,1,grid,4.06214668971871,1.8716011254073737,9.0462620977939583,2.4543878964775558,2.8964940000000001,2.5756645933038049,0.90949999999999998,0.094,0,2000
au,Sydney_Sutherland,GNN,42,1,grid,4.1807583436452207,2.1687411755758381,9.4584972907432796,3.1131683078451653,2.8964940000000001,2.5756645933038049,0.90949999999999998,0.094,0,2000
au,Sydney_Sutherland,GNN,123,1,grid,4.1536760432462385,2.1243117044803035,9.4269231136550022,3.0904250011401628,2.8964940000000001,2.5756645933038049,0.90949999999999998,0.094,0,2000
au,Sydney_Sutherland,GNN,456,1,grid,4.0976772356685336,2.1910430845158468,9.436157372682624,3.3396036968208644,2.8964940000000001,2.5756645933038049,0.90949999999999998,0.094,0,2000
au,Sydney_Sutherland,Uni,,2,grid,9.1231212441871623,5.5723748204527128,15.554392080914827,7.2117587484453418,10.5256788,9.7160978533964624,0.73950000000000005,0.34549999999999997,0,2000
au,Sydney_Sutherland,LU,,2,grid,9.2366908396673182,5.5921321274122562,15.769684253343106,7.1960850914771024,10.5256788,9.7160978533964624,0.73950000000000005,0.34549999999999997,0,2000
au,Sydney_Sutherland,GNN,42,2,grid,10.437787286541024,6.9236579481180183,17.732428194170591,9.0017307245999163,10.5256788,9.7160978533964624,0.73950000000000005,0.34549999999999997,0,2000
au,Sydney_Sutherland,GNN,123,2,grid,10.207746797345347,6.7801803321924883,17.399409350913981,8.7061054262729005,10.5256788,9.7160978533964624,0.73950000000000005,0.34549999999999997,0,2000
au,Sydney_Sutherland,GNN,456,2,grid,10.041354982717889,6.9788202296651889,17.148050930276991,8.9430392132821197,10.5256788,9.7160978533964624,0.73950000000000005,0.34549999999999997,0,2000
au,Sydney_Sutherland,Uni,,3,grid,10.787143050082033,9.9555957968848521,16.995299267995065,12.735200801961637,21.52575105,20.774696934915891,0.57250000000000001,0.71450000000000002,0,2000
au,Sydney_Sutherland,LU,,3,grid,11.088472544126528,9.9869377391503509,17.504465963633798,12.710986224979395,21.52575105,20.774696934915891,0.57250000000000001,0.71450000000000002,0,2000
au,Sydney_Sutherland,GNN,42,3,grid,14.08345404217012,12.840597096596397,23.049106906484102,16.011422110132198,21.52575105,20.774696934915891,0.57250000000000001,0.71450000000000002,0,2000
au,Sydney_Sutherland,GNN,123,3,grid,13.527884887378253,12.4060068212281,21.962945011115803,15.291401357046805,21.52575105,20.774696934915891,0.57250000000000001,0.71450000000000002,0,2000
au,Sydney_Sutherland,GNN,456,3,grid,13.42471536346244,12.655893464968083,21.719486577051065,15.393596923887241,21.52575105,20.774696934915891,0.57250000000000001,0.71450000000000002,0,2000
au,Sydney_Sutherland,Uni,,5,grid,13.282145572937466,17.481184490087706,19.017465829155462,21.884849878086069,49.885745899999996,51.654980940956072,0.38750000000000001,1.6465000000000001,1,2000
au,Sydney_Sutherland,LU,,5,grid,13.729309843364865,17.425857283400308,19.937968272031718,22.140557818053001,49.885745899999996,51.654980940956072,0.38750000000000001,1.6465000000000001,1,2000
au,Sydney_Sutherland,GNN,42,5,grid,21.982502009008268,23.781445746598664,32.124967668964437,29.219292863373358,49.885745899999996,51.654980940956072,0.38750000000000001,1.6465000000000001,1,2000
au,Sydney_Sutherland,GNN,123,5,grid,20.306275901889421,22.302929932214948,29.543396297315862,27.526303076562439,49.885745899999996,51.654980940956072,0.38750000000000001,1.6465000000000001,1,2000
au,Sydney_Sutherland,GNN,456,5,grid,20.385472458498022,22.49818346799827,29.495445763208554,27.728048555672512,49.885745899999996,51.654980940956072,0.38750000000000001,1.6465000000000001,1,2000
au,Sydney_Sutherland,Uni,,7.5,grid,16.10414464218244,22.7864618329506,21.24027446179042,27.806877884432563,98.583401450000011,101.80926292366043,0.19750000000000001,3.2955000000000001,3,2000
au,Sydney_Sutherland,LU,,7.5,grid,17.087906327561992,22.983698025479661,22.574645802986733,28.496095764575823,98.583401450000011,101.80926292366043,0.19750000000000001,3.2955000000000001,3,2000
au,Sydney_Sutherland,GNN,42,7.5,grid,31.44295252045751,31.735881552014828,40.682135106251835,37.622442465889506,98.583401450000011,101.80926292366043,0.19750000000000001,3.2955000000000001,3,2000
au,Sydney_Sutherland,GNN,123,7.5,grid,28.096490760244247,29.264128142292197,36.640514378834972,35.379157016089238,98.583401450000011,101.80926292366043,0.19750000000000001,3.2955000000000001,3,2000
au,Sydney_Sutherland,GNN,456,7.5,grid,28.279091039984475,29.457594032219639,36.719243447590124,35.654689741351412,98.583401450000011,101.80926292366043,0.19750000000000001,3.2955000000000001,3,2000
au,Sydney_Sutherland,Uni,,10,grid,19.278643695783288,21.650472949124296,23.924872778772457,26.741483970226401,154.93621949999999,157.61295298779609,0.062,5.2314999999999996,6,2000
au,Sydney_Sutherland,LU,,10,grid,20.84083464258357,22.510261120899976,25.789409387647346,27.842905477896515,154.93621949999999,157.61295298779609,0.062,5.2314999999999996,6,2000
au,Sydney_Sutherland,GNN,42,10,grid,37.84286603056271,33.203060860392547,44.296099389874861,37.973143470507665,154.93621949999999,157.61295298779609,0.062,5.2314999999999996,6,2000
au,Sydney_Sutherland,GNN,123,10,grid,33.851523200941713,30.419089630814195,39.995813203122381,35.88514776105562,154.93621949999999,157.61295298779609,0.062,5.2314999999999996,6,2000
au,Sydney_Sutherland,GNN,456,10,grid,33.863513131087544,30.199057808523897,39.940833347511223,35.73955573046424,154.93621949999999,157.61295298779609,0.062,5.2314999999999996,6,2000
au,Sydney_Sutherland,Uni,,15,grid,15.089139263353424,11.486966296486177,20.400031224058431,14.465196196870039,252.37268614999999,249.44835354273516,0,8.5414999999999992,9,2000
au,Sydney_Sutherland,LU,,15,grid,17.296905976332223,13.494178157252776,22.905511033288171,16.996407775965324,252.37268614999999,249.44835354273516,0,8.5414999999999992,9,2000
au,Sydney_Sutherland,GNN,42,15,grid,31.17694392193032,26.883877707352173,38.142759668533451,32.944551182114211,252.37268614999999,249.44835354273516,0,8.5414999999999992,9,2000
au,Sydney_Sutherland,GNN,123,15,grid,28.099078310855734,24.044757245038433,34.687051509852303,29.891108591505478,252.37268614999999,249.44835354273516,0,8.5414999999999992,9,2000
au,Sydney_Sutherland,GNN,456,15,grid,27.840182745466379,23.819973812343552,34.423832869221101,29.572435493519915,252.37268614999999,249.44835354273516,0,8.5414999999999992,9,2000
au,Sydney_Sutherland,Uni,,20,grid,4.1292515586910143,3.8703374120116996,7.6296082279566235,7.1026896617913264,281.47859025000002,281.02408257457785,0,9.7249999999999996,10,2000
au,Sydney_Sutherland,LU,,20,grid,5.2819809014587529,4.9790247745567271,9.754866554011798,9.2736789345542245,281.47859025000002,281.02408257457785,0,9.7249999999999996,10,2000
au,Sydney_Sutherland,GNN,42,20,grid,10.08076155027115,9.6560121233960352,18.610337775999998,17.982028604577309,281.47859025000002,281.02408257457785,0,9.7249999999999996,10,2000
au,Sydney_Sutherland,GNN,123,20,grid,8.7213408353876662,8.298365161545787,16.09717914357925,15.461756061725829,281.47859025000002,281.02408257457785,0,9.7249999999999996,10,2000
au,Sydney_Sutherland,GNN,456,20,grid,8.7176551761230279,8.2963871614624303,16.1939861881628,15.554239475864765,281.47859025000002,281.02408257457785,0,9.7249999999999996,10,2000
