backup_relative_path,sha256
inputs/base/data/datasets/2_derived/au/grid_bplus/bundles/Central_Coast/grid_metadata.json,53431b03d6d7f7a4799222ef46bab7181935ec681162fa0545dd4e2bb5fcb850
inputs/base/data/datasets/2_derived/au/grid_bplus/bundles/Central_Coast/grid_points.parquet,e5af2c36a2995905d333c9f9e24090f348272d0fe9a2de5f3f270c5c050638d1
inputs/base/data/datasets/2_derived/au/grid_bplus/bundles/Hunter_Valley_exc_Newcastle/grid_metadata.json,f4ba2311ceaf8a157585d72ada8e7f2dfc94dfe84aeadc4b7bf3a824bf5c4fe4
inputs/base/data/datasets/2_derived/au/grid_bplus/bundles/Hunter_Valley_exc_Newcastle/grid_points.parquet,946bdc8e9404c0e7b339f64b5905c70010916558209154a9586fb6dcac74682e
inputs/base/data/datasets/2_derived/au/grid_bplus/bundles/Newcastle_and_Lake_Macquarie/grid_metadata.json,4fea084fc14c4cff67edcf627c07aa650a4c5e1be9e0f6e2369dd11d6916b57e
inputs/base/data/datasets/2_derived/au/grid_bplus/bundles/Newcastle_and_Lake_Macquarie/grid_points.parquet,62e72d0da269336d748c970facbd7670c383d97e58b141bf107a3f8b85901a1d
inputs/base/data/datasets/2_derived/au/grid_bplus/bundles/Sydney_City_and_Inner_South/grid_metadata.json,7ae44ce84992fadb211db453a2b42bbe60bfb3afe524213180afa7d450b550aa
inputs/base/data/datasets/2_derived/au/grid_bplus/bundles/Sydney_City_and_Inner_South/grid_points.parquet,e1a37a15e1e314ad832f367f4fc41edabd9106a9ab94f7c280f836b0875972f3
inputs/base/data/datasets/2_derived/au/grid_bplus/bundles/Sydney_Eastern_Suburbs/grid_metadata.json,4836eccb2006e006a92aa41c14bbcf22298801e558440de1a59ebb94f4332736
inputs/base/data/datasets/2_derived/au/grid_bplus/bundles/Sydney_Eastern_Suburbs/grid_points.parquet,938d3c55a383fe86851cb0bda64efeed37e0a4ef85247281bdd25883fcdf0c9c
inputs/base/data/datasets/2_derived/au/grid_bplus/bundles/Sydney_Inner_South_West/grid_metadata.json,e7101e3e9d93a754615f8b1dd4cc037d8bb6af05a923dd7cc9c1197f6cc0222a
inputs/base/data/datasets/2_derived/au/grid_bplus/bundles/Sydney_Inner_South_West/grid_points.parquet,1da2655078a4b77a92e041f9c38cad10eb89e26d72ae3dbc59013358df77e815
inputs/base/data/datasets/2_derived/au/grid_bplus/bundles/Sydney_Inner_West/grid_metadata.json,7cf8c6a76ef2cda50c6c967d9ed9c6ce4d4b51458a4f6a2706dc268ce44a1b62
inputs/base/data/datasets/2_derived/au/grid_bplus/bundles/Sydney_Inner_West/grid_points.parquet,167de4d76a11c4453bdcf316d50dc26dc6fb09894b03f0bc94af5532d06ff769
inputs/base/data/datasets/2_derived/au/grid_bplus/bundles/Sydney_North_Sydney_and_Hornsby/grid_metadata.json,fc17a9aa111279d48f0c904b18711f9a6ee4fd45602e25aa7236d593ce8e5a5c
inputs/base/data/datasets/2_derived/au/grid_bplus/bundles/Sydney_North_Sydney_and_Hornsby/grid_points.parquet,8d4237d5452695396c66615948d6167d842f7e543f6a6cca9d31067423b564f7
inputs/base/data/datasets/2_derived/au/grid_bplus/bundles/Sydney_Northern_Beaches/grid_metadata.json,b6576551aaaa10193a531111042e0730869addcd5fd6785bc3acfcfe4177496d
inputs/base/data/datasets/2_derived/au/grid_bplus/bundles/Sydney_Northern_Beaches/grid_points.parquet,7b6fb10a4dae86e10496ed188fd8ffafb3312244686f673a8ce97ca1daa04713
inputs/base/data/datasets/2_derived/au/grid_bplus/bundles/Sydney_Parramatta/grid_metadata.json,7d7a4b5c550214f0acb1390515ae735cc6259a8fba00a62b6ca38cf94aea1a23
inputs/base/data/datasets/2_derived/au/grid_bplus/bundles/Sydney_Parramatta/grid_points.parquet,9f08455c5b3f28dd2dcb3c184c7283d6380c5b7f1ba2b43b7a01073843995daf
inputs/base/data/datasets/2_derived/au/grid_bplus/bundles/Sydney_Ryde/grid_metadata.json,05d79729d18a432752ffbe142de211d7d2dd29fe7214461010153c142955a128
inputs/base/data/datasets/2_derived/au/grid_bplus/bundles/Sydney_Ryde/grid_points.parquet,465263b77eaba825f066f32f3646320e12d88575d71a06d4fead6bee5b3f5dc0
inputs/base/data/datasets/2_derived/au/grid_bplus/bundles/Sydney_Sutherland/grid_metadata.json,272859381e99a08ebc6cd0d9e0dfd7b16bfd951ae973f5f695807b6c7050a8dd
inputs/base/data/datasets/2_derived/au/grid_bplus/bundles/Sydney_Sutherland/grid_points.parquet,b8666cdb7723f68763094b2f50805807da2fd667ade4465c4b61dfa394c49981
inputs/base/data/datasets/2_derived/uk/grid_bplus/bundles/London/grid_metadata.json,2462c175264c3b8a43180d0e55d7d92fb3630443fd19eb452de1df065345cdfc
inputs/base/data/datasets/2_derived/uk/grid_bplus/bundles/London/grid_points.parquet,6685a0e49976762dacd00a2458cf198e8cfd47b64f1af676b0daccf6ab1ff17b
inputs/base/data/datasets/2_derived/uk/grid_bplus/bundles/TLC1/grid_metadata.json,6139e7f5532960d3f75cb3c0a3fabf2d5f07f5ca00b2383a031d9c4a95b62cd6
inputs/base/data/datasets/2_derived/uk/grid_bplus/bundles/TLC1/grid_points.parquet,bbafde892ad39802449a424351449117e2fbac0e83376f542e2682135e96e859
inputs/base/data/datasets/2_derived/uk/grid_bplus/bundles/TLC2/grid_metadata.json,12627bda00758c8cc6feeb2608a0d05d2e68523745fcaf90e7b41aded2f06a38
inputs/base/data/datasets/2_derived/uk/grid_bplus/bundles/TLC2/grid_points.parquet,bc23b76cdeb16250838a4109d2fd5ff3254e5db6cf1137320dcf8dd964345325
inputs/base/data/datasets/2_derived/uk/grid_bplus/bundles/TLD3/grid_metadata.json,9d4db2e7fc8c0f9ca7d3811e865c4ebb1dc9b7e95348f7a6ec06f2aedafe5b5d
inputs/base/data/datasets/2_derived/uk/grid_bplus/bundles/TLD3/grid_points.parquet,5cae521f72aab11f3aa4e2ed91e9f0a042881d912dc7b5a2f7cccfad2380fc90
inputs/base/data/datasets/2_derived/uk/grid_bplus/bundles/TLD4/grid_metadata.json,966e488afe31e387c89edf7ea7efa4a9c108c22b5622857836220485bf066c44
inputs/base/data/datasets/2_derived/uk/grid_bplus/bundles/TLD4/grid_points.parquet,afa0154d042e59d35e93808a00611fb8f333c4f65ce1a5676e066d6c5cd1db77
inputs/base/data/datasets/2_derived/uk/grid_bplus/bundles/TLD6/grid_metadata.json,c8f417998308cca219d6e6d8010cff26e4e7a6721d1df02e66a2be7702335581
inputs/base/data/datasets/2_derived/uk/grid_bplus/bundles/TLD6/grid_points.parquet,c261fabc1635f9477eb3619b57055cdf1f4574cd5aff764826ab9716f37ab72a
inputs/base/data/datasets/2_derived/uk/grid_bplus/bundles/TLE3/grid_metadata.json,57214f4daf644fb271a167cc04f946162457b8347a4c1cbdae05efb7426a7c1f
inputs/base/data/datasets/2_derived/uk/grid_bplus/bundles/TLE3/grid_points.parquet,da8643de4a94438c7ccd4dfd8b1f35e74129d04728d7190cd389c8c47207d7b3
inputs/base/data/datasets/2_derived/uk/grid_bplus/bundles/TLE4/grid_metadata.json,1bf8dcfd24e25aac5d244dbf2c124d4b5a6e8116182cf5ccbdefda7f647f6c0f
inputs/base/data/datasets/2_derived/uk/grid_bplus/bundles/TLE4/grid_points.parquet,9b111fe9eb8cdec63cad076b8965498f3b9055a847a59437317ce5c2902d6f97
inputs/base/data/datasets/2_derived/uk/grid_bplus/bundles/TLF1/grid_metadata.json,fbcb4e942bdb8776f5e824857d72ab60d3eb0c15a011fc93448b6a7e22997051
inputs/base/data/datasets/2_derived/uk/grid_bplus/bundles/TLF1/grid_points.parquet,0b9405993d3d95c591c1885b21d3f1198e105af6dffc8f6245feb19aaefe032e
inputs/base/data/datasets/2_derived/uk/grid_bplus/bundles/TLF2/grid_metadata.json,a17eda9098f1de0d204891de6a1914c011fa61ff2c2bfd8ccd294d0ef4fc6d21
inputs/base/data/datasets/2_derived/uk/grid_bplus/bundles/TLF2/grid_points.parquet,a4185b697551a2eb6e04923bfdade2892a52db400105ff7cd8020ed209e248cf
inputs/base/data/datasets/2_derived/uk/grid_bplus/bundles/TLG1/grid_metadata.json,7bcf5357fcb762842f199238ff84e2b75b40f6d991683c8f66a003c87e792806
inputs/base/data/datasets/2_derived/uk/grid_bplus/bundles/TLG1/grid_points.parquet,6f26f18f4c9adeb63e190cb347b5ce10ecf9cf6b23ae69a499e3da82d75c3b9d
inputs/base/data/datasets/2_derived/uk/grid_bplus/bundles/TLG2/grid_metadata.json,388ece522376d4a45552a0e4e4041ad28c1c7a0bce17dd52dc9e43c80e10994e
inputs/base/data/datasets/2_derived/uk/grid_bplus/bundles/TLG2/grid_points.parquet,04ffc5ea381e11444b1b58876ce9504cdcee7eb4e2ab9b0ebf4958f78023c9e0
inputs/base/data/datasets/2_derived/uk/grid_bplus/bundles/TLH1/grid_metadata.json,50bb4e31adf0c67dd08d4d33cfb56bb00359f94828b3555078214b27539177c2
inputs/base/data/datasets/2_derived/uk/grid_bplus/bundles/TLH1/grid_points.parquet,c8bbe678b8faabae00e34d0acf341ac73a1f7706010e485c197cd28ade8e54dc
inputs/base/data/datasets/2_derived/uk/grid_bplus/bundles/TLH2/grid_metadata.json,918638086a9183acf162afba16bca752e380cd76c79cc21aef2397dedfcb2bdf
inputs/base/data/datasets/2_derived/uk/grid_bplus/bundles/TLH2/grid_points.parquet,176ab1d4c04928ddaa90102223d3f07791059655893724abecd4c1a08d2dcfba
inputs/base/data/datasets/2_derived/uk/grid_bplus/bundles/TLH3/grid_metadata.json,70ba7ac40f98697f201445b6cbffcf202e5a8dff010e43812723833e1e96cb74
inputs/base/data/datasets/2_derived/uk/grid_bplus/bundles/TLH3/grid_points.parquet,4768ae46d5f537b5985f320d64b81f672fe29f7719631413601fe95edc65bb11
inputs/base/data/datasets/2_derived/uk/grid_bplus/bundles/TLJ1/grid_metadata.json,b9d2a57f75b9a0d3ab8adeddce680dc3f43cefe8fb01320be4f390b6bae4a9a3
inputs/base/data/datasets/2_derived/uk/grid_bplus/bundles/TLJ1/grid_points.parquet,9b4504a9814ef6b48ac6792777f353891970a7d82011ad51b3e786c2548fefdc
inputs/base/results/2_Generator/1_UK/candidates/GNN/seed_123/London.npz,7334433bcb9f4b4fda071a21c2811583651a453f77fc810c19b10e8a07fbb3ce
inputs/base/results/2_Generator/1_UK/candidates/GNN/seed_123/TLC1.npz,53652ad05b8ad81a3c64f6db7e51558ac048e4ab5a3276d3b903b28784323b21
inputs/base/results/2_Generator/1_UK/candidates/GNN/seed_123/TLC2.npz,e4ff875cd56139a6be30cb16e9123468c20bbdd5c491c5d11534fc0e178f020c
inputs/base/results/2_Generator/1_UK/candidates/GNN/seed_123/TLD3.npz,91e31cd573b744d4fa9fa83fac9990b52e5e57eef858aaba08be001efec4ab16
inputs/base/results/2_Generator/1_UK/candidates/GNN/seed_123/TLD4.npz,a004d0b23fc4a255bf90f83808321305c7de9968054251d102a6cee45796e45d
inputs/base/results/2_Generator/1_UK/candidates/GNN/seed_123/TLD6.npz,9324cb3afa4e4958a1122b07ea653de51046deea13c6992785e3b97ecc077d60
inputs/base/results/2_Generator/1_UK/candidates/GNN/seed_123/TLE3.npz,c446b2db3784486bf056d5952c3deca561f161ca8020656265059b7d25c64066
inputs/base/results/2_Generator/1_UK/candidates/GNN/seed_123/TLE4.npz,0635c2f6bd8196e48e4cfd7f28fbc0f461d6ab00f1e406e7d47430346b092b7c
inputs/base/results/2_Generator/1_UK/candidates/GNN/seed_123/TLF1.npz,75a009fff51052d84586bfd116f6f6663938fd0e76ab96269586ba145d1176f7
inputs/base/results/2_Generator/1_UK/candidates/GNN/seed_123/TLF2.npz,b5d01451925f9ba18bc5804e44559b28c057d30f6fc9727d9b03a67c5ad4d485
inputs/base/results/2_Generator/1_UK/candidates/GNN/seed_123/TLG1.npz,5e3bc5e1b0614f87e0e3b4b88fd5c153856969e30f198f8656588d3c7e773e14
inputs/base/results/2_Generator/1_UK/candidates/GNN/seed_123/TLG2.npz,63fe1ee9614cbf6853eb58408474e4b3ee66ff37092336a29799cf4442bafcbd
inputs/base/results/2_Generator/1_UK/candidates/GNN/seed_123/TLH1.npz,bb1653ee98e71bf341efb6f6a982605cd26ef733ed8c98f1318aa6eca63927cc
inputs/base/results/2_Generator/1_UK/candidates/GNN/seed_123/TLH2.npz,1d5d05db0f42eab4e1dc8032bff362b9ea013125b9c65a13626245ac3e75ccc7
inputs/base/results/2_Generator/1_UK/candidates/GNN/seed_123/TLH3.npz,3af4383bc08d1e468eb4047b5fee01063ae2c6a4fcbe761f3393d18b0e7634be
inputs/base/results/2_Generator/1_UK/candidates/GNN/seed_123/TLJ1.npz,3f055f0010e67c4a9caf495aba2084d2aeced1a7a53de9e50d603d9590483aa5
inputs/base/results/2_Generator/1_UK/candidates/GNN/seed_42/London.npz,c9f35c959b6b570b8eb80a295b4d2c348b229e5094c20cb545d49dbe10fd45f6
inputs/base/results/2_Generator/1_UK/candidates/GNN/seed_42/TLC1.npz,1190b6c5a0bb2729ab84ed1b54e437ddac2274bee563cdc9b121681448628a42
inputs/base/results/2_Generator/1_UK/candidates/GNN/seed_42/TLC2.npz,06e4e3a2bf154108dba320b06e722eaefbabf81e2bf4800d8c871e6afbb1a9ae
inputs/base/results/2_Generator/1_UK/candidates/GNN/seed_42/TLD3.npz,e5ce5a0dd3f47c9be77758d3ff9f3b820e592b54be71340c62b62174884411b6
inputs/base/results/2_Generator/1_UK/candidates/GNN/seed_42/TLD4.npz,43294c730f20b3b08f8742940681a0c2d86699a1205e7a62debc1e0d9f745f1a
inputs/base/results/2_Generator/1_UK/candidates/GNN/seed_42/TLD6.npz,cb651b2f2e65cb7b7f8648aa0d14a1946995d8efef46bd21d98a006f0ea37c09
inputs/base/results/2_Generator/1_UK/candidates/GNN/seed_42/TLE3.npz,23ecdf7bb319fb2e10b27980f8633c6b2e8caa081f9716f0b18908f5c13a4d7e
inputs/base/results/2_Generator/1_UK/candidates/GNN/seed_42/TLE4.npz,421d6c593ec2f24f04385133fa17ae3c162add2951fe7b740c33e85052f9e437
inputs/base/results/2_Generator/1_UK/candidates/GNN/seed_42/TLF1.npz,67f8b3d9e4f8da07354a461eebab5a660b3c2c131ad839f6d8cee61cf7730a03
inputs/base/results/2_Generator/1_UK/candidates/GNN/seed_42/TLF2.npz,82714ed4f46084b46e3d2660237d40f31c7cbf4bb5bbfe367daf280078bda4fd
inputs/base/results/2_Generator/1_UK/candidates/GNN/seed_42/TLG1.npz,d70c69e634e859075e9b897af62204ce8050c1f1c46e43f606c9dfc8497df623
inputs/base/results/2_Generator/1_UK/candidates/GNN/seed_42/TLG2.npz,9e6ae935e0f39201b213b9f1d12e54b9aa7bf2663f83bf914d465a2f3250e4d2
inputs/base/results/2_Generator/1_UK/candidates/GNN/seed_42/TLH1.npz,e707de86c688651493044e4e567133dc6ed42eea5a0639bc9199764a34cd369f
inputs/base/results/2_Generator/1_UK/candidates/GNN/seed_42/TLH2.npz,8ad5bf16a14ceefeba94831fc255b14f87c627d0b05798d96dfb354918c0df81
inputs/base/results/2_Generator/1_UK/candidates/GNN/seed_42/TLH3.npz,b188ce32dfe6d2e4363ba085c4122243ccb33e98646cfa93a80b642ee28bdc21
inputs/base/results/2_Generator/1_UK/candidates/GNN/seed_42/TLJ1.npz,d556b11aa61b9129e829160f9ea2555127d8fd0d8e80011bd140e657a58b1534
inputs/base/results/2_Generator/1_UK/candidates/GNN/seed_456/London.npz,6e35775d805f0bd1e74dfa082b45b2ea0209b6295a6fef8ea599db6ea9abf392
inputs/base/results/2_Generator/1_UK/candidates/GNN/seed_456/TLC1.npz,dcf7bf1a6376c8ac2fe66bc3ef9e98af6ee729a6d7c74d915997e6c4ed94c549
inputs/base/results/2_Generator/1_UK/candidates/GNN/seed_456/TLC2.npz,25e9faf9ad5467ffb9317d5ab08529cb42f2d476cf45d3227b8dae2e62cf9c65
inputs/base/results/2_Generator/1_UK/candidates/GNN/seed_456/TLD3.npz,194daaf252ea25e26035fbb916dedc4511cb22d1e755f6b804042fb606187f5b
inputs/base/results/2_Generator/1_UK/candidates/GNN/seed_456/TLD4.npz,4ef0fd1f1daeecf394a8184d7c1d8699b5fee0b8711b975b34fea4b66e194a1a
inputs/base/results/2_Generator/1_UK/candidates/GNN/seed_456/TLD6.npz,8fa21725470233e5c2fa6201c7c23e9fc66722e0262baff5d7f0f4d1ee99f9ca
inputs/base/results/2_Generator/1_UK/candidates/GNN/seed_456/TLE3.npz,c6c1f29d64180a697769335bbde7e8a93dab7a870058395e3906b85a9d0ecbd1
inputs/base/results/2_Generator/1_UK/candidates/GNN/seed_456/TLE4.npz,0ee8dfc4a58f72353337ec3bf5eb92b913288289b07be9a18e61734a52274254
inputs/base/results/2_Generator/1_UK/candidates/GNN/seed_456/TLF1.npz,6dcadf30038c8af10735f807bca58edd2ceac7de69477b4618cae1e23dc01211
inputs/base/results/2_Generator/1_UK/candidates/GNN/seed_456/TLF2.npz,4236e2daeaa9706d263ea2f80826f4e614477d069ebd2665cb0aaf8a9b7bb528
inputs/base/results/2_Generator/1_UK/candidates/GNN/seed_456/TLG1.npz,2681e5a405470650930d244a24c88d05e34bc9b769f371edcfc158b27bc4f608
inputs/base/results/2_Generator/1_UK/candidates/GNN/seed_456/TLG2.npz,6a23bbf33c74d96d8fe5a1c6a804410532e12e6a3f5fa933053123d12f6695c8
inputs/base/results/2_Generator/1_UK/candidates/GNN/seed_456/TLH1.npz,d6828a0f3e4f1ac5a6aed12087e2f2b0423ed6cb4122cc603d4c9cbf027bde65
inputs/base/results/2_Generator/1_UK/candidates/GNN/seed_456/TLH2.npz,ea4658e0f941daef00f0d1aa25ede3a25f43743303806038bc10ba44e9616d83
inputs/base/results/2_Generator/1_UK/candidates/GNN/seed_456/TLH3.npz,8f755d93bde9b67db73acab409fa293d6bee7071b3397ff3d017f5dd4aa2d2dd
inputs/base/results/2_Generator/1_UK/candidates/GNN/seed_456/TLJ1.npz,01189232a73c1167c1743a50b05d69cefea511d0db2f0aa19c2c33f65aa6e048
inputs/base/results/2_Generator/1_UK/candidates/GPM/London.npz,7f6cbcade1e8a17ea3a811bde077572cc39011114d5a26215cc5ee4fefddf1e6
inputs/base/results/2_Generator/1_UK/candidates/GPM/TLC1.npz,82bdccee36be9c7070813b4c3b2e737d89d4657c00d3164f20d4014439e5d47a
inputs/base/results/2_Generator/1_UK/candidates/GPM/TLC2.npz,1075a4e78f42e3984138ae8b54ec5aa59650063c712870715dcfb65b5fb095b8
inputs/base/results/2_Generator/1_UK/candidates/GPM/TLD3.npz,bb374450926b388cd28254a2930264a006666d1d7b1966a9e1c7891182e5f2f7
inputs/base/results/2_Generator/1_UK/candidates/GPM/TLD4.npz,db28d6ce70f49fa1d6ebf6e121b683627b06130b40e5797b2bded5cae112e090
inputs/base/results/2_Generator/1_UK/candidates/GPM/TLD6.npz,f47dba54650bdcb6ad940298971f7a9ee25b592fdac3411ab2521e9baae9d343
inputs/base/results/2_Generator/1_UK/candidates/GPM/TLE3.npz,2e1f1be81307761f013d203e228fefdf608fed43a23299e40ce346c8d262a2cb
inputs/base/results/2_Generator/1_UK/candidates/GPM/TLE4.npz,cbffa6e43ffd0540609863f31436223336a9adce5a099383c69cb2d9c356ba7d
inputs/base/results/2_Generator/1_UK/candidates/GPM/TLF1.npz,063a969a2d0f6938bc2095ae061385f26653568ce263680ca8bfd41e2b532433
inputs/base/results/2_Generator/1_UK/candidates/GPM/TLF2.npz,adc97c5011299488f7690ee32b93a00b7434d5a43cf6e9df38a529157694f046
inputs/base/results/2_Generator/1_UK/candidates/GPM/TLG1.npz,3e28555b891cdaed34bdfcf5d5368cb53874536ff002326684b3318e184350c9
inputs/base/results/2_Generator/1_UK/candidates/GPM/TLG2.npz,9f2f2e2f8365d74a3a4f375be76e700038748b7b0e300311572b6d85689b92d3
inputs/base/results/2_Generator/1_UK/candidates/GPM/TLH1.npz,0653956041ec78c7e92d4941573b025f8089ab5b0c10c5bee424da1e397c8504
inputs/base/results/2_Generator/1_UK/candidates/GPM/TLH2.npz,f33ef028752265ab03c10e283f6ee5f434d58b9d4aaf6f8168b7d87ad96d9f47
inputs/base/results/2_Generator/1_UK/candidates/GPM/TLH3.npz,9ca645bc665bca35549234e00ca8b161f8936ef43079f193541421c1113f9309
inputs/base/results/2_Generator/1_UK/candidates/GPM/TLJ1.npz,6979991ebd6daac13eb43a69497fd038e923a4876dbb9a3fd311eaad6ae7e91e
inputs/base/results/2_Generator/1_UK/candidates/Uni/London.npz,07fc58dcdc0e1978bb373ae34ecc9a71b92ff845818a1e3992103d7df8c4b472
inputs/base/results/2_Generator/1_UK/candidates/Uni/TLC1.npz,14419b2e5e22c29f26a188a5539107fe74ca969d48ff3adfe84e2d466186ff5d
inputs/base/results/2_Generator/1_UK/candidates/Uni/TLC2.npz,6f79f073f0eccf31d4e3d23d0949160ffe14c07e9b93f7b56a3adab44fd6b66e
inputs/base/results/2_Generator/1_UK/candidates/Uni/TLD3.npz,63ac25a8ecc5a58f9a42e0e218c6691e51e2fb1e7e6a1d12d97649987dbbd7b0
inputs/base/results/2_Generator/1_UK/candidates/Uni/TLD4.npz,61ea415b5944c7ac91d4bcb6ac1dcc9734f5b637b1e746d8e9d76dfb475f7e74
inputs/base/results/2_Generator/1_UK/candidates/Uni/TLD6.npz,d984b1dfb7521d23a15e8b94dbb0c102f03062c1c1d5c5e6ffbdc71f6415d5c6
inputs/base/results/2_Generator/1_UK/candidates/Uni/TLE3.npz,e36c12e0cb97ad4cc62cb0b45954109d583ff50e68d8ec0c735f882ef801c0aa
inputs/base/results/2_Generator/1_UK/candidates/Uni/TLE4.npz,619ec399fdc69bab08c64969f8bc87368f8b993e2a6d68b9e366acca37cb2f0b
inputs/base/results/2_Generator/1_UK/candidates/Uni/TLF1.npz,e4019a22cf1a22e0186e2760602bc398a001254168cf7421963a140c9c5cd18a
inputs/base/results/2_Generator/1_UK/candidates/Uni/TLF2.npz,8427f23034ba0f3d53a8cebcc5fadc4e50484f3941d821c517b2f5fe9ad8b5c2
inputs/base/results/2_Generator/1_UK/candidates/Uni/TLG1.npz,2c51d41d9109c507aaffa57903ccfb7e90ecd6b5a937675ffd5d8e13064f020d
inputs/base/results/2_Generator/1_UK/candidates/Uni/TLG2.npz,7ac62339e064fb4d15a450abec8d399faf4c0836044d1a6532dd1cce3753dabe
inputs/base/results/2_Generator/1_UK/candidates/Uni/TLH1.npz,453a4338291e98b93f553eadd64710ed8e012130d34fdf4e270d6d75166c36b5
inputs/base/results/2_Generator/1_UK/candidates/Uni/TLH2.npz,f8f0bd65dee8fb894c393e541a2b1fd5f1262c5d838ecd12544f7fc63a1b85d3
inputs/base/results/2_Generator/1_UK/candidates/Uni/TLH3.npz,161d7d21a4e2ae6c82a4f4160d02492b9324a011c7b21453216d28c3521dd500
inputs/base/results/2_Generator/1_UK/candidates/Uni/TLJ1.npz,bec48dc23746679d4073d3a7997027976de12fa472658715679a678a6ff0d36c
inputs/base/results/2_Generator/1_UK/static/assignments/London.npz,3ec2e48347a52872204784edd6aca01507ef3845c3728788b2ab53be50a6271e
inputs/base/results/2_Generator/1_UK/static/assignments/TLC1.npz,c03e91faba145ab890644d837a0cd0b6744e8706eff86289a1d1f95b5c185fb7
inputs/base/results/2_Generator/1_UK/static/assignments/TLC2.npz,d20e708b7ee760400f9997a8ef205a5d905a7258e1ad51f1e44de69d284eb513
inputs/base/results/2_Generator/1_UK/static/assignments/TLD3.npz,57dcd6b9f51f745ff459fc1d9766022de236d950505beadcb518eaeb02f1e4a6
inputs/base/results/2_Generator/1_UK/static/assignments/TLD4.npz,c5099036430f39ceebcf162e11dc0ccc9be8316bd3b8b2ca79770be49b1af449
inputs/base/results/2_Generator/1_UK/static/assignments/TLD6.npz,6fce5f0e3c7fbe9553c414a2660a081e3401f75da68e923090daa57a77064dcb
inputs/base/results/2_Generator/1_UK/static/assignments/TLE3.npz,47b0d176953c73e0d8b7941193f18f1f50a7fc797c1958581e901f6bcbaa2c69
inputs/base/results/2_Generator/1_UK/static/assignments/TLE4.npz,fd2808468ab3671a11f24a902fb48c8917127865d12b721edc93dfac4e8776f9
inputs/base/results/2_Generator/1_UK/static/assignments/TLF1.npz,665cc80d67892b3b4a87e07c03ddf7083aca33bd258f86eab6590c7baa2027f5
inputs/base/results/2_Generator/1_UK/static/assignments/TLF2.npz,b9e899771e83f5cc5ee9b661a55cbf073411c30f876476d0f8846b1a131d8f5e
inputs/base/results/2_Generator/1_UK/static/assignments/TLG1.npz,6fc8ccd4424444751dfd6df65a8c58594eaac117c21bcb7c8432147424eaed5b
inputs/base/results/2_Generator/1_UK/static/assignments/TLG2.npz,ca7320180c1ab23a1020dc7abf772369906723c1c23e0bf2cad7e9c6530ec31f
inputs/base/results/2_Generator/1_UK/static/assignments/TLH1.npz,8ac63634c0399cfe0c633d9bc098d4311edbdd06242b7c8081953c2e903d34e3
inputs/base/results/2_Generator/1_UK/static/assignments/TLH2.npz,de814c881b4b3de862a846f07c56d0c4156b72723828d5b0f0003e8fbf4f6418
inputs/base/results/2_Generator/1_UK/static/assignments/TLH3.npz,d5bc3dea0821d80a19fbfbf9437df7b15dfc631542b55c067a93e38684590fa9
inputs/base/results/2_Generator/1_UK/static/assignments/TLJ1.npz,208796995ed9be7cab034532d30fee0f117ba61503876d543b49e0d4fee34e2c
inputs/base/results/2_Generator/2_AU/candidates/GNN/seed_123/Central_Coast.npz,d9126b4a435cda0c256787b6afe45a201827d5b2ba059cc03da64b205be4cc04
inputs/base/results/2_Generator/2_AU/candidates/GNN/seed_123/Hunter_Valley_exc_Newcastle.npz,a57f9231dfe3419da0ae232ecdf71bb50a7b2aabdc5b219b217e545fd30444c8
inputs/base/results/2_Generator/2_AU/candidates/GNN/seed_123/Newcastle_and_Lake_Macquarie.npz,5bf12d77d3ed7b6721a622f90c6d17a9611cc8ba3e4c804c5e666f475f1535f4
inputs/base/results/2_Generator/2_AU/candidates/GNN/seed_123/Sydney_City_and_Inner_South.npz,125bac786f24293f0f62e44bceea9c4ff56ec67278c9e358ed49b84c485ecc86
inputs/base/results/2_Generator/2_AU/candidates/GNN/seed_123/Sydney_Eastern_Suburbs.npz,e397adc0b14d555a6888dd7e0d69429c135cd8c8914f6ae667f71717edd2788b
inputs/base/results/2_Generator/2_AU/candidates/GNN/seed_123/Sydney_Inner_South_West.npz,4d78b83f1ed6cb0dda354ef00e9ecd1e7396cc3593f511bb0b0fa3d80fce26fa
inputs/base/results/2_Generator/2_AU/candidates/GNN/seed_123/Sydney_Inner_West.npz,6aa776226d494175b29e9667bcb54030254cd583215c25564198ca07c72f22b2
inputs/base/results/2_Generator/2_AU/candidates/GNN/seed_123/Sydney_North_Sydney_and_Hornsby.npz,8eb2f5d57061a8111a142225e2583405bc0090adc0eb5ff8dad9d42afd848781
inputs/base/results/2_Generator/2_AU/candidates/GNN/seed_123/Sydney_Northern_Beaches.npz,6b9574fd42ab79b318a133c8351b0b518c57e92b4370b6e80753184fc242894b
inputs/base/results/2_Generator/2_AU/candidates/GNN/seed_123/Sydney_Parramatta.npz,d608a215a69660509bd479fff2acebaa43efc14c22cfc1a059aee85f7d5dada7
inputs/base/results/2_Generator/2_AU/candidates/GNN/seed_123/Sydney_Ryde.npz,7fe751c9c3ac93979130a0776decc730c633082228372f964660e976a8757e20
inputs/base/results/2_Generator/2_AU/candidates/GNN/seed_123/Sydney_Sutherland.npz,7e996e42873d86198b83536032e78e719f1fef52a160eeed143bea5a5aedb6b8
inputs/base/results/2_Generator/2_AU/candidates/GNN/seed_42/Central_Coast.npz,1f53ba1808ef25e82519d5cd046365705897b29ced4ad4a963678d495d85f0fa
inputs/base/results/2_Generator/2_AU/candidates/GNN/seed_42/Hunter_Valley_exc_Newcastle.npz,004a5882723fec3fef3fc437fb9575edfc0d9f3a3b746998ca359599ef073426
inputs/base/results/2_Generator/2_AU/candidates/GNN/seed_42/Newcastle_and_Lake_Macquarie.npz,88058dadcf41f6896cddedf377a501a48639ce33088c58986f8ef7a146c90987
inputs/base/results/2_Generator/2_AU/candidates/GNN/seed_42/Sydney_City_and_Inner_South.npz,7597cd3e211397278ebb9335da6e1ebc9ca233e2e26130b31bf6f77af4ec6590
inputs/base/results/2_Generator/2_AU/candidates/GNN/seed_42/Sydney_Eastern_Suburbs.npz,b52411e65de1b17cda6e15ebf8ced7790d91b1904f06a6bf0eeeebff1abf755e
inputs/base/results/2_Generator/2_AU/candidates/GNN/seed_42/Sydney_Inner_South_West.npz,3ba307f789b7f45b54759e2082dcac1f4431dbd4700882a68add2ed4070f3c2f
inputs/base/results/2_Generator/2_AU/candidates/GNN/seed_42/Sydney_Inner_West.npz,486beb01b98e6df70a2fb2f9b17dc31851e5339de45c1905d2639cd6a3d8dc3c
inputs/base/results/2_Generator/2_AU/candidates/GNN/seed_42/Sydney_North_Sydney_and_Hornsby.npz,3b2d24e58decfea70c1886bbff0efc805024e4fd3d2d15301387b28047df7159
inputs/base/results/2_Generator/2_AU/candidates/GNN/seed_42/Sydney_Northern_Beaches.npz,5fde336771f8df871ec0d52cb9a9f9f4bdb76ad6d5cc0d3bdd894c5d5139ba95
inputs/base/results/2_Generator/2_AU/candidates/GNN/seed_42/Sydney_Parramatta.npz,8fd14f75919f07c89d3f59d9d2b5c8d8eb733b3096342517297ddbe2fd930e6b
inputs/base/results/2_Generator/2_AU/candidates/GNN/seed_42/Sydney_Ryde.npz,a54ff4c4e660e3442b1ad23d3e9c30963c302c5bd49fb82a967802f69af2a9ff
inputs/base/results/2_Generator/2_AU/candidates/GNN/seed_42/Sydney_Sutherland.npz,be8080e20fb4cf4bccb985b66a4bba9d687c393023adb29a2ab62f8a54d72a1b
inputs/base/results/2_Generator/2_AU/candidates/GNN/seed_456/Central_Coast.npz,0e0b5713afcd2eee1b9f0d33bcc34b4742c46eee2c5775bfca3ac15b5a0db55a
inputs/base/results/2_Generator/2_AU/candidates/GNN/seed_456/Hunter_Valley_exc_Newcastle.npz,52053416581cc142953eb083220dfdb3b3a7a3572cdbb1ce4a3ebbc450478fc4
inputs/base/results/2_Generator/2_AU/candidates/GNN/seed_456/Newcastle_and_Lake_Macquarie.npz,032a20893c1f2a838935d2a133443b2122a2f2425efc5a9e355a85ccd322eeb1
inputs/base/results/2_Generator/2_AU/candidates/GNN/seed_456/Sydney_City_and_Inner_South.npz,d12c52c025014a711d34c6fe322ac876bc70e13cd70d05a724f7a04342b0df88
inputs/base/results/2_Generator/2_AU/candidates/GNN/seed_456/Sydney_Eastern_Suburbs.npz,25cd5883e92805a5543022956ec97b7297013b87c296fbc5d500f765585498dd
inputs/base/results/2_Generator/2_AU/candidates/GNN/seed_456/Sydney_Inner_South_West.npz,2951d55f3b5c50c084aacd2dbb61857b5cda4d982ec8cf9bb148f11b88b266a5
inputs/base/results/2_Generator/2_AU/candidates/GNN/seed_456/Sydney_Inner_West.npz,084fc963e7982e998a4c4aabd3f4476ca8fd78d2086ab05910643830c0313676
inputs/base/results/2_Generator/2_AU/candidates/GNN/seed_456/Sydney_North_Sydney_and_Hornsby.npz,9c78d425f0aff34bf0de99e34bb653dab1c21ee1db4e397fff34397399f09dc0
inputs/base/results/2_Generator/2_AU/candidates/GNN/seed_456/Sydney_Northern_Beaches.npz,ee2777d02dba0ffc95d0041c7b4633af60f7c237a39b3d7a22e8760aac1329b1
inputs/base/results/2_Generator/2_AU/candidates/GNN/seed_456/Sydney_Parramatta.npz,7f9fa41c0c8f640572c0f52f56be93779e75ee4816ecc06e68b2c30e86fe3577
inputs/base/results/2_Generator/2_AU/candidates/GNN/seed_456/Sydney_Ryde.npz,a65e7aa6910a531de9deb2790092514323a1d4c8677f27b15749f125756ae20e
inputs/base/results/2_Generator/2_AU/candidates/GNN/seed_456/Sydney_Sutherland.npz,afb9e69b517d1fe26134a31d416f38b11abb9e481344844a559c5fb9e4cd24c1
inputs/base/results/2_Generator/2_AU/candidates/GPM/Central_Coast.npz,088970df2876cda74dc40ed777faa0a7f753109be5e8692b752203870d3083f1
inputs/base/results/2_Generator/2_AU/candidates/GPM/Hunter_Valley_exc_Newcastle.npz,58608bb4960f2d6e9d1f56ef963f36e0afee98c9ec6f303ddb5cf9357c8a0ed5
inputs/base/results/2_Generator/2_AU/candidates/GPM/Newcastle_and_Lake_Macquarie.npz,a8792335dc1083b22e27e68f323f4071e2447466d043fd18ee60bca898b63ef9
inputs/base/results/2_Generator/2_AU/candidates/GPM/Sydney_City_and_Inner_South.npz,fdc956cffe021c4d9a715a97bbdb145bbb66c40ff5e8af63e7c1b20a655424c0
inputs/base/results/2_Generator/2_AU/candidates/GPM/Sydney_Eastern_Suburbs.npz,db786b0ac9e7d661fe757dfb4f8dfa5639129cfff95c9c90534a39a4a3de7356
inputs/base/results/2_Generator/2_AU/candidates/GPM/Sydney_Inner_South_West.npz,06a090395635d577ea9e1087b59d75048f9a1e663b7d13671c88a91b17d35f1e
inputs/base/results/2_Generator/2_AU/candidates/GPM/Sydney_Inner_West.npz,71623f4b4524e2b698e5d106dad6b0e94675b356574336415eca99dbdede82da
inputs/base/results/2_Generator/2_AU/candidates/GPM/Sydney_North_Sydney_and_Hornsby.npz,148f0875361dc5024e5f2c3a4782679fc765713f008379ca895e499f70b85118
inputs/base/results/2_Generator/2_AU/candidates/GPM/Sydney_Northern_Beaches.npz,ebcfea497a95414f3a216a29c1886d49c9cd25e549ddf3b03d20d05123bb3252
inputs/base/results/2_Generator/2_AU/candidates/GPM/Sydney_Parramatta.npz,cd9d99b83607aff55372aa6fb52ef5e39d816042b1af0bb4cb6aac5f0466c6b5
inputs/base/results/2_Generator/2_AU/candidates/GPM/Sydney_Ryde.npz,e87ecbd66bb03235035d23c591ba2c4d3dc9346a6650a0f2ec24dc1b8e98dde3
inputs/base/results/2_Generator/2_AU/candidates/GPM/Sydney_Sutherland.npz,7810b1e5e6e03ec99380d188524ce64e684ec3a88629682078e3ff1cd9303170
inputs/base/results/2_Generator/2_AU/candidates/Uni/Central_Coast.npz,d3ebaf45d9f688d7374267ce982304cfeabb2c4c901eac17d933c585394c9da8
inputs/base/results/2_Generator/2_AU/candidates/Uni/Hunter_Valley_exc_Newcastle.npz,b0d21f1c3a4c4000bbe09938b69dd591ac9ef59d0ea2e498045acf0cd1b43f1a
inputs/base/results/2_Generator/2_AU/candidates/Uni/Newcastle_and_Lake_Macquarie.npz,d9e2f2364b12a1f7e59ee7623a718af7c6339ab856bb2de6eec0287b49b373ee
inputs/base/results/2_Generator/2_AU/candidates/Uni/Sydney_City_and_Inner_South.npz,43dbedc961a51df383f634f2b3289ec152665c965959435e56b11937711d9775
inputs/base/results/2_Generator/2_AU/candidates/Uni/Sydney_Eastern_Suburbs.npz,b8227659581fdcdde4c498fcd72a6836b4ab1dbccca22ef17e9ce6bc8dc69ab0
inputs/base/results/2_Generator/2_AU/candidates/Uni/Sydney_Inner_South_West.npz,64d6a03143d9304406400514938aa059e13196da6762cbe4dd201c11b610c9e9
inputs/base/results/2_Generator/2_AU/candidates/Uni/Sydney_Inner_West.npz,b0258ab619f28d2eb615ae93074755a857285712d740955e99cbdb4cceb35d15
inputs/base/results/2_Generator/2_AU/candidates/Uni/Sydney_North_Sydney_and_Hornsby.npz,4749dc196465aa9b6db5c1157b4d07a6a79ba29e499c0d21d7e4af1c5654e1ed
inputs/base/results/2_Generator/2_AU/candidates/Uni/Sydney_Northern_Beaches.npz,d04a168636a4438866d9f10c47b7ad8de81d0f2ca23583304cbe1e692b5d52f7
inputs/base/results/2_Generator/2_AU/candidates/Uni/Sydney_Parramatta.npz,ef19119fa8df5e8ec466806eae288b96f05fcf8491c12fe752aa1f6344fb52c0
inputs/base/results/2_Generator/2_AU/candidates/Uni/Sydney_Ryde.npz,c1cdd71607a184208cb3f10d13b5c8249f0681fff4dcee0eeeed695908a8cce5
inputs/base/results/2_Generator/2_AU/candidates/Uni/Sydney_Sutherland.npz,1d3f5b249d3d9eae71a5dbbb9cf99713f549950137744f3c054580d0dc060f49
inputs/base/results/2_Generator/2_AU/static/assignments/Central_Coast.npz,419671bfb0bae18a1d2b2facdfe2e7fef19e179df34f9d9d1107f43a43f98c84
inputs/base/results/2_Generator/2_AU/static/assignments/Hunter_Valley_exc_Newcastle.npz,4cf74fb3dcec5105cea3c8c820a9ad53286365d784b79177fb45952f737fb22f
inputs/base/results/2_Generator/2_AU/static/assignments/Newcastle_and_Lake_Macquarie.npz,f2951b8ef77eefa30528dd9a0f15331e03cd3811f11b3026ca20b7e8af1ee99d
inputs/base/results/2_Generator/2_AU/static/assignments/Sydney_City_and_Inner_South.npz,3dce5a553d375326ccb51eb28d4e790af83dd1ee86b3d979c2073dfd9d30fdbf
inputs/base/results/2_Generator/2_AU/static/assignments/Sydney_Eastern_Suburbs.npz,5395ce3a753c72d8606c483552744d84415bb27329d164ba6847c38044f2a7b6
inputs/base/results/2_Generator/2_AU/static/assignments/Sydney_Inner_South_West.npz,f3d7f8ad6ebef9a9c92e636e7729c3e7f6e9b473bd258cc7c797267e6c9a8f8d
inputs/base/results/2_Generator/2_AU/static/assignments/Sydney_Inner_West.npz,1b1246ad30c1abae7b8519e4c1a4a7cc4c411a76f25eab746e5a8beb68a231af
inputs/base/results/2_Generator/2_AU/static/assignments/Sydney_North_Sydney_and_Hornsby.npz,3a6cbd8c175c452de1033797e70af77921c3e2b2885048a94bb0d70e56ae39e5
inputs/base/results/2_Generator/2_AU/static/assignments/Sydney_Northern_Beaches.npz,8873db7564b8c1e18685ce42965edee855ec2c5e6c735fbc80d28dcbef40474c
inputs/base/results/2_Generator/2_AU/static/assignments/Sydney_Parramatta.npz,37ba561bae2dd91132769465017be3678696cea92a4d84db0ca1c4af7e0a14ef
inputs/base/results/2_Generator/2_AU/static/assignments/Sydney_Ryde.npz,d8611198c719e2aee05c39ab6d3661e0819d256334f7b67d3d7fcf9300e4dbbe
inputs/base/results/2_Generator/2_AU/static/assignments/Sydney_Sutherland.npz,9d87d09d3aa37137ac1405f7d4c485b2a1a8b95cf7057a5f89dd64fac9e6b863
inputs/release_r2/3_Experiment/1_UK/observations/London/connection/surfaces.npz,ea9ab6d2cf43e91459bd6d06e0026a3a151f0d8e27c60ae0603b018e37688a97
inputs/release_r2/3_Experiment/1_UK/observations/TLC1/connection/surfaces.npz,e1ea89f6d2c14257f5dd2db107c3c0f3dbf2a287c93a55197bbdd6cee8fe0a47
inputs/release_r2/3_Experiment/1_UK/observations/TLC2/connection/surfaces.npz,5868d9cbcc83917dafa02222eb0978a6a7a2b38718dfbd4b59567aa0285ac9b0
inputs/release_r2/3_Experiment/1_UK/observations/TLD3/connection/surfaces.npz,d16d6c1e832beb1fe51c4946ee1acd6ff8b5aee37114946d73e9876f49d7e78b
inputs/release_r2/3_Experiment/1_UK/observations/TLD4/connection/surfaces.npz,c85563ffb437ddc4131d29327769bcebc33981b4c986d70f0e918bd68321f2cc
inputs/release_r2/3_Experiment/1_UK/observations/TLD6/connection/surfaces.npz,924f09b9188729bf683ad7be9b2226df467520e132f4492e22ea755c8b21e59e
inputs/release_r2/3_Experiment/1_UK/observations/TLE3/connection/surfaces.npz,6c4784f3a60c4902baaf9065f8cbf41c33e6eaef28decf57daaefed2f5790cc3
inputs/release_r2/3_Experiment/1_UK/observations/TLE4/connection/surfaces.npz,456f6057bcb0ff66bb957b8b2a51bdd5203062f1d51671ad29e0209a24329c3b
inputs/release_r2/3_Experiment/1_UK/observations/TLF1/connection/surfaces.npz,cd6a664787e567d3fcc2ecf0763c055e0515e7bbc2c1f1c1a6b529490a881304
inputs/release_r2/3_Experiment/1_UK/observations/TLF2/connection/surfaces.npz,04672b37c44a89c157f6e04ea03e943fe732d0dc4cd1fd46b84cac6150612b3c
inputs/release_r2/3_Experiment/1_UK/observations/TLG1/connection/surfaces.npz,fd24d106be704e73d3ed94e519d5335e6ba209caeed04be74e35d0a427161a36
inputs/release_r2/3_Experiment/1_UK/observations/TLG2/connection/surfaces.npz,d24152e93a0ee10085846815bc608990203ff5ea1b176f2b0f760068e2aeac39
inputs/release_r2/3_Experiment/1_UK/observations/TLH1/connection/surfaces.npz,f7ea5e0b94db975d7a8332a8009c82727b1f4eb7e39a43a0e8bc21e310cd64ce
inputs/release_r2/3_Experiment/1_UK/observations/TLH2/connection/surfaces.npz,ad63f89da498732e786c765c354870f4afe230cfd2ba151bcee493321ae8964d
inputs/release_r2/3_Experiment/1_UK/observations/TLH3/connection/surfaces.npz,5ac07121c88bd40883ddd5a1316a6d47578acaf3743cae605b1e386910c604fa
inputs/release_r2/3_Experiment/1_UK/observations/TLJ1/connection/surfaces.npz,91efffa4e0c41c2829a19ad9499930f8bb1ed8b46cc9108d1ee0b5dd43b92cc3
inputs/release_r2/3_Experiment/2_AU/observations/Central_Coast/connection/surfaces.npz,00780aa24d15a2f77e1593fbd498ecae066811399c56001efea10fbd1f8fbf71
inputs/release_r2/3_Experiment/2_AU/observations/Hunter_Valley_exc_Newcastle/connection/surfaces.npz,99ed00a2f3ac1a108e46c09370c50e38c51a167915e553fdb8aa6c36be48a95c
inputs/release_r2/3_Experiment/2_AU/observations/Newcastle_and_Lake_Macquarie/connection/surfaces.npz,63161593a5bd8b2f329379d8c230190c745bdd17419d33e8ca071f16bbe8f2f2
inputs/release_r2/3_Experiment/2_AU/observations/Sydney_City_and_Inner_South/connection/surfaces.npz,b7c636449eac3e59afb9517e94dab6f074c640d3677eed0b090e68086f7eb8c4
inputs/release_r2/3_Experiment/2_AU/observations/Sydney_Eastern_Suburbs/connection/surfaces.npz,e71d3efb0dad46fdc4872ff5acd98c8ce48bade5a679f1d7d750aa0caaf877be
inputs/release_r2/3_Experiment/2_AU/observations/Sydney_Inner_South_West/connection/surfaces.npz,0a7d5b6ea3c7c792a2d0958e25af5c80036fb0de4b32b815d3564725fbd631b6
inputs/release_r2/3_Experiment/2_AU/observations/Sydney_Inner_West/connection/surfaces.npz,8d4cfb661cd932476050c18d52c568764777b1ade4c88fc8947ef09d7210b72a
inputs/release_r2/3_Experiment/2_AU/observations/Sydney_North_Sydney_and_Hornsby/connection/surfaces.npz,766c73574938d8d8e16ec97b2a9f60d43fa6d78f32577dd27e66c999a0ee3309
inputs/release_r2/3_Experiment/2_AU/observations/Sydney_Northern_Beaches/connection/surfaces.npz,c4fa678177d8949f2fdb108c876ff8f9f147956831d66df79e0b649be93fa64a
inputs/release_r2/3_Experiment/2_AU/observations/Sydney_Parramatta/connection/surfaces.npz,9a0883e0f6a08c4750acb815330364c342117ffd495be763b342dc442cc2eb1e
inputs/release_r2/3_Experiment/2_AU/observations/Sydney_Ryde/connection/surfaces.npz,b0baf46b2bc085b49c6eb5ee994d3f310067468f383b2cb8fd31aed64ed3433c
inputs/release_r2/3_Experiment/2_AU/observations/Sydney_Sutherland/connection/surfaces.npz,47cacc4d29a86419ac70b8df37e8cd646f8af1b26ac16fa2b9f4576542142711
inputs/connection_pricing/tnuos_tariffs_2026_27.xlsx,3c608c80ce10e1786a3fe65a60e067b7aa44da6d7ab5ee3432cbe53c60590d9b
inputs/connection_pricing/dno_zones_20240503.geojson,ac97ce8a50b22addf40901171d263267b9d395d82f7d2640533dcfdee90984a2
code/upstream_release_69c4008732ed.zip,a8ef11fad856f8bbb549eeffb7782211f29181bfea9ba59ad50db1d7efa9f150
