country,region,radius_km,median_G,ref_mean_abs_error,ref_score_radius,zero_station_fraction,q_r,ref_eligible,ref_reason
uk,London,10,610.53004513758788,30.927454971458012,0.050656728882995855,0,0.050656728882995855,True,
uk,London,20,3534.3061033662802,37.108979744466019,0.010499650754393134,0,0.050656728882995855,True,
uk,TLH2,10,99.947090000000003,10.376657988902775,0.10382151185094808,0,0.10382151185094808,True,
uk,TLH2,20,360.44342,13.310418022523805,0.036927898482718331,0,0.10382151185094808,True,
uk,TLH3,10,67.490970000000004,9.9651713433600015,0.1476519205955997,0,0.1476519205955997,True,
uk,TLH3,20,238.87051000000002,12.918679386078979,0.054082353598520712,0,0.1476519205955997,True,
uk,TLJ1,10,68.789917726187213,12.182028155599109,0.17709031436974096,0.0044999999999999997,0.17709031436974096,True,
uk,TLJ1,20,344.89199796463578,15.252466040353166,0.044223890755265102,0,0.17709031436974096,True,
uk,TLF1,10,59.829999999999998,12.100008009349496,0.20223981295920937,0.017500000000000002,0.20223981295920937,True,
uk,TLF1,20,322.25163037109371,16.049802252344939,0.049805185574585138,0,0.20223981295920937,True,
uk,TLF2,10,56.199999999999996,13.567733982410639,0.24141875413542063,0.0080000000000000002,0.24141875413542063,True,
uk,TLF2,20,302.25999999999999,18.882467911411418,0.062470945250484411,0,0.24141875413542063,True,
uk,TLC1,10,51.473450927734376,12.167353814624548,0.23638115563121617,0.1825,0.23638115563121617,True,
uk,TLC1,20,201.41623486328123,16.865843143387124,0.083736264630482463,0.0035000000000000001,0.23638115563121617,True,
uk,TLC2,10,0,8.7485297587471074,,0.57650000000000001,,False,REF_ZERO_MEDIAN_DEMAND
uk,TLC2,20,21.902566406249999,13.448573054471861,0.61401813856088794,0.184,,False,REF_ZERO_MEDIAN_DEMAND
uk,TLD6,10,82.783648124968011,9.4787172358956173,0.11449987347243741,0,0.11449987347243741,True,
uk,TLD6,20,273.29915301129665,11.434662851889781,0.041839364395751116,0,0.11449987347243741,True,
uk,TLG1,10,29.799999999999997,11.287115755166331,0.37876227366329973,0.0395,0.37876227366329973,False,REF_SCORE_ABOVE_THRESHOLD
uk,TLG1,20,138.12,15.687526237645907,0.11357896204493126,0,0.37876227366329973,False,REF_SCORE_ABOVE_THRESHOLD
uk,TLG2,10,37.640207628564568,11.702064598775744,0.31089266866570708,0.040000000000000001,0.31089266866570708,False,REF_SCORE_ABOVE_THRESHOLD
uk,TLG2,20,197.44499999999999,15.911721214718705,0.080588119297620636,0,0.31089266866570708,False,REF_SCORE_ABOVE_THRESHOLD
uk,TLE4,10,233.77066638183595,16.730197442339037,0.071566709807005011,0,0.071566709807005011,True,
uk,TLE4,20,919.81895385742189,19.760595249908381,0.021483135531224773,0,0.071566709807005011,True,
uk,TLH1,10,34.123060000000002,7.1088339278486634,0.20832932122291092,0.001,0.20832932122291092,True,
uk,TLH1,20,140.83197999999999,9.2805264100714009,0.065897862190614678,0,0.20832932122291092,True,
uk,TLE3,10,190.04388574218748,13.840095768223346,0.072825788181361151,0.0025000000000000001,0.072825788181361151,True,
uk,TLE3,20,622.33221569805471,15.550556093989282,0.024987547971538973,0,0.072825788181361151,True,
uk,TLD3,10,371.31026802611882,17.285519913223062,0.046552765710231203,0,0.046552765710231203,True,
uk,TLD3,20,1444.3399336687537,19.376034685779267,0.013415148493860716,0,0.046552765710231203,True,
uk,TLD4,10,88.46717938227701,12.690717274512467,0.14345113479513569,0.059999999999999998,0.14345113479513569,True,
uk,TLD4,20,360.66834887279907,16.580003361806661,0.045970220047376865,0,0.14345113479513569,True,
