country,region,method,seed,radius_km,dc_mw,L_E_T9,L_E_T25,L_S_T9,L_S_T25,selected_overlap,oracle_overlap,selected_shift_km,oracle_shift_km,n_tariff_zones_in_region,selected_ids_T9,selected_ids_T25,oracle_ids_T9,oracle_ids_T25
uk,London,Ref,,10,300,4206642.8335640859,4206642.8335640859,0,0,20,20,0,0,4,30168|30360|30720|39216|39240|39264|39288|39312|39336|39360|39384|39408|39432|39456|39480|39504|39528|39552|39576|39600,30168|30360|30720|39216|39240|39264|39288|39312|39336|39360|39384|39408|39432|39456|39480|39504|39528|39552|39576|39600,30168|30360|30720|39216|39240|39264|39288|39312|39336|39360|39384|39408|39432|39456|39480|39504|39528|39552|39576|39600,30168|30360|30720|39216|39240|39264|39288|39312|39336|39360|39384|39408|39432|39456|39480|39504|39528|39552|39576|39600
uk,London,Uni,,10,300,16463151.344659809,16463151.344659811,0,0,20,20,0,0,4,30168|30360|30720|39216|39240|39264|39288|39312|39336|39360|39384|39408|39432|39456|39480|39504|39528|39552|39576|39600,30168|30360|30720|39216|39240|39264|39288|39312|39336|39360|39384|39408|39432|39456|39480|39504|39528|39552|39576|39600,30168|30360|30720|39216|39240|39264|39288|39312|39336|39360|39384|39408|39432|39456|39480|39504|39528|39552|39576|39600,30168|30360|30720|39216|39240|39264|39288|39312|39336|39360|39384|39408|39432|39456|39480|39504|39528|39552|39576|39600
uk,London,LU,,10,300,12507912.283389192,12507912.28338919,0,0,20,20,0,0,4,30168|30360|30720|39216|39240|39264|39288|39312|39336|39360|39384|39408|39432|39456|39480|39504|39528|39552|39576|39600,30168|30360|30720|39216|39240|39264|39288|39312|39336|39360|39384|39408|39432|39456|39480|39504|39528|39552|39576|39600,30168|30360|30720|39216|39240|39264|39288|39312|39336|39360|39384|39408|39432|39456|39480|39504|39528|39552|39576|39600,30168|30360|30720|39216|39240|39264|39288|39312|39336|39360|39384|39408|39432|39456|39480|39504|39528|39552|39576|39600
uk,London,GNN,42,10,300,11390581.248338314,11390581.248338314,0,0,20,20,0,0,4,30168|30360|30720|39216|39240|39264|39288|39312|39336|39360|39384|39408|39432|39456|39480|39504|39528|39552|39576|39600,30168|30360|30720|39216|39240|39264|39288|39312|39336|39360|39384|39408|39432|39456|39480|39504|39528|39552|39576|39600,30168|30360|30720|39216|39240|39264|39288|39312|39336|39360|39384|39408|39432|39456|39480|39504|39528|39552|39576|39600,30168|30360|30720|39216|39240|39264|39288|39312|39336|39360|39384|39408|39432|39456|39480|39504|39528|39552|39576|39600
uk,London,GNN,123,10,300,9551025.9889881257,9551025.9889881257,0,0,20,20,0,0,4,30168|30360|30720|39216|39240|39264|39288|39312|39336|39360|39384|39408|39432|39456|39480|39504|39528|39552|39576|39600,30168|30360|30720|39216|39240|39264|39288|39312|39336|39360|39384|39408|39432|39456|39480|39504|39528|39552|39576|39600,30168|30360|30720|39216|39240|39264|39288|39312|39336|39360|39384|39408|39432|39456|39480|39504|39528|39552|39576|39600,30168|30360|30720|39216|39240|39264|39288|39312|39336|39360|39384|39408|39432|39456|39480|39504|39528|39552|39576|39600
uk,London,GNN,456,10,300,12499303.314256111,12499303.314256111,0,0,20,20,0,0,4,30168|30360|30720|39216|39240|39264|39288|39312|39336|39360|39384|39408|39432|39456|39480|39504|39528|39552|39576|39600,30168|30360|30720|39216|39240|39264|39288|39312|39336|39360|39384|39408|39432|39456|39480|39504|39528|39552|39576|39600,30168|30360|30720|39216|39240|39264|39288|39312|39336|39360|39384|39408|39432|39456|39480|39504|39528|39552|39576|39600,30168|30360|30720|39216|39240|39264|39288|39312|39336|39360|39384|39408|39432|39456|39480|39504|39528|39552|39576|39600
uk,TLH2,Ref,,10,300,4461962.9352281932,4461962.9352281932,5858049.8594383001,5858049.8594383001,20,20,0,0,3,4824|1464|6240|15096|13824|13608|5736|16272|15288|14472|3744|30888|5280|14040|14880|3576|4968|13392|3264|1296,4824|1464|6240|15096|13824|13608|5736|16272|15288|14472|3744|30888|5280|14040|14880|3576|4968|13392|3264|1296,1464|2544|1632|2088|1272|1536|1896|1992|2304|1200|1368|2184|2664|1440|1704|1800|576|648|960|720,1464|2544|1632|2088|1272|1536|1896|1992|2304|1200|1368|2184|2664|1440|1704|1800|576|648|960|720
uk,TLH2,Uni,,10,300,13670410.818812752,13670410.818812748,2036534.6497901678,2036534.6497901529,20,20,0,0,3,4824|1464|3576|3744|1296|3288|4512|2208|3264|1728|1824|2832|576|888|2328|648|4968|5280|6240|1632,4824|1464|3576|3744|1296|3288|4512|2208|3264|1728|1824|2832|576|888|2328|648|4968|5280|6240|1632,1464|2544|1632|2088|1272|1536|1896|1992|2304|1200|1368|2184|2664|1440|1704|1800|576|648|960|720,1464|2544|1632|2088|1272|1536|1896|1992|2304|1200|1368|2184|2664|1440|1704|1800|576|648|960|720
uk,TLH2,LU,,10,300,8954302.7833220586,8954302.7833220549,2400500.9363395423,2400500.9363395572,20,20,0,0,3,4824|1464|3744|6240|1296|3288|4512|3576|1320|4992|984|888|1728|1824|2328|2208|576|4968|2832|648,4824|1464|3744|6240|1296|3288|4512|3576|1320|4992|984|888|1728|1824|2328|2208|576|4968|2832|648,1464|2544|1632|2088|1272|1536|1896|1992|2304|1200|1368|2184|2664|1440|1704|1800|576|648|960|720,1464|2544|1632|2088|1272|1536|1896|1992|2304|1200|1368|2184|2664|1440|1704|1800|576|648|960|720
uk,TLH2,GNN,42,10,300,7843757.7512784759,7843757.7512784759,8494088.2009876817,8494088.2009876966,20,20,0,0,3,16272|28584|30096|28704|28656|28872|28752|13824|29880|30552|29376|29568|13608|30408|30480|30768|29424|30624|29832|29472,16272|28584|30096|28704|28656|28872|28752|13824|29880|30552|29376|29568|13608|30408|30480|30768|29424|30624|29832|29472,1464|2544|1632|2088|1272|1536|1896|1992|2304|1200|1368|2184|2664|1440|1704|1800|576|648|960|720,1464|2544|1632|2088|1272|1536|1896|1992|2304|1200|1368|2184|2664|1440|1704|1800|576|648|960|720
uk,TLH2,GNN,123,10,300,6432780.9408280244,6432780.9408280244,2891535.0089444667,2891535.0089444518,20,20,0,0,3,1464|1296|30096|1200|1272|1632|1032|336|3264|1320|1368|504|888|576|192|16272|30552|30768|648|30408,1464|1296|30096|1200|1272|1632|1032|336|3264|1320|1368|504|888|576|192|16272|30552|30768|648|30408,1464|2544|1632|2088|1272|1536|1896|1992|2304|1200|1368|2184|2664|1440|1704|1800|576|648|960|720,1464|2544|1632|2088|1272|1536|1896|1992|2304|1200|1368|2184|2664|1440|1704|1800|576|648|960|720
uk,TLH2,GNN,456,10,300,7444652.9830918983,7444652.9830918983,5976209.2478889525,5976209.2478889227,20,20,0,0,3,1464|16272|30096|1320|1296|28584|30552|888|30768|30408|4824|30480|30624|29880|6240|30216|28704|29568|30888|1632,1464|16272|30096|1320|1296|28584|30552|888|30768|30408|4824|30480|30624|29880|6240|30216|28704|29568|30888|1632,1464|2544|1632|2088|1272|1536|1896|1992|2304|1200|1368|2184|2664|1440|1704|1800|576|648|960|720,1464|2544|1632|2088|1272|1536|1896|1992|2304|1200|1368|2184|2664|1440|1704|1800|576|648|960|720
uk,TLH3,Ref,,10,300,4285023.6776448013,4285023.6776448013,490889.07499994338,490889.07499998808,20,20,0,0,2,12696|11688|12384|12216|12048|12552|14592|13032|14808|33408|15288|12888|11856|33072|13200|32448|32424|24288|17256|13512,12696|11688|12384|12216|12048|12552|14592|13032|14808|33408|15288|12888|11856|33072|13200|32448|32424|24288|17256|13512,14592|14808|33072|33408|15288|16560|16896|17016|17136|15696|16224|16344|17256|11688|32424|32448|12048|12216|12384|12552,14592|14808|33072|33408|15288|16560|16896|17016|17136|15696|16224|16344|17256|11688|32424|32448|12048|12216|12384|12552
uk,TLH3,Uni,,10,300,11569815.085115692,11569815.085115688,2215441.2699999511,2215441.2699999958,20,20,0,0,2,20616|17256|21288|21024|21384|17136|20856|17016|16896|15288|14808|14592|16560|21120|20448|20688|20520|11688|12696|20376,20616|17256|21288|21024|21384|17136|20856|17016|16896|15288|14808|14592|16560|21120|20448|20688|20520|11688|12696|20376,14592|14808|33072|33408|15288|16560|16896|17016|17136|15696|16224|16344|17256|11688|32424|32448|12048|12216|12384|12552,14592|14808|33072|33408|15288|16560|16896|17016|17136|15696|16224|16344|17256|11688|32424|32448|12048|12216|12384|12552
uk,TLH3,LU,,10,300,10424843.580537913,10424843.580537912,2593247.2249999642,2593247.2250000238,20,20,0,0,2,20616|21288|21024|17256|21384|20856|17136|17016|21120|20448|16896|20688|20520|16560|15288|14808|14592|20376|20232|20304,20616|21288|21024|17256|21384|20856|17136|17016|21120|20448|16896|20688|20520|16560|15288|14808|14592|20376|20232|20304,14592|14808|33072|33408|15288|16560|16896|17016|17136|15696|16224|16344|17256|11688|32424|32448|12048|12216|12384|12552,14592|14808|33072|33408|15288|16560|16896|17016|17136|15696|16224|16344|17256|11688|32424|32448|12048|12216|12384|12552
uk,TLH3,GNN,42,10,300,7297088.7416642783,7297088.7416642783,3737120.3249999732,3737120.3249999881,20,20,0,0,2,25128|24288|18600|24168|20232|3696|4848|20304|18624|24480|23808|5400|20616|7032|7008|15648|15912|35928|16896|24360,25128|24288|18600|24168|20232|3696|4848|20304|18624|24480|23808|5400|20616|7032|7008|15648|15912|35928|16896|24360,14592|14808|33072|33408|15288|16560|16896|17016|17136|15696|16224|16344|17256|11688|32424|32448|12048|12216|12384|12552,14592|14808|33072|33408|15288|16560|16896|17016|17136|15696|16224|16344|17256|11688|32424|32448|12048|12216|12384|12552
uk,TLH3,GNN,123,10,300,6825827.222093082,6825827.222093082,2936431.0849999636,2936431.0850000083,20,20,0,0,2,24288|25128|18600|24168|15648|15912|23808|24480|20232|18624|12696|20304|24048|24360|23112|17424|17616|17520|17328|35928,24288|25128|18600|24168|15648|15912|23808|24480|20232|18624|12696|20304|24048|24360|23112|17424|17616|17520|17328|35928,14592|14808|33072|33408|15288|16560|16896|17016|17136|15696|16224|16344|17256|11688|32424|32448|12048|12216|12384|12552,14592|14808|33072|33408|15288|16560|16896|17016|17136|15696|16224|16344|17256|11688|32424|32448|12048|12216|12384|12552
uk,TLH3,GNN,456,10,300,6995144.6934497571,6995144.6934497561,2103990.8599999547,2103990.8600000143,20,20,0,0,2,25128|18600|24288|24168|18624|16896|35928|24480|17016|20232|15648|17256|15912|17136|35040|23808|34872|24360|12696|20304,25128|18600|24288|24168|18624|16896|35928|24480|17016|20232|15648|17256|15912|17136|35040|23808|34872|24360|12696|20304,14592|14808|33072|33408|15288|16560|16896|17016|17136|15696|16224|16344|17256|11688|32424|32448|12048|12216|12384|12552,14592|14808|33072|33408|15288|16560|16896|17016|17136|15696|16224|16344|17256|11688|32424|32448|12048|12216|12384|12552
uk,TLJ1,Ref,,10,300,5238272.1069076173,5238272.1069076173,1175107.6671689376,2705344.4055384845,10,2,28.347117064453887,50.773336477515699,4,47736|47616|6624|34680|47544|46392|47784|5616|47448|6408|47832|47280|34512|47976|6216|47880|34776|47304|47760|47928,6624|34680|5616|47736|6408|34512|6216|34776|47616|5976|35232|34104|4776|34872|6792|34224|5568|5400|10728|47544,47616|47736|6624|47448|47544|47784|47832|47880|47928|47976|47424|47520|47592|47664|47712|47760|47280|47304|47328|6408,6624|6408|34680|6216|6816|5616|34776|34512|5400|10728|7416|5808|7824|34872|8352|7224|4776|35232|34104|34224
uk,TLJ1,Uni,,10,300,20092831.387112495,20092831.387112491,11564779.623941675,8398823.2993763909,16,2,10.38110262244385,50.773336477515699,4,47736|47616|36912|36744|36984|47544|47448|3648|4584|4776|5568|5616|5976|6216|6624|6792|7032|7224|7824|9912,36912|36744|36984|3648|4584|4776|5568|5616|5976|6216|6624|6792|7032|7224|7824|9912|10056|10728|10848|10872,47616|47736|6624|47448|47544|47784|47832|47880|47928|47976|47424|47520|47592|47664|47712|47760|47280|47304|47328|6408,6624|6408|34680|6216|6816|5616|34776|34512|5400|10728|7416|5808|7824|34872|8352|7224|4776|35232|34104|34224
uk,TLJ1,LU,,10,300,18136675.881881051,18136675.881881051,18446468.529897869,11485598.222143106,17,2,4.2732116844159256,50.773336477515699,4,36912|36984|36744|4776|5568|5616|5976|6216|6624|6792|7824|9912|10056|10728|10848|10872|20016|20808|20976|21456,4776|5568|5616|5976|6216|6624|6792|7824|9912|10056|10728|10848|10872|20016|20808|20976|21456|22392|24792|33696,47616|47736|6624|47448|47544|47784|47832|47880|47928|47976|47424|47520|47592|47664|47712|47760|47280|47304|47328|6408,6624|6408|34680|6216|6816|5616|34776|34512|5400|10728|7416|5808|7824|34872|8352|7224|4776|35232|34104|34224
uk,TLJ1,GNN,42,10,300,13327241.711484283,13327241.711484283,13251339.23899205,4813139.4598326683,18,2,1.9385257137430658,50.773336477515699,4,6624|6792|10728|34104|34224|34512|34680|34776|34872|35232|35736|35472|5976|35304|34008|6216|4776|36912|36744|6408,6624|6792|10728|34104|34224|34512|34680|34776|34872|35232|35736|35472|5976|35304|34008|6216|4776|6408|5568|33888,47616|47736|6624|47448|47544|47784|47832|47880|47928|47976|47424|47520|47592|47664|47712|47760|47280|47304|47328|6408,6624|6408|34680|6216|6816|5616|34776|34512|5400|10728|7416|5808|7824|34872|8352|7224|4776|35232|34104|34224
uk,TLJ1,GNN,123,10,300,11499289.943751251,11499289.943751251,13743077.773621812,10249266.557678364,18,2,4.8176254548359383,50.773336477515699,4,34512|34680|34776|34872|35232|6792|35736|35472|36912|36744|6624|36984|10728|5976|34104|35304|47616|47736|4776|24792,34512|34680|34776|34872|35232|6792|35736|35472|6624|10728|5976|36912|34104|35304|36744|4776|24792|21456|36984|20808,47616|47736|6624|47448|47544|47784|47832|47880|47928|47976|47424|47520|47592|47664|47712|47760|47280|47304|47328|6408,6624|6408|34680|6216|6816|5616|34776|34512|5400|10728|7416|5808|7824|34872|8352|7224|4776|35232|34104|34224
uk,TLJ1,GNN,456,10,300,14766957.617773576,14766957.617773576,13880460.670782864,5895087.5278740972,19,2,1.3405444002637927,50.773336477515699,4,6624|6792|10728|33888|34008|34104|34224|34512|34680|34776|34872|35232|35304|35472|35736|5616|33960|34440|7824|36912,6624|6792|10728|33888|34008|34104|34224|34512|34680|34776|34872|35232|35304|35472|35736|5616|33960|34440|7824|5976,47616|47736|6624|47448|47544|47784|47832|47880|47928|47976|47424|47520|47592|47664|47712|47760|47280|47304|47328|6408,6624|6408|34680|6216|6816|5616|34776|34512|5400|10728|7416|5808|7824|34872|8352|7224|4776|35232|34104|34224
uk,TLF1,Ref,,10,300,5203003.4440202834,5203003.4440202834,910095.0000000149,910095,20,20,0,0,3,25944|28896|28776|28872|29184|29136|25392|25320|25248|25848|24384|28560|28584|28848|28944|28704|28608|24216|28968|29088,25944|28896|28776|28872|29184|29136|25392|25320|25248|25848|24384|28560|28584|28848|28944|28704|28608|24216|28968|29088,25944|28776|28872|28896|29136|28848|29184|28944|28968|29088|25248|25320|25392|25776|29616|28704|25848|28656|26016|28584,25944|28776|28872|28896|29136|28848|29184|28944|28968|29088|25248|25320|25392|25776|29616|28704|25848|28656|26016|28584
uk,TLF1,Uni,,10,300,17164379.988891501,17164379.988891501,2459170.0000000149,2459170,20,20,0,0,3,24384|24456|24696|25248|25320|25392|25464|25848|25944|26016|28560|28584|28608|28656|28704|28776|28848|28872|28896|29136,24384|24456|24696|25248|25320|25392|25464|25848|25944|26016|28560|28584|28608|28656|28704|28776|28848|28872|28896|29136,25944|28776|28872|28896|29136|28848|29184|28944|28968|29088|25248|25320|25392|25776|29616|28704|25848|28656|26016|28584,25944|28776|28872|28896|29136|28848|29184|28944|28968|29088|25248|25320|25392|25776|29616|28704|25848|28656|26016|28584
uk,TLF1,LU,,10,300,17013251.838855494,17013251.838855494,2196225.0000000075,2196225,20,20,0,0,3,24384|24456|24696|25248|25320|25392|25464|25848|25944|26016|28560|28584|28608|28704|28776|28848|28872|28896|29136|29184,24384|24456|24696|25248|25320|25392|25464|25848|25944|26016|28560|28584|28608|28704|28776|28848|28872|28896|29136|29184,25944|28776|28872|28896|29136|28848|29184|28944|28968|29088|25248|25320|25392|25776|29616|28704|25848|28656|26016|28584,25944|28776|28872|28896|29136|28848|29184|28944|28968|29088|25248|25320|25392|25776|29616|28704|25848|28656|26016|28584
uk,TLF1,GNN,42,10,300,9084437.0560619701,9084437.0560619701,5895945.0000000149,5895945,20,20,0,0,3,25944|25392|28896|25320|25848|25248|28776|29184|28872|29136|28704|26016|28608|25464|31896|24384|32232|27120|29088|32712,25944|25392|28896|25320|25848|25248|28776|29184|28872|29136|28704|26016|28608|25464|31896|24384|32232|27120|29088|32712,25944|28776|28872|28896|29136|28848|29184|28944|28968|29088|25248|25320|25392|25776|29616|28704|25848|28656|26016|28584,25944|28776|28872|28896|29136|28848|29184|28944|28968|29088|25248|25320|25392|25776|29616|28704|25848|28656|26016|28584
uk,TLF1,GNN,123,10,300,10766733.272404412,10766733.272404412,2220735.0000000075,2220735,20,20,0,0,3,25248|25320|25392|25848|25944|28776|28872|28896|28704|28608|29136|24384|29184|28584|28848|28560|25464|26016|24456|24120,25248|25320|25392|25848|25944|28776|28872|28896|28704|28608|29136|24384|29184|28584|28848|28560|25464|26016|24456|24120,25944|28776|28872|28896|29136|28848|29184|28944|28968|29088|25248|25320|25392|25776|29616|28704|25848|28656|26016|28584,25944|28776|28872|28896|29136|28848|29184|28944|28968|29088|25248|25320|25392|25776|29616|28704|25848|28656|26016|28584
uk,TLF1,GNN,456,10,300,10974729.070739852,10974729.070739852,1491885.0000000075,1491885,20,20,0,0,3,25248|25320|25392|25848|25944|28776|28872|28896|29136|28704|29184|28608|25464|26016|24384|28584|28848|28560|24456|29088,25248|25320|25392|25848|25944|28776|28872|28896|29136|28704|29184|28608|25464|26016|24384|28584|28848|28560|24456|29088,25944|28776|28872|28896|29136|28848|29184|28944|28968|29088|25248|25320|25392|25776|29616|28704|25848|28656|26016|28584,25944|28776|28872|28896|29136|28848|29184|28944|28968|29088|25248|25320|25392|25776|29616|28704|25848|28656|26016|28584
uk,TLF2,Ref,,10,300,5834125.6124365749,5834125.6124365749,3712190,3712189.9999999851,20,20,0,0,1,38256|8376|14208|9096|6384|32856|8184|9816|6504|7968|5544|9456|37752|33048|14688|33240|14328|14184|30624|8280,38256|8376|14208|9096|6384|32856|8184|9816|6504|7968|5544|9456|37752|33048|14688|33240|14328|14184|30624|8280,8376|9096|14208|8184|9456|9816|14184|7968|14328|14616|14904|38256|14736|14424|14520|14688|8280|7848|14976|10080,8376|9096|14208|8184|9456|9816|14184|7968|14328|14616|14904|38256|14736|14424|14520|14688|8280|7848|14976|10080
uk,TLF2,Uni,,10,300,15008536.491556305,15008536.491556305,1352565,1352565,20,20,0,0,1,8184|8376|9096|9456|9816|14208|38256|8280|7968|6384|14328|6504|5544|14616|14904|7848|9264|9000|8064|8640,8184|8376|9096|9456|9816|14208|38256|8280|7968|6384|14328|6504|5544|14616|14904|7848|9264|9000|8064|8640,8376|9096|14208|8184|9456|9816|14184|7968|14328|14616|14904|38256|14736|14424|14520|14688|8280|7848|14976|10080,8376|9096|14208|8184|9456|9816|14184|7968|14328|14616|14904|38256|14736|14424|14520|14688|8280|7848|14976|10080
uk,TLF2,LU,,10,300,15158809.512364998,15158809.512364998,1398575,1398575,20,20,0,0,1,8184|8376|9096|14208|38256|9816|9456|6384|7968|8280|6504|14328|5544|14616|14904|7848|9264|9000|8064|9624,8184|8376|9096|14208|38256|9816|9456|6384|7968|8280|6504|14328|5544|14616|14904|7848|9264|9000|8064|9624,8376|9096|14208|8184|9456|9816|14184|7968|14328|14616|14904|38256|14736|14424|14520|14688|8280|7848|14976|10080,8376|9096|14208|8184|9456|9816|14184|7968|14328|14616|14904|38256|14736|14424|14520|14688|8280|7848|14976|10080
uk,TLF2,GNN,42,10,300,9879574.0299678929,9879574.0299678929,1274090,1274089.9999999851,20,20,0,0,1,9096|14208|8376|9816|9456|8184|7968|6384|8280|14328|6504|14904|14616|5544|9264|9624|7848|9000|14184|8064,9096|14208|8376|9816|9456|8184|7968|6384|8280|14328|6504|14904|14616|5544|9264|9624|7848|9000|14184|8064,8376|9096|14208|8184|9456|9816|14184|7968|14328|14616|14904|38256|14736|14424|14520|14688|8280|7848|14976|10080,8376|9096|14208|8184|9456|9816|14184|7968|14328|14616|14904|38256|14736|14424|14520|14688|8280|7848|14976|10080
uk,TLF2,GNN,123,10,300,9557856.7069438547,9557856.7069438547,1215180,1215179.9999999851,20,20,0,0,1,9096|14208|8376|9816|9456|8184|7968|6384|14328|14904|14616|6504|8280|5544|9264|14184|9624|7848|9000|10080,9096|14208|8376|9816|9456|8184|7968|6384|14328|14904|14616|6504|8280|5544|9264|14184|9624|7848|9000|10080,8376|9096|14208|8184|9456|9816|14184|7968|14328|14616|14904|38256|14736|14424|14520|14688|8280|7848|14976|10080,8376|9096|14208|8184|9456|9816|14184|7968|14328|14616|14904|38256|14736|14424|14520|14688|8280|7848|14976|10080
uk,TLF2,GNN,456,10,300,8489851.8023149874,8489851.8023149874,922995,922994.9999999851,20,20,0,0,1,14208|9096|8376|9816|8184|9456|6384|7968|14328|14904|14616|6504|8280|15216|5544|38256|9624|9264|14184|7848,14208|9096|8376|9816|8184|9456|6384|7968|14328|14904|14616|6504|8280|15216|5544|38256|9624|9264|14184|7848,8376|9096|14208|8184|9456|9816|14184|7968|14328|14616|14904|38256|14736|14424|14520|14688|8280|7848|14976|10080,8376|9096|14208|8184|9456|9816|14184|7968|14328|14616|14904|38256|14736|14424|14520|14688|8280|7848|14976|10080
uk,TLC1,Ref,,10,300,5231962.1402885551,5231962.1402885551,4738411.8645019457,4738411.8645019531,20,20,0,0,2,13488|13992|13248|14496|43272|14760|14256|15024|43224|15288|39504|43152|17400|42480|22632|12744|42912|18216|12504|14232,13488|13992|13248|14496|43272|14760|14256|15024|43224|15288|39504|43152|17400|42480|22632|12744|42912|18216|12504|14232,38976|39048|39504|38688|39360|13248|13488|13992|14496|38352|14256|14760|15024|15288|39432|39696|39816|12504|12744|9144,38976|39048|39504|38688|39360|13248|13488|13992|14496|38352|14256|14760|15024|15288|39432|39696|39816|12504|12744|9144
uk,TLC1,Uni,,10,300,12803871.764007753,12803871.764007753,7885903.9235839769,7885903.9235839881,20,20,0,0,2,25944|26208|43272|42912|43224|42480|25128|26472|24576|25392|23472|24024|22632|43392|42144|43176|43104|14496|13992|13488,25944|26208|43272|42912|43224|42480|25128|26472|24576|25392|23472|24024|22632|43392|42144|43176|43104|14496|13992|13488,38976|39048|39504|38688|39360|13248|13488|13992|14496|38352|14256|14760|15024|15288|39432|39696|39816|12504|12744|9144,38976|39048|39504|38688|39360|13248|13488|13992|14496|38352|14256|14760|15024|15288|39432|39696|39816|12504|12744|9144
uk,TLC1,LU,,10,300,11835882.654595932,11835882.654595932,6063506.6252441332,6063506.6252441388,20,20,0,0,2,25944|26208|43272|25128|43224|26472|24576|23472|25392|24024|22632|42912|43392|42480|13992|14496|13488|13248|14760|14256,25944|26208|43272|25128|43224|26472|24576|23472|25392|24024|22632|42912|43392|42480|13992|14496|13488|13248|14760|14256,38976|39048|39504|38688|39360|13248|13488|13992|14496|38352|14256|14760|15024|15288|39432|39696|39816|12504|12744|9144,38976|39048|39504|38688|39360|13248|13488|13992|14496|38352|14256|14760|15024|15288|39432|39696|39816|12504|12744|9144
uk,TLC1,GNN,42,10,300,8616534.0680159479,8616534.0680159479,5368399.70996093,5368399.7099609412,20,20,0,0,2,25944|26208|25128|24576|25392|26472|22632|24024|23472|13992|15288|13488|13248|14496|14256|15024|14760|17400|18216|21744,25944|26208|25128|24576|25392|26472|22632|24024|23472|13992|15288|13488|13248|14496|14256|15024|14760|17400|18216|21744,38976|39048|39504|38688|39360|13248|13488|13992|14496|38352|14256|14760|15024|15288|39432|39696|39816|12504|12744|9144,38976|39048|39504|38688|39360|13248|13488|13992|14496|38352|14256|14760|15024|15288|39432|39696|39816|12504|12744|9144
uk,TLC1,GNN,123,10,300,7374088.1298842495,7374088.1298842495,4425859.9396972656,4425859.9396972675,20,20,0,0,2,25944|26208|25392|24576|25128|26472|22632|24024|23472|15288|15024|14256|13992|14496|13248|13488|14760|37944|38136|17400,25944|26208|25392|24576|25128|26472|22632|24024|23472|15288|15024|14256|13992|14496|13248|13488|14760|37944|38136|17400,38976|39048|39504|38688|39360|13248|13488|13992|14496|38352|14256|14760|15024|15288|39432|39696|39816|12504|12744|9144,38976|39048|39504|38688|39360|13248|13488|13992|14496|38352|14256|14760|15024|15288|39432|39696|39816|12504|12744|9144
uk,TLC1,GNN,456,10,300,7814487.5572472624,7814487.5572472624,4633166.6665039062,4633166.66650391,20,20,0,0,2,26208|25944|25392|24576|26472|22632|24024|25128|23472|15288|15024|14256|13488|13248|13992|14496|14760|37944|25656|38136,26208|25944|25392|24576|26472|22632|24024|25128|23472|15288|15024|14256|13488|13248|13992|14496|14760|37944|25656|38136,38976|39048|39504|38688|39360|13248|13488|13992|14496|38352|14256|14760|15024|15288|39432|39696|39816|12504|12744|9144,38976|39048|39504|38688|39360|13248|13488|13992|14496|38352|14256|14760|15024|15288|39432|39696|39816|12504|12744|9144
uk,TLC2,Ref,,10,300,3477830.2589647477,3477830.2589647477,923703.87011718866,923703.8701171875,20,20,0,0,3,45792|45864|45912|45936|45984|46056|46104|46128|46176|46200|46248|46272|46296|46320|46344|46392|46800|46848|46896|46968,45792|45864|45912|45936|45984|46056|46104|46128|46176|46200|46248|46272|46296|46320|46344|46392|46800|46848|46896|46968,45864|45912|45936|45984|46056|46104|46128|46176|46200|46248|46272|46296|46320|46344|46584|46800|46848|46896|46968|46992,45864|45912|45936|45984|46056|46104|46128|46176|46200|46248|46272|46296|46320|46344|46584|46800|46848|46896|46968|46992
uk,TLC2,Uni,,10,300,6975133.4179711761,6975133.4179711761,6080524.0537109375,6080524.05371093,20,20,0,0,3,11568|45792|45864|45912|45936|45984|46056|46104|46128|46176|46200|46248|46272|46296|46320|46344|46392|46440|46464|46488,11568|45792|45864|45912|45936|45984|46056|46104|46128|46176|46200|46248|46272|46296|46320|46344|46392|46440|46464|46488,45864|45912|45936|45984|46056|46104|46128|46176|46200|46248|46272|46296|46320|46344|46584|46800|46848|46896|46968|46992,45864|45912|45936|45984|46056|46104|46128|46176|46200|46248|46272|46296|46320|46344|46584|46800|46848|46896|46968|46992
uk,TLC2,LU,,10,300,6554171.7822418045,6554171.7822418045,4650950.1899414081,4650950.1899413988,20,20,0,0,3,11568|45792|45864|45912|45936|45984|46056|46104|46128|46176|46200|46248|46272|46296|46320|46344|46392|46440|46464|46536,11568|45792|45864|45912|45936|45984|46056|46104|46128|46176|46200|46248|46272|46296|46320|46344|46392|46440|46464|46536,45864|45912|45936|45984|46056|46104|46128|46176|46200|46248|46272|46296|46320|46344|46584|46800|46848|46896|46968|46992,45864|45912|45936|45984|46056|46104|46128|46176|46200|46248|46272|46296|46320|46344|46584|46800|46848|46896|46968|46992
uk,TLC2,GNN,42,10,300,5286230.4520354997,5286230.4520354997,3235754.8500976572,3235754.8500976488,20,20,0,0,3,45792|45864|45912|45936|45984|46056|46104|46128|46176|46200|46248|46272|46296|46320|46344|46392|46440|46464|46536|46584,45792|45864|45912|45936|45984|46056|46104|46128|46176|46200|46248|46272|46296|46320|46344|46392|46440|46464|46536|46584,45864|45912|45936|45984|46056|46104|46128|46176|46200|46248|46272|46296|46320|46344|46584|46800|46848|46896|46968|46992,45864|45912|45936|45984|46056|46104|46128|46176|46200|46248|46272|46296|46320|46344|46584|46800|46848|46896|46968|46992
uk,TLC2,GNN,123,10,300,5096730.4526166264,5096730.4526166264,3701380.5180664086,3701380.5180663988,20,20,0,0,3,45792|45864|45912|45936|45984|46056|46128|46176|46200|46248|46272|46296|46320|46344|46392|46440|46464|46536|46584|46632,45792|45864|45912|45936|45984|46056|46128|46176|46200|46248|46272|46296|46320|46344|46392|46440|46464|46536|46584|46632,45864|45912|45936|45984|46056|46104|46128|46176|46200|46248|46272|46296|46320|46344|46584|46800|46848|46896|46968|46992,45864|45912|45936|45984|46056|46104|46128|46176|46200|46248|46272|46296|46320|46344|46584|46800|46848|46896|46968|46992
uk,TLC2,GNN,456,10,300,5910016.2864796221,5910016.2864796221,3235754.8500976572,3235754.8500976488,20,20,0,0,3,45792|45864|45912|45936|45984|46056|46104|46128|46176|46200|46248|46272|46296|46320|46344|46392|46440|46464|46536|46584,45792|45864|45912|45936|45984|46056|46104|46128|46176|46200|46248|46272|46296|46320|46344|46392|46440|46464|46536|46584,45864|45912|45936|45984|46056|46104|46128|46176|46200|46248|46272|46296|46320|46344|46584|46800|46848|46896|46968|46992,45864|45912|45936|45984|46056|46104|46128|46176|46200|46248|46272|46296|46320|46344|46584|46800|46848|46896|46968|46992
uk,TLD6,Ref,,10,300,4075848.4114351156,4075848.4114351156,759673.67193973064,1322158.413074933,19,20,1.1459600709560707,0,3,45816|46008|46056|45960|45984|46032|45936|46080|47232|46608|47712|46272|47856|45672|46200|46344|47880|46176|40704|47064,45816|46008|46056|45960|45984|46032|45936|46080|47232|46608|47712|46272|47856|45672|46200|46344|47880|46176|40704|16728,46008|46056|46032|45816|45960|45984|46080|45936|46200|46272|46344|46608|46104|46128|46824|47064|47232|47712|47856|46488,46008|46056|46032|45816|45960|45984|46080|45936|46200|46272|46344|46608|46104|46128|46824|47064|47232|47712|47856|46488
uk,TLD6,Uni,,10,300,11823257.066154193,11823257.066154193,10631578.026886269,10631578.026886247,20,20,0,0,3,45816|45960|10320|46008|8304|34056|45984|9744|46056|9624|9888|10032|10176|10872|32040|31728|46032|45936|32496|9024,45816|45960|10320|46008|8304|34056|45984|9744|46056|9624|9888|10032|10176|10872|32040|31728|46032|45936|32496|9024,46008|46056|46032|45816|45960|45984|46080|45936|46200|46272|46344|46608|46104|46128|46824|47064|47232|47712|47856|46488,46008|46056|46032|45816|45960|45984|46080|45936|46200|46272|46344|46608|46104|46128|46824|47064|47232|47712|47856|46488
uk,TLD6,LU,,10,300,11563960.325272869,11563960.325272871,16530636.475916922,16530636.475916922,20,20,0,0,3,10320|34056|8304|9744|9624|9888|10032|10176|10872|32040|37968|31728|45816|32496|9024|46008|34224|33744|9600|9456,10320|34056|8304|9744|9624|9888|10032|10176|10872|32040|37968|31728|45816|32496|9024|46008|34224|33744|9600|9456,46008|46056|46032|45816|45960|45984|46080|45936|46200|46272|46344|46608|46104|46128|46824|47064|47232|47712|47856|46488,46008|46056|46032|45816|45960|45984|46080|45936|46200|46272|46344|46608|46104|46128|46824|47064|47232|47712|47856|46488
uk,TLD6,GNN,42,10,300,8470279.4914974552,8470279.4914974552,10861632.590459496,10861632.590459473,20,20,0,0,3,45816|46008|45960|45984|34104|34272|46056|46032|35112|35280|45936|35448|34440|34608|36648|34776|33936|36144|34944|33768,45816|46008|45960|45984|34104|34272|46056|46032|35112|35280|45936|35448|34440|34608|36648|34776|33936|36144|34944|33768,46008|46056|46032|45816|45960|45984|46080|45936|46200|46272|46344|46608|46104|46128|46824|47064|47232|47712|47856|46488,46008|46056|46032|45816|45960|45984|46080|45936|46200|46272|46344|46608|46104|46128|46824|47064|47232|47712|47856|46488
uk,TLD6,GNN,123,10,300,11098562.830316631,11098562.830316631,14513385.748881072,14513385.748881042,20,20,0,0,3,34104|34272|45816|36648|35112|35280|46008|45960|35448|34440|34608|33936|45984|34776|37392|36144|33768|34944|36120|37968,34104|34272|45816|36648|35112|35280|46008|45960|35448|34440|34608|33936|45984|34776|37392|36144|33768|34944|36120|37968,46008|46056|46032|45816|45960|45984|46080|45936|46200|46272|46344|46608|46104|46128|46824|47064|47232|47712|47856|46488,46008|46056|46032|45816|45960|45984|46080|45936|46200|46272|46344|46608|46104|46128|46824|47064|47232|47712|47856|46488
uk,TLD6,GNN,456,10,300,9640150.8500140458,9640150.8500140458,10861632.590459496,10861632.590459473,20,20,0,0,3,45816|46008|45960|34104|45984|34272|46056|46032|35112|35280|35448|45936|34440|33936|34608|33768|36648|34776|36144|34944,45816|46008|45960|34104|45984|34272|46056|46032|35112|35280|35448|45936|34440|33936|34608|33768|36648|34776|36144|34944,46008|46056|46032|45816|45960|45984|46080|45936|46200|46272|46344|46608|46104|46128|46824|47064|47232|47712|47856|46488,46008|46056|46032|45816|45960|45984|46080|45936|46200|46272|46344|46608|46104|46128|46824|47064|47232|47712|47856|46488
uk,TLG1,Ref,,10,300,4853459.7747215219,4853459.7747215237,3936984.3415451944,4184277.2920020819,20,20,0,0,3,47184|47064|47784|47664|45360|47544|47424|26808|27072|47304|44352|44784|45552|45696|45240|30048|26544|26688|42432|46008,47184|47064|47784|47664|45360|47544|47424|47304|26808|27072|44352|44784|45552|45696|45240|30048|42432|46008|26544|26688,47064|47184|47304|47424|47544|47664|47784|46008|46416|46680|46944|26808|27072|28296|29400|29664|30048|46560|46824|47904,47064|47184|47304|47424|47544|47664|47784|46008|46416|46680|46944|28296|29400|29664|30048|46560|46824|47904|26808|27072
uk,TLG1,Uni,,10,300,11408919.503370656,11408919.503370656,3719117.3661807179,4518496.8760062158,18,20,4.4808953899984374,0,3,47064|47184|27072|26808|47784|47664|47544|47424|47304|45360|27720|27456|34320|26544|26400|26256|34152|34200|44784|44352,47064|47184|27072|26808|47784|47664|47544|47424|47304|45360|27720|27456|34320|26544|26400|26256|44784|44352|45552|45696,47064|47184|47304|47424|47544|47664|47784|46008|46416|46680|46944|26808|27072|28296|29400|29664|30048|46560|46824|47904,47064|47184|47304|47424|47544|47664|47784|46008|46416|46680|46944|28296|29400|29664|30048|46560|46824|47904|26808|27072
uk,TLG1,LU,,10,300,11304037.607212471,11304037.607212471,3776618.0246355534,4518496.8760062158,20,20,0,0,3,47064|47184|27072|26808|47784|47664|47544|45360|47424|47304|27720|27456|34320|26544|26400|26256|44784|44352|45552|45696,47064|47184|27072|47784|26808|47664|47544|45360|47424|47304|27720|27456|34320|26544|26400|26256|44784|44352|45552|45696,47064|47184|47304|47424|47544|47664|47784|46008|46416|46680|46944|26808|27072|28296|29400|29664|30048|46560|46824|47904,47064|47184|47304|47424|47544|47664|47784|46008|46416|46680|46944|28296|29400|29664|30048|46560|46824|47904|26808|27072
uk,TLG1,GNN,42,10,300,10403587.165308479,10403587.165308479,5026568.3538629562,5024874.5840041339,19,20,1.2254395670425995,0,3,47064|47184|45360|34320|47784|47664|47544|47424|47304|45240|44784|44352|34200|33960|34080|34152|25944|45696|26256|45552,47064|47184|45360|47784|47664|47544|47424|47304|45240|44784|44352|34320|45696|34200|45552|33960|34080|34152|46008|25944,47064|47184|47304|47424|47544|47664|47784|46008|46416|46680|46944|26808|27072|28296|29400|29664|30048|46560|46824|47904,47064|47184|47304|47424|47544|47664|47784|46008|46416|46680|46944|28296|29400|29664|30048|46560|46824|47904|26808|27072
uk,TLG1,GNN,123,10,300,9579819.431227427,9579819.4312274288,4074214.0123177767,4169012.2920020819,19,20,1.5126198354479925,0,3,47064|47184|45360|47784|47664|47544|47424|47304|45240|44784|44352|46008|34320|45696|45552|25944|34152|34200|33960|46416,47064|47184|45360|47784|47664|47544|47424|47304|45240|44784|44352|46008|45696|45552|34320|46416|25944|30048|34152|34200,47064|47184|47304|47424|47544|47664|47784|46008|46416|46680|46944|26808|27072|28296|29400|29664|30048|46560|46824|47904,47064|47184|47304|47424|47544|47664|47784|46008|46416|46680|46944|28296|29400|29664|30048|46560|46824|47904|26808|27072
uk,TLG1,GNN,456,10,300,10458207.124539351,10458207.124539351,4497728.0246355534,5024874.5840041339,18,20,3.5739212910203895,0,3,47064|47184|45360|47784|47664|47544|47424|34320|47304|34200|44352|44784|45240|25944|34152|46008|34080|33960|26256|26400,47064|47184|45360|47784|47664|47544|47424|47304|34320|44352|44784|45240|46008|45696|34200|25944|45552|34152|34080|33960,47064|47184|47304|47424|47544|47664|47784|46008|46416|46680|46944|26808|27072|28296|29400|29664|30048|46560|46824|47904,47064|47184|47304|47424|47544|47664|47784|46008|46416|46680|46944|28296|29400|29664|30048|46560|46824|47904|26808|27072
uk,TLG2,Ref,,10,300,5031887.7774735698,5031887.7774735698,1319240,1319240,20,20,0,0,3,30888|27648|31272|30768|43152|32472|27936|27744|27840|28248|28464|28152|40152|42840|29208|30672|29568|28584|29304|30288,30888|27648|31272|30768|43152|32472|27936|27744|27840|28248|28464|28152|40152|42840|29208|30672|29568|28584|29304|30288,27648|27744|27840|27936|28152|28248|28464|28584|29304|29568|29712|30768|30888|31272|32472|43152|42840|42528|29208|29328,27648|27744|27840|27936|28152|28248|28464|28584|29304|29568|29712|30768|30888|31272|32472|43152|42840|42528|29208|29328
uk,TLG2,Uni,,10,300,10202001.411316354,10202001.411316352,2436380,2436380,20,20,0,0,3,27648|31272|27744|27840|30768|30888|28152|27936|28584|32472|28248|28464|30792|29592|30912|30672|29328|29208|30408|29736,27648|31272|27744|27840|30768|30888|28152|27936|28584|32472|28248|28464|30792|29592|30912|30672|29328|29208|30408|29736,27648|27744|27840|27936|28152|28248|28464|28584|29304|29568|29712|30768|30888|31272|32472|43152|42840|42528|29208|29328,27648|27744|27840|27936|28152|28248|28464|28584|29304|29568|29712|30768|30888|31272|32472|43152|42840|42528|29208|29328
uk,TLG2,LU,,10,300,10052479.928967476,10052479.928967476,2436380,2436380,20,20,0,0,3,27648|31272|27744|27840|30768|30888|27936|28152|32472|28584|28248|28464|29592|30792|30912|30672|29328|29208|30408|29736,27648|31272|27744|27840|30768|30888|27936|28152|32472|28584|28248|28464|29592|30792|30912|30672|29328|29208|30408|29736,27648|27744|27840|27936|28152|28248|28464|28584|29304|29568|29712|30768|30888|31272|32472|43152|42840|42528|29208|29328,27648|27744|27840|27936|28152|28248|28464|28584|29304|29568|29712|30768|30888|31272|32472|43152|42840|42528|29208|29328
uk,TLG2,GNN,42,10,300,7379138.7855928019,7379138.7855928009,153725,153725,20,20,0,0,3,30768|31272|30888|27648|27744|27936|27840|28248|28152|28584|28464|32472|29304|29568|29712|30672|29592|30912|29208|30288,30768|31272|30888|27648|27744|27936|27840|28248|28152|28584|28464|32472|29304|29568|29712|30672|29592|30912|29208|30288,27648|27744|27840|27936|28152|28248|28464|28584|29304|29568|29712|30768|30888|31272|32472|43152|42840|42528|29208|29328,27648|27744|27840|27936|28152|28248|28464|28584|29304|29568|29712|30768|30888|31272|32472|43152|42840|42528|29208|29328
uk,TLG2,GNN,123,10,300,8897584.7309071049,8897584.7309071049,652095,652095,20,20,0,0,3,30768|30888|31272|27648|27744|27936|27840|28248|28152|28464|30672|28584|29208|29568|29304|29712|30288|29880|29592|30792,30768|30888|31272|27648|27744|27936|27840|28248|28152|28464|30672|28584|29208|29568|29304|29712|30288|29880|29592|30792,27648|27744|27840|27936|28152|28248|28464|28584|29304|29568|29712|30768|30888|31272|32472|43152|42840|42528|29208|29328,27648|27744|27840|27936|28152|28248|28464|28584|29304|29568|29712|30768|30888|31272|32472|43152|42840|42528|29208|29328
uk,TLG2,GNN,456,10,300,8035738.6087449417,8035738.6087449417,153725,153725,20,20,0,0,3,30888|31272|30768|27648|27744|27840|27936|28248|30672|28152|28584|28464|29592|29568|29208|29304|30288|29880|29712|32472,30888|31272|30768|27648|27744|27840|27936|28248|30672|28152|28584|28464|29592|29568|29208|29304|30288|29880|29712|32472,27648|27744|27840|27936|28152|28248|28464|28584|29304|29568|29712|30768|30888|31272|32472|43152|42840|42528|29208|29328,27648|27744|27840|27936|28152|28248|28464|28584|29304|29568|29712|30768|30888|31272|32472|43152|42840|42528|29208|29328
uk,TLE4,Ref,,10,300,4358812.4607996671,4358812.4607996671,3102274.2259521638,3102274.2259521633,20,20,0,0,2,6936|7200|8592|9192|9360|9384|9504|9672|9840|10008|10032|10200|10224|10368|10392|10560|10584|10728|10752|10920,6936|7200|8592|9192|9360|9384|9504|9672|9840|10008|10032|10200|10224|10368|10392|10560|10584|10728|10752|10920,9840|10224|10392|10560|10752|10920|10944|11112|11280|11304|11472|11640|11664|11832|11856|12024|12216|12408|12600|12768,9840|10224|10392|10560|10752|10920|10944|11112|11280|11304|11472|11640|11664|11832|11856|12024|12216|12408|12600|12768
uk,TLE4,Uni,,10,300,16238009.985843023,16238009.985843023,16211308.464111362,16211308.464111358,20,20,0,0,2,6624|6936|7200|7320|7464|7488|7728|7752|7872|7896|8016|8040|8160|8184|8304|8328|8352|8448|8472|8568,6624|6936|7200|7320|7464|7488|7728|7752|7872|7896|8016|8040|8160|8184|8304|8328|8352|8448|8472|8568,9840|10224|10392|10560|10752|10920|10944|11112|11280|11304|11472|11640|11664|11832|11856|12024|12216|12408|12600|12768,9840|10224|10392|10560|10752|10920|10944|11112|11280|11304|11472|11640|11664|11832|11856|12024|12216|12408|12600|12768
uk,TLE4,LU,,10,300,12108961.984069798,12108961.984069798,14228764.358276403,14228764.358276401,20,20,0,0,2,6792|6936|7200|7320|7464|7488|7728|7752|7872|7896|8016|8040|8160|8184|8304|8328|8352|8448|8592|8616,6792|6936|7200|7320|7464|7488|7728|7752|7872|7896|8016|8040|8160|8184|8304|8328|8352|8448|8592|8616,9840|10224|10392|10560|10752|10920|10944|11112|11280|11304|11472|11640|11664|11832|11856|12024|12216|12408|12600|12768,9840|10224|10392|10560|10752|10920|10944|11112|11280|11304|11472|11640|11664|11832|11856|12024|12216|12408|12600|12768
uk,TLE4,GNN,42,10,300,9059476.6525459811,9059476.652545983,12041198.777221698,12041198.777221698,20,20,0,0,2,6624|6936|7200|7320|7464|7728|7872|8016|8160|8304|8448|8592|8736|8880|8904|9048|9168|9192|9360|9384,6624|6936|7200|7320|7464|7728|7872|8016|8160|8304|8448|8592|8736|8880|8904|9048|9168|9192|9360|9384,9840|10224|10392|10560|10752|10920|10944|11112|11280|11304|11472|11640|11664|11832|11856|12024|12216|12408|12600|12768,9840|10224|10392|10560|10752|10920|10944|11112|11280|11304|11472|11640|11664|11832|11856|12024|12216|12408|12600|12768
uk,TLE4,GNN,123,10,300,10279107.869376831,10279107.869376831,17293614.900024444,17293614.900024451,20,20,0,0,2,6240|6384|6624|6792|6912|6936|7056|7200|7320|7344|7464|7488|7608|7728|7752|7872|7896|8016|8040|8160,6240|6384|6624|6792|6912|6936|7056|7200|7320|7344|7464|7488|7608|7728|7752|7872|7896|8016|8040|8160,9840|10224|10392|10560|10752|10920|10944|11112|11280|11304|11472|11640|11664|11832|11856|12024|12216|12408|12600|12768,9840|10224|10392|10560|10752|10920|10944|11112|11280|11304|11472|11640|11664|11832|11856|12024|12216|12408|12600|12768
uk,TLE4,GNN,456,10,300,11546472.083125627,11546472.083125627,21964005.031982444,21964005.031982444,20,20,0,0,2,5712|6120|6240|6384|6504|6528|6624|6792|6912|6936|7056|7200|7320|7344|7464|7488|7584|7608|7728|7752,5712|6120|6240|6384|6504|6528|6624|6792|6912|6936|7056|7200|7320|7344|7464|7488|7584|7608|7728|7752,9840|10224|10392|10560|10752|10920|10944|11112|11280|11304|11472|11640|11664|11832|11856|12024|12216|12408|12600|12768,9840|10224|10392|10560|10752|10920|10944|11112|11280|11304|11472|11640|11664|11832|11856|12024|12216|12408|12600|12768
uk,TLH1,Ref,,10,300,3056798.5889749252,3056798.5889749252,591983.36500000954,1215137.17180942,19,18,0.86098375849442188,1.1805188611049613,2,25925|45925|25650|45900|46675|45950|25575|45975|46175|45800|25500|25275|25725|46550|46475|24675|26000|46000|45825|24975,25925|45925|25650|45900|45950|25575|45975|46175|45800|25500|25275|25725|46475|24675|26000|46000|45825|24975|24275|46675,46000|46050|25925|46100|46350|46475|46225|46600|45900|45925|45950|45975|46175|26000|26125|46125|46550|46675|46300|46425,46000|46050|25925|46100|46350|46475|46225|46600|45900|45925|45950|45975|46175|26000|26125|46125|46300|46425|25275|25500
uk,TLH1,Uni,,10,300,7839638.7990346728,7839638.7990346719,7613164.9148459136,7560349.4400000274,20,18,0,1.1805188611049613,2,18425|18850|47650|18750|18950|19050|18100|25650|900|45900|45925|25575|33850|47600|17875|45950|25925|45800|45975|33250,18425|18850|47650|18750|18950|19050|18100|25650|900|45900|45925|25575|33850|47600|17875|45950|25925|45800|45975|33250,46000|46050|25925|46100|46350|46475|46225|46600|45900|45925|45950|45975|46175|26000|26125|46125|46550|46675|46300|46425,46000|46050|25925|46100|46350|46475|46225|46600|45900|45925|45950|45975|46175|26000|26125|46125|46300|46425|25275|25500
uk,TLH1,LU,,10,300,7917310.4175104359,7917310.417510435,9148887.769845888,9096072.2950000167,20,18,0,1.1805188611049613,2,18425|18850|18750|18950|19050|18100|900|17875|47650|25650|45900|45925|1975|16525|25575|16700|16875|17775|45950|17175,18425|18850|18750|18950|19050|18100|900|17875|47650|25650|45900|45925|1975|16525|25575|16700|16875|17775|45950|17175,46000|46050|25925|46100|46350|46475|46225|46600|45900|45925|45950|45975|46175|26000|26125|46125|46550|46675|46300|46425,46000|46050|25925|46100|46350|46475|46225|46600|45900|45925|45950|45975|46175|26000|26125|46125|46300|46425|25275|25500
uk,TLH1,GNN,42,10,300,4502040.9391030883,4502040.9391030883,5952336.4900000095,6454424.2700000405,18,18,3.1777997330066032,1.1805188611049613,2,46675|16600|16775|25650|24675|16350|16050|24275|16425|16200|24375|46550|16275|46175|25925|24775|24475|47300|45925|45950,16600|16775|25650|24675|16350|16050|24275|16425|16200|24375|16275|46175|25925|24775|24475|47300|45925|45950|25575|17175,46000|46050|25925|46100|46350|46475|46225|46600|45900|45925|45950|45975|46175|26000|26125|46125|46550|46675|46300|46425,46000|46050|25925|46100|46350|46475|46225|46600|45900|45925|45950|45975|46175|26000|26125|46125|46300|46425|25275|25500
uk,TLH1,GNN,123,10,300,5189086.2694679722,5189086.2694679722,10058986.492422938,10771667.485000029,19,18,2.957888385662121,1.1805188611049613,2,25650|16600|16775|46675|900|1975|16050|1750|1350|1450|16275|2200|1550|16350|1850|31950|3400|25575|16425|24675,25650|16600|16775|900|1975|16050|1750|1350|1450|16275|2200|1550|16350|1850|31950|3400|25575|16425|24675|15975,46000|46050|25925|46100|46350|46475|46225|46600|45900|45925|45950|45975|46175|26000|26125|46125|46550|46675|46300|46425,46000|46050|25925|46100|46350|46475|46225|46600|45900|45925|45950|45975|46175|26000|26125|46125|46300|46425|25275|25500
uk,TLH1,GNN,456,10,300,5059241.2993080243,5059241.2993080243,10070410.087422967,10543240.090000018,19,18,5.4667370239907056,1.1805188611049613,2,16775|25650|16600|46675|16275|16350|17175|16050|33850|1750|17650|1350|25925|1975|1450|16200|25575|1550|17550|16425,16775|25650|16600|16275|16350|17175|16050|33850|1750|17650|1350|25925|1975|1450|16200|25575|1550|17550|16425|1850,46000|46050|25925|46100|46350|46475|46225|46600|45900|45925|45950|45975|46175|26000|26125|46125|46550|46675|46300|46425,46000|46050|25925|46100|46350|46475|46225|46600|45900|45925|45950|45975|46175|26000|26125|46125|46300|46425|25275|25500
uk,TLE3,Ref,,10,300,4475367.3114316352,4475367.3114316352,277439.98925780633,277439.98925780598,20,20,0,0,3,1296|1488|1560|1776|1920|2088|2160|2232|2328|2400|2496|2568|2664|2760|2856|2952|3024|3048|3120|3144,1296|1488|1560|1776|1920|2088|2160|2232|2328|2400|2496|2568|2664|2760|2856|2952|3024|3048|3120|3144,1488|1848|1920|2160|2232|2328|2400|2496|2568|2664|2760|2856|2952|3024|3048|3120|3144|3216|3240|3312,1488|1848|1920|2160|2232|2328|2400|2496|2568|2664|2760|2856|2952|3024|3048|3120|3144|3216|3240|3312
uk,TLE3,Uni,,10,300,16826347.123250764,16826347.123250764,838542.71655272599,838542.71655272692,20,20,0,0,3,816|1296|1488|1560|1776|1848|1920|2088|2160|2232|2328|2400|2496|2568|2664|2760|2856|2952|3024|3048,816|1296|1488|1560|1776|1848|1920|2088|2160|2232|2328|2400|2496|2568|2664|2760|2856|2952|3024|3048,1488|1848|1920|2160|2232|2328|2400|2496|2568|2664|2760|2856|2952|3024|3048|3120|3144|3216|3240|3312,1488|1848|1920|2160|2232|2328|2400|2496|2568|2664|2760|2856|2952|3024|3048|3120|3144|3216|3240|3312
uk,TLE3,LU,,10,300,11783843.614508767,11783843.614508767,277439.98925780633,277439.98925780598,20,20,0,0,3,1296|1488|1560|1776|1848|1920|2088|2160|2232|2328|2400|2496|2568|2664|2760|2856|2952|3024|3048|3120,1296|1488|1560|1776|1848|1920|2088|2160|2232|2328|2400|2496|2568|2664|2760|2856|2952|3024|3048|3120,1488|1848|1920|2160|2232|2328|2400|2496|2568|2664|2760|2856|2952|3024|3048|3120|3144|3216|3240|3312,1488|1848|1920|2160|2232|2328|2400|2496|2568|2664|2760|2856|2952|3024|3048|3120|3144|3216|3240|3312
uk,TLE3,GNN,42,10,300,9659844.5174736176,9659844.5174736176,0,0,20,20,0,0,3,1920|2160|2232|2400|2568|2664|2760|2856|2952|3024|3048|3120|3144|3216|3240|3312|3336|3432|3528|3600,1920|2160|2232|2400|2568|2664|2760|2856|2952|3024|3048|3120|3144|3216|3240|3312|3336|3432|3528|3600,1488|1848|1920|2160|2232|2328|2400|2496|2568|2664|2760|2856|2952|3024|3048|3120|3144|3216|3240|3312,1488|1848|1920|2160|2232|2328|2400|2496|2568|2664|2760|2856|2952|3024|3048|3120|3144|3216|3240|3312
uk,TLE3,GNN,123,10,300,9938586.2265397795,9938586.2265397795,0,0,20,20,0,0,3,1920|2160|2232|2400|2568|2664|2760|2856|2952|3024|3048|3120|3144|3216|3240|3312|3336|3432|3528|3600,1920|2160|2232|2400|2568|2664|2760|2856|2952|3024|3048|3120|3144|3216|3240|3312|3336|3432|3528|3600,1488|1848|1920|2160|2232|2328|2400|2496|2568|2664|2760|2856|2952|3024|3048|3120|3144|3216|3240|3312,1488|1848|1920|2160|2232|2328|2400|2496|2568|2664|2760|2856|2952|3024|3048|3120|3144|3216|3240|3312
uk,TLE3,GNN,456,10,300,9357246.5453600232,9357246.5453600232,0,0,20,20,0,0,3,1920|2160|2232|2400|2568|2664|2760|2856|2952|3024|3048|3120|3144|3216|3240|3312|3336|3432|3528|3600,1920|2160|2232|2400|2568|2664|2760|2856|2952|3024|3048|3120|3144|3216|3240|3312|3336|3432|3528|3600,1488|1848|1920|2160|2232|2328|2400|2496|2568|2664|2760|2856|2952|3024|3048|3120|3144|3216|3240|3312,1488|1848|1920|2160|2232|2328|2400|2496|2568|2664|2760|2856|2952|3024|3048|3120|3144|3216|3240|3312
uk,TLD3,Ref,,10,300,3066272.967421595,3066272.967421595,1733.455325238765,1733.4553252346814,20,20,0,0,2,936|1104|1200|1296|1560|1656|1680|1752|1776|1848|1944|2064|2160|2256|2280|2352|2376|2448|2472|2544,936|1104|1200|1296|1560|1656|1680|1752|1776|1848|1944|2064|2160|2256|2280|2352|2376|2448|2472|2544,1104|1200|1296|1392|1560|1656|1680|1752|1776|1848|1872|1944|1968|2064|2160|2256|2280|2352|2376|2448,1104|1200|1296|1392|1560|1656|1680|1752|1776|1848|1872|1944|1968|2064|2160|2256|2280|2352|2376|2448
uk,TLD3,Uni,,10,300,9083390.1626631245,9083390.1626631245,0,0,20,20,0,0,2,1656|1752|1848|1944|2160|2256|2352|2448|2544|2568|2664|2760|2856|2952|3048|3072|3144|3240|3312|3336,1656|1752|1848|1944|2160|2256|2352|2448|2544|2568|2664|2760|2856|2952|3048|3072|3144|3240|3312|3336,1104|1200|1296|1392|1560|1656|1680|1752|1776|1848|1872|1944|1968|2064|2160|2256|2280|2352|2376|2448,1104|1200|1296|1392|1560|1656|1680|1752|1776|1848|1872|1944|1968|2064|2160|2256|2280|2352|2376|2448
uk,TLD3,LU,,10,300,7467636.7368687885,7467636.7368687885,0,0,20,20,0,0,2,1848|1944|2160|2256|2352|2448|2544|2568|2664|2760|2856|2952|3048|3144|3240|3312|3336|3408|3432|3504,1848|1944|2160|2256|2352|2448|2544|2568|2664|2760|2856|2952|3048|3144|3240|3312|3336|3408|3432|3504,1104|1200|1296|1392|1560|1656|1680|1752|1776|1848|1872|1944|1968|2064|2160|2256|2280|2352|2376|2448,1104|1200|1296|1392|1560|1656|1680|1752|1776|1848|1872|1944|1968|2064|2160|2256|2280|2352|2376|2448
uk,TLD3,GNN,42,10,300,5069079.3287621401,5069079.3287621401,1733.455325238765,1733.4553252346814,20,20,0,0,2,936|1104|1200|1560|1656|1752|1848|1944|2160|2256|2352|2448|2472|2544|2568|2592|2664|2688|2760|2784,936|1104|1200|1560|1656|1752|1848|1944|2160|2256|2352|2448|2472|2544|2568|2592|2664|2688|2760|2784,1104|1200|1296|1392|1560|1656|1680|1752|1776|1848|1872|1944|1968|2064|2160|2256|2280|2352|2376|2448,1104|1200|1296|1392|1560|1656|1680|1752|1776|1848|1872|1944|1968|2064|2160|2256|2280|2352|2376|2448
uk,TLD3,GNN,123,10,300,5742461.1880545272,5742461.1880545272,1733.455325238765,1733.4553252346814,20,20,0,0,2,936|1104|1200|1560|1656|1752|1848|1944|2160|2256|2352|2448|2472|2544|2568|2592|2664|2760|2856|2880,936|1104|1200|1560|1656|1752|1848|1944|2160|2256|2352|2448|2472|2544|2568|2592|2664|2760|2856|2880,1104|1200|1296|1392|1560|1656|1680|1752|1776|1848|1872|1944|1968|2064|2160|2256|2280|2352|2376|2448,1104|1200|1296|1392|1560|1656|1680|1752|1776|1848|1872|1944|1968|2064|2160|2256|2280|2352|2376|2448
uk,TLD3,GNN,456,10,300,5920762.2801892599,5920762.2801892599,0,0,20,20,0,0,2,1104|1200|1560|1656|1752|1848|1944|2160|2256|2352|2448|2472|2544|2568|2592|2664|2760|2856|2952|3048,1104|1200|1560|1656|1752|1848|1944|2160|2256|2352|2448|2472|2544|2568|2592|2664|2760|2856|2952|3048,1104|1200|1296|1392|1560|1656|1680|1752|1776|1848|1872|1944|1968|2064|2160|2256|2280|2352|2376|2448,1104|1200|1296|1392|1560|1656|1680|1752|1776|1848|1872|1944|1968|2064|2160|2256|2280|2352|2376|2448
uk,TLD4,Ref,,10,300,5431386.8459256273,5431386.8459256273,342460.53347399086,342460.53347398993,20,20,0,0,3,8688|8808|20400|20856|20976|21096|8664|8328|10920|11448|21912|22200|8784|8616|21768|11064|20736|11208|21624|11280,8688|8808|20400|20856|20976|21096|8664|8328|10920|11448|21912|22200|8784|8616|21768|11064|20736|11208|21624|11280,8808|20400|20856|20976|8688|8784|21096|21768|21912|8832|20736|21624|22200|20616|10920|11448|8616|8664|8328|22056,8808|20400|20856|20976|8688|8784|21096|21768|21912|8832|20736|21624|22200|20616|10920|11448|8616|8664|8328|22056
uk,TLD4,Uni,,10,300,14468516.8074506,14468516.8074506,12407314.498394683,12407314.498394683,20,20,0,0,3,7848|7920|8256|8328|8376|8400|8448|8496|8568|8616|8664|8688|8760|8784|8808|8832|19176|19344|19416|19464,7848|7920|8256|8328|8376|8400|8448|8496|8568|8616|8664|8688|8760|8784|8808|8832|19176|19344|19416|19464,8808|20400|20856|20976|8688|8784|21096|21768|21912|8832|20736|21624|22200|20616|10920|11448|8616|8664|8328|22056,8808|20400|20856|20976|8688|8784|21096|21768|21912|8832|20736|21624|22200|20616|10920|11448|8616|8664|8328|22056
uk,TLD4,LU,,10,300,12690174.842518603,12690174.842518603,13093760.409846939,13093760.409846932,20,20,0,0,3,8256|8328|8376|8448|8496|8616|8664|8688|8760|8784|8808|8832|19176|19344|19416|19464|19536|19584|19632|19680,8256|8328|8376|8448|8496|8616|8664|8688|8760|8784|8808|8832|19176|19344|19416|19464|19536|19584|19632|19680,8808|20400|20856|20976|8688|8784|21096|21768|21912|8832|20736|21624|22200|20616|10920|11448|8616|8664|8328|22056,8808|20400|20856|20976|8688|8784|21096|21768|21912|8832|20736|21624|22200|20616|10920|11448|8616|8664|8328|22056
uk,TLD4,GNN,42,10,300,7918387.6812333278,7918387.6812333278,1557776.3850642778,1557776.3850642713,20,20,0,0,3,8328|8448|8688|8760|8808|19872|20400|20616|20736|20856|20976|21096|21480|21624|21768|21912|22056|22200|8784|23064,8328|8448|8688|8760|8808|19872|20400|20616|20736|20856|20976|21096|21480|21624|21768|21912|22056|22200|8784|23064,8808|20400|20856|20976|8688|8784|21096|21768|21912|8832|20736|21624|22200|20616|10920|11448|8616|8664|8328|22056,8808|20400|20856|20976|8688|8784|21096|21768|21912|8832|20736|21624|22200|20616|10920|11448|8616|8664|8328|22056
uk,TLD4,GNN,123,10,300,7279568.7300404413,7279568.7300404413,1557776.3850642778,1557776.3850642713,20,20,0,0,3,8688|8808|20400|20856|20976|21096|21768|21912|22200|21624|22056|20616|20736|8448|19872|8328|8760|21480|8784|23064,8688|8808|20400|20856|20976|21096|21768|21912|22200|21624|22056|20616|20736|8448|19872|8328|8760|21480|8784|23064,8808|20400|20856|20976|8688|8784|21096|21768|21912|8832|20736|21624|22200|20616|10920|11448|8616|8664|8328|22056,8808|20400|20856|20976|8688|8784|21096|21768|21912|8832|20736|21624|22200|20616|10920|11448|8616|8664|8328|22056
uk,TLD4,GNN,456,10,300,9002805.9514070172,9002805.9514070172,2278972.5511553958,2278972.5511553958,20,20,0,0,3,8688|8808|20400|20856|20976|21096|21912|19872|22200|21768|8448|20616|20736|8328|21624|11280|22056|10920|20688|11208,8688|8808|20400|20856|20976|21096|21912|19872|22200|21768|8448|20616|20736|8328|21624|11280|22056|10920|20688|11208,8808|20400|20856|20976|8688|8784|21096|21768|21912|8832|20736|21624|22200|20616|10920|11448|8616|8664|8328|22056,8808|20400|20856|20976|8688|8784|21096|21768|21912|8832|20736|21624|22200|20616|10920|11448|8616|8664|8328|22056
