country,region,arm,radius_km,centres,mae_decision,mae_representation,mean_G_mva,zero_station_share,n_stations_mean,n_stations_median,effective_cand_share,n_candidates
au,Central_Coast,Uni,1.0,station,25.48799649248085,1.4409327618087928,26.29059411764706,0.0,1.0,1.0,1.0,17
au,Central_Coast,LU,1.0,station,25.37202397779348,1.360806672190227,26.29059411764706,0.0,1.0,1.0,1.0,17
au,Central_Coast,LU-soft,1.0,station,25.379941058189015,1.3668787613161226,26.29059411764706,0.0,1.0,1.0,1.0,17
au,Central_Coast,Ref,1.0,station,24.27947065232002,0.0,26.29059411764706,0.0,1.0,1.0,1.0,17
au,Central_Coast,GNN-oof-42,1.0,station,25.172288073365483,1.920461847794743,26.29059411764706,0.0,1.0,1.0,1.0,17
au,Central_Coast,GNN-oof-123,1.0,station,24.637824656330913,1.9242583133998474,26.29059411764706,0.0,1.0,1.0,1.0,17
au,Central_Coast,GNN-oof-456,1.0,station,25.739970182617295,2.2248992657072755,26.29059411764706,0.0,1.0,1.0,1.0,17
au,Central_Coast,Uni,2.0,station,23.318976556806152,5.271079266318679,26.29059411764706,0.0,1.0,1.0,1.0,17
au,Central_Coast,LU,2.0,station,22.889981036248795,4.957515300262844,26.29059411764706,0.0,1.0,1.0,1.0,17
au,Central_Coast,LU-soft,2.0,station,22.91517137608004,4.978423019230367,26.29059411764706,0.0,1.0,1.0,1.0,17
au,Central_Coast,Ref,2.0,station,18.87987818402488,0.0,26.29059411764706,0.0,1.0,1.0,1.0,17
au,Central_Coast,GNN-oof-42,2.0,station,22.912583939496674,6.047812035988761,26.29059411764706,0.0,1.0,1.0,1.0,17
au,Central_Coast,GNN-oof-123,2.0,station,21.470473033245085,5.991067698265004,26.29059411764706,0.0,1.0,1.0,1.0,17
au,Central_Coast,GNN-oof-456,2.0,station,24.22298718802946,6.676088282534012,26.29059411764706,0.0,1.0,1.0,1.0,17
au,Central_Coast,Uni,3.0,station,20.063056122667355,10.899959723198513,26.29059411764706,0.0,1.0,1.0,1.0,17
au,Central_Coast,LU,3.0,station,19.28544683861386,10.30825337622371,26.29059411764706,0.0,1.0,1.0,1.0,17
au,Central_Coast,LU-soft,3.0,station,19.332542843591433,10.346242820713481,26.29059411764706,0.0,1.0,1.0,1.0,17
au,Central_Coast,Ref,3.0,station,11.366452689415368,0.0,26.29059411764706,0.0,1.0,1.0,1.0,17
au,Central_Coast,GNN-oof-42,3.0,station,19.035237037846066,10.38349824813886,26.29059411764706,0.0,1.0,1.0,1.0,17
au,Central_Coast,GNN-oof-123,3.0,station,17.323630187087108,10.111508098924473,26.29059411764706,0.0,1.0,1.0,1.0,17
au,Central_Coast,GNN-oof-456,3.0,station,21.15672022008233,11.650512693500263,26.29059411764706,0.0,1.0,1.0,1.0,17
au,Central_Coast,Uni,5.0,station,33.34795505037904,24.103411958333243,47.70316470588235,0.0,1.8235294117647058,2.0,1.0,17
au,Central_Coast,LU,5.0,station,31.578220837341565,22.515552187295615,47.70316470588235,0.0,1.8235294117647058,2.0,1.0,17
au,Central_Coast,LU-soft,5.0,station,31.67363174025443,22.589177665190615,47.70316470588235,0.0,1.8235294117647058,2.0,1.0,17
au,Central_Coast,Ref,5.0,station,14.192246528139204,0.0,47.70316470588235,0.0,1.8235294117647058,2.0,1.0,17
au,Central_Coast,GNN-oof-42,5.0,station,29.11643399283345,21.356543359714543,47.70316470588235,0.0,1.8235294117647058,2.0,1.0,17
au,Central_Coast,GNN-oof-123,5.0,station,24.475518552940642,15.482480151910508,47.70316470588235,0.0,1.8235294117647058,2.0,1.0,17
au,Central_Coast,GNN-oof-456,5.0,station,33.910451413173874,26.19867715912949,47.70316470588235,0.0,1.8235294117647058,2.0,1.0,17
au,Central_Coast,Uni,7.5,station,54.63738495568401,45.09897558226299,84.66453529411766,0.0,3.1176470588235294,3.0,1.0,17
au,Central_Coast,LU,7.5,station,50.80227900577535,41.26386963235433,84.66453529411766,0.0,3.1176470588235294,3.0,1.0,17
au,Central_Coast,LU-soft,7.5,station,50.98765334236212,41.4492439689411,84.66453529411766,0.0,3.1176470588235294,3.0,1.0,17
au,Central_Coast,Ref,7.5,station,19.9806243576605,0.0,84.66453529411766,0.0,3.1176470588235294,3.0,1.0,17
au,Central_Coast,GNN-oof-42,7.5,station,44.360081032198366,32.73715592810436,84.66453529411766,0.0,3.1176470588235294,3.0,1.0,17
au,Central_Coast,GNN-oof-123,7.5,station,32.2353627004879,20.805717055864985,84.66453529411766,0.0,3.1176470588235294,3.0,1.0,17
au,Central_Coast,GNN-oof-456,7.5,station,49.978419197207856,38.369278303353994,84.66453529411766,0.0,3.1176470588235294,3.0,1.0,17
au,Central_Coast,Uni,10.0,station,84.76324834989575,68.5360589970977,132.19829411764707,0.0,4.882352941176471,4.0,1.0,17
au,Central_Coast,LU,10.0,station,78.96708525440476,62.739895901606694,132.19829411764707,0.0,4.882352941176471,4.0,1.0,17
au,Central_Coast,LU-soft,10.0,station,79.24790136920934,63.020712016411274,132.19829411764707,0.0,4.882352941176471,4.0,1.0,17
au,Central_Coast,Ref,10.0,station,20.038105316851738,0.0,132.19829411764707,0.0,4.882352941176471,4.0,1.0,17
au,Central_Coast,GNN-oof-42,10.0,station,61.83837211820149,47.49949051952516,132.19829411764707,0.0,4.882352941176471,4.0,1.0,17
au,Central_Coast,GNN-oof-123,10.0,station,45.28885843346278,30.318066651686408,132.19829411764707,0.0,4.882352941176471,4.0,1.0,17
au,Central_Coast,GNN-oof-456,10.0,station,67.55898979989917,54.185132547354684,132.19829411764707,0.0,4.882352941176471,4.0,1.0,17
au,Central_Coast,Uni,15.0,station,137.21390695741914,101.71418779012704,236.5702,0.0,8.529411764705882,9.0,1.0,17
au,Central_Coast,LU,15.0,station,128.23566417162158,92.73594500432948,236.5702,0.0,8.529411764705882,9.0,1.0,17
au,Central_Coast,LU-soft,15.0,station,128.6864112152729,93.1866920479808,236.5702,0.0,8.529411764705882,9.0,1.0,17
au,Central_Coast,Ref,15.0,station,38.35313032707995,0.0,236.5702,0.0,8.529411764705882,9.0,1.0,17
au,Central_Coast,GNN-oof-42,15.0,station,101.09287902964408,66.9879650405155,236.5702,0.0,8.529411764705882,9.0,1.0,17
au,Central_Coast,GNN-oof-123,15.0,station,78.33002588629842,43.52833744743765,236.5702,0.0,8.529411764705882,9.0,1.0,17
au,Central_Coast,GNN-oof-456,15.0,station,107.42268422221954,75.055085056826,236.5702,0.0,8.529411764705882,9.0,1.0,17
au,Central_Coast,Uni,20.0,station,118.96992445445852,98.29347710234163,289.56129999999996,0.0,10.647058823529411,11.0,1.0,17
au,Central_Coast,LU,20.0,station,109.21014840043247,88.57571358783356,289.56129999999996,0.0,10.647058823529411,11.0,1.0,17
au,Central_Coast,LU-soft,20.0,station,109.68467261221983,89.0561341164413,289.56129999999996,0.0,10.647058823529411,11.0,1.0,17
au,Central_Coast,Ref,20.0,station,22.75757790341387,0.0,289.56129999999996,0.0,10.647058823529411,11.0,1.0,17
au,Central_Coast,GNN-oof-42,20.0,station,81.69315694771625,63.417781267584694,289.56129999999996,0.0,10.647058823529411,11.0,1.0,17
au,Central_Coast,GNN-oof-123,20.0,station,58.83261471323932,40.103704441600925,289.56129999999996,0.0,10.647058823529411,11.0,1.0,17
au,Central_Coast,GNN-oof-456,20.0,station,92.06886546453482,73.29595828533178,289.56129999999996,0.0,10.647058823529411,11.0,1.0,17
au,Hunter_Valley_exc_Newcastle,Uni,1.0,station,14.022285605054595,0.27235968766954427,14.250405882352942,0.0,1.0,1.0,1.0,34
au,Hunter_Valley_exc_Newcastle,LU,1.0,station,14.081829193215455,0.32755956193649083,14.250405882352942,0.0,1.0,1.0,1.0,34
au,Hunter_Valley_exc_Newcastle,LU-soft,1.0,station,14.08679328675359,0.3278256367550976,14.250405882352942,0.0,1.0,1.0,1.0,34
au,Hunter_Valley_exc_Newcastle,Ref,1.0,station,13.8398847633687,0.0,14.250405882352942,0.0,1.0,1.0,1.0,34
au,Hunter_Valley_exc_Newcastle,GNN-oof-42,1.0,station,14.006563190053138,0.24034013036444246,14.250405882352942,0.0,1.0,1.0,1.0,34
au,Hunter_Valley_exc_Newcastle,GNN-oof-123,1.0,station,13.938355805248715,0.2890746609406037,14.250405882352942,0.0,1.0,1.0,1.0,34
au,Hunter_Valley_exc_Newcastle,GNN-oof-456,1.0,station,13.918199753443655,0.2897466534165134,14.250405882352942,0.0,1.0,1.0,1.0,34
au,Hunter_Valley_exc_Newcastle,Uni,2.0,station,14.612070665397571,1.0974775774501457,15.518735294117645,0.0,1.0588235294117647,1.0,1.0,34
au,Hunter_Valley_exc_Newcastle,LU,2.0,station,14.785457736346817,1.2632446904010366,15.518735294117645,0.0,1.0588235294117647,1.0,1.0,34
au,Hunter_Valley_exc_Newcastle,LU-soft,2.0,station,14.784392140280648,1.273927806170224,15.518735294117645,0.0,1.0588235294117647,1.0,1.0,34
au,Hunter_Valley_exc_Newcastle,Ref,2.0,station,13.870031852516153,0.0,15.518735294117645,0.0,1.0588235294117647,1.0,1.0,34
au,Hunter_Valley_exc_Newcastle,GNN-oof-42,2.0,station,14.572805842544799,1.1146748140043967,15.518735294117645,0.0,1.0588235294117647,1.0,1.0,34
au,Hunter_Valley_exc_Newcastle,GNN-oof-123,2.0,station,14.42459489093026,1.0577775186796492,15.518735294117645,0.0,1.0588235294117647,1.0,1.0,34
au,Hunter_Valley_exc_Newcastle,GNN-oof-456,2.0,station,14.261602664533237,1.2447052852135423,15.518735294117645,0.0,1.0588235294117647,1.0,1.0,34
au,Hunter_Valley_exc_Newcastle,Uni,3.0,station,13.494077363284427,2.332752661324812,15.518735294117645,0.0,1.0588235294117647,1.0,1.0,34
au,Hunter_Valley_exc_Newcastle,LU,3.0,station,13.800006716030843,2.6440621090242646,15.518735294117645,0.0,1.0588235294117647,1.0,1.0,34
au,Hunter_Valley_exc_Newcastle,LU-soft,3.0,station,13.789778098711677,2.6574807630277393,15.518735294117645,0.0,1.0588235294117647,1.0,1.0,34
au,Hunter_Valley_exc_Newcastle,Ref,3.0,station,11.839603815750623,0.0,15.518735294117645,0.0,1.0588235294117647,1.0,1.0,34
au,Hunter_Valley_exc_Newcastle,GNN-oof-42,3.0,station,13.32942025303797,2.596985797585666,15.518735294117645,0.0,1.0588235294117647,1.0,1.0,34
au,Hunter_Valley_exc_Newcastle,GNN-oof-123,3.0,station,13.070038519256283,2.497857359115417,15.518735294117645,0.0,1.0588235294117647,1.0,1.0,34
au,Hunter_Valley_exc_Newcastle,GNN-oof-456,3.0,station,12.96595856472283,2.682487275672814,15.518735294117645,0.0,1.0588235294117647,1.0,1.0,34
au,Hunter_Valley_exc_Newcastle,Uni,5.0,station,21.10599403280806,5.880576225863019,26.38306764705882,0.0,1.5294117647058822,1.0,1.0,34
au,Hunter_Valley_exc_Newcastle,LU,5.0,station,21.755465134428853,6.514315727297,26.38306764705882,0.0,1.5294117647058822,1.0,1.0,34
au,Hunter_Valley_exc_Newcastle,LU-soft,5.0,station,21.720955397611093,6.503406581994764,26.38306764705882,0.0,1.5294117647058822,1.0,1.0,34
au,Hunter_Valley_exc_Newcastle,Ref,5.0,station,16.812328318947397,0.0,26.38306764705882,0.0,1.5294117647058822,1.0,1.0,34
au,Hunter_Valley_exc_Newcastle,GNN-oof-42,5.0,station,20.76068901973983,5.9662983547796955,26.38306764705882,0.0,1.5294117647058822,1.0,1.0,34
au,Hunter_Valley_exc_Newcastle,GNN-oof-123,5.0,station,20.326079227551467,6.154082057690255,26.38306764705882,0.0,1.5294117647058822,1.0,1.0,34
au,Hunter_Valley_exc_Newcastle,GNN-oof-456,5.0,station,20.170112100359706,6.9576025970742155,26.38306764705882,0.0,1.5294117647058822,1.0,1.0,34
au,Hunter_Valley_exc_Newcastle,Uni,7.5,station,22.283874553653803,11.68253066313486,32.40916176470588,0.0,1.8235294117647058,2.0,1.0,34
au,Hunter_Valley_exc_Newcastle,LU,7.5,station,23.107907425533995,12.460213372716849,32.40916176470588,0.0,1.8235294117647058,2.0,1.0,34
au,Hunter_Valley_exc_Newcastle,LU-soft,7.5,station,23.104111798954627,12.419386283467915,32.40916176470588,0.0,1.8235294117647058,2.0,1.0,34
au,Hunter_Valley_exc_Newcastle,Ref,7.5,station,12.367767832488806,0.0,32.40916176470588,0.0,1.8235294117647058,2.0,1.0,34
au,Hunter_Valley_exc_Newcastle,GNN-oof-42,7.5,station,23.407454845824994,13.409136000831753,32.40916176470588,0.0,1.8235294117647058,2.0,1.0,34
au,Hunter_Valley_exc_Newcastle,GNN-oof-123,7.5,station,23.171047874370956,13.158914928210917,32.40916176470588,0.0,1.8235294117647058,2.0,1.0,34
au,Hunter_Valley_exc_Newcastle,GNN-oof-456,7.5,station,22.369578384842495,12.421987769260971,32.40916176470588,0.0,1.8235294117647058,2.0,1.0,34
au,Hunter_Valley_exc_Newcastle,Uni,10.0,station,24.371473486946407,17.83401233512928,38.29277647058824,0.0,2.1176470588235294,2.0,1.0,34
au,Hunter_Valley_exc_Newcastle,LU,10.0,station,24.54140803573579,17.8509398566482,38.29277647058824,0.0,2.1176470588235294,2.0,1.0,34
au,Hunter_Valley_exc_Newcastle,LU-soft,10.0,station,24.660369474079708,17.930591894681278,38.29277647058824,0.0,2.1176470588235294,2.0,1.0,34
au,Hunter_Valley_exc_Newcastle,Ref,10.0,station,10.761767740035593,0.0,38.29277647058824,0.0,2.1176470588235294,2.0,1.0,34
au,Hunter_Valley_exc_Newcastle,GNN-oof-42,10.0,station,26.027879029028377,20.249903457541095,38.29277647058824,0.0,2.1176470588235294,2.0,1.0,34
au,Hunter_Valley_exc_Newcastle,GNN-oof-123,10.0,station,26.18592161381243,20.331000509040173,38.29277647058824,0.0,2.1176470588235294,2.0,1.0,34
au,Hunter_Valley_exc_Newcastle,GNN-oof-456,10.0,station,26.014867047746527,21.57088217933611,38.29277647058824,0.0,2.1176470588235294,2.0,1.0,34
au,Hunter_Valley_exc_Newcastle,Uni,15.0,station,40.228099193810614,29.5163050188449,74.00880588235293,0.0,4.0588235294117645,3.5,1.0,34
au,Hunter_Valley_exc_Newcastle,LU,15.0,station,39.16972406426951,27.78404807062014,74.00880588235293,0.0,4.0588235294117645,3.5,1.0,34
au,Hunter_Valley_exc_Newcastle,LU-soft,15.0,station,39.36840211479995,28.00872092699051,74.00880588235293,0.0,4.0588235294117645,3.5,1.0,34
au,Hunter_Valley_exc_Newcastle,Ref,15.0,station,13.408031940828483,0.0,74.00880588235293,0.0,4.0588235294117645,3.5,1.0,34
au,Hunter_Valley_exc_Newcastle,GNN-oof-42,15.0,station,40.12329362836149,30.796612152335335,74.00880588235293,0.0,4.0588235294117645,3.5,1.0,34
au,Hunter_Valley_exc_Newcastle,GNN-oof-123,15.0,station,40.167178548865365,31.0586982761976,74.00880588235293,0.0,4.0588235294117645,3.5,1.0,34
au,Hunter_Valley_exc_Newcastle,GNN-oof-456,15.0,station,43.89568299777156,34.70710525073865,74.00880588235293,0.0,4.0588235294117645,3.5,1.0,34
au,Hunter_Valley_exc_Newcastle,Uni,20.0,station,48.79699440015945,36.20452407459287,101.76411176470589,0.0,5.823529411764706,5.0,1.0,34
au,Hunter_Valley_exc_Newcastle,LU,20.0,station,44.67681722047533,32.158181525173546,101.76411176470589,0.0,5.823529411764706,5.0,1.0,34
au,Hunter_Valley_exc_Newcastle,LU-soft,20.0,station,45.12689061671964,32.526612101246705,101.76411176470589,0.0,5.823529411764706,5.0,1.0,34
au,Hunter_Valley_exc_Newcastle,Ref,20.0,station,15.635549544221817,0.0,101.76411176470589,0.0,5.823529411764706,5.0,1.0,34
au,Hunter_Valley_exc_Newcastle,GNN-oof-42,20.0,station,45.7146472458289,34.0075592376842,101.76411176470589,0.0,5.823529411764706,5.0,1.0,34
au,Hunter_Valley_exc_Newcastle,GNN-oof-123,20.0,station,46.36177859303732,34.98134572876858,101.76411176470589,0.0,5.823529411764706,5.0,1.0,34
au,Hunter_Valley_exc_Newcastle,GNN-oof-456,20.0,station,56.22776032637975,45.58701904985123,101.76411176470589,0.0,5.823529411764706,5.0,1.0,34
au,Newcastle_and_Lake_Macquarie,Uni,1.0,station,19.74139874657711,2.730992234217778,22.9875,0.0,1.0,1.0,1.0,25
au,Newcastle_and_Lake_Macquarie,LU,1.0,station,19.758165439564955,2.7168687049655706,22.9875,0.0,1.0,1.0,1.0,25
au,Newcastle_and_Lake_Macquarie,LU-soft,1.0,station,19.7608724766115,2.7108901354239405,22.9875,0.0,1.0,1.0,1.0,25
au,Newcastle_and_Lake_Macquarie,Ref,1.0,station,18.439219045366702,0.0,22.9875,0.0,1.0,1.0,1.0,25
au,Newcastle_and_Lake_Macquarie,GNN-oof-42,1.0,station,21.31562586292994,6.332734146729457,22.9875,0.0,1.0,1.0,1.0,25
au,Newcastle_and_Lake_Macquarie,GNN-oof-123,1.0,station,19.269774746426773,4.290087566149592,22.9875,0.0,1.0,1.0,1.0,25
au,Newcastle_and_Lake_Macquarie,GNN-oof-456,1.0,station,20.005437517690822,4.98491218769373,22.9875,0.0,1.0,1.0,1.0,25
au,Newcastle_and_Lake_Macquarie,Uni,2.0,station,16.578710029939273,9.339722364890168,27.655404000000004,0.0,1.16,1.0,1.0,25
au,Newcastle_and_Lake_Macquarie,LU,2.0,station,16.521627481679587,9.535511206352492,27.655404000000004,0.0,1.16,1.0,1.0,25
au,Newcastle_and_Lake_Macquarie,LU-soft,2.0,station,16.52445933799308,9.524016753070821,27.655404000000004,0.0,1.16,1.0,1.0,25
au,Newcastle_and_Lake_Macquarie,Ref,2.0,station,13.11725201089201,0.0,27.655404000000004,0.0,1.16,1.0,1.0,25
au,Newcastle_and_Lake_Macquarie,GNN-oof-42,2.0,station,20.514624842314856,17.0685932254468,27.655404000000004,0.0,1.16,1.0,1.0,25
au,Newcastle_and_Lake_Macquarie,GNN-oof-123,2.0,station,16.437493890349376,13.206117932708555,27.655404000000004,0.0,1.16,1.0,1.0,25
au,Newcastle_and_Lake_Macquarie,GNN-oof-456,2.0,station,18.34699839967821,15.073804064646346,27.655404000000004,0.0,1.16,1.0,1.0,25
au,Newcastle_and_Lake_Macquarie,Uni,3.0,station,27.98425476910347,17.284852815689035,46.755016000000005,0.0,1.96,2.0,1.0,25
au,Newcastle_and_Lake_Macquarie,LU,3.0,station,27.680556819595914,17.81092495865336,46.755016000000005,0.0,1.96,2.0,1.0,25
au,Newcastle_and_Lake_Macquarie,LU-soft,3.0,station,27.65855424141647,17.773211368038375,46.755016000000005,0.0,1.96,2.0,1.0,25
au,Newcastle_and_Lake_Macquarie,Ref,3.0,station,16.62964419329117,0.0,46.755016000000005,0.0,1.96,2.0,1.0,25
au,Newcastle_and_Lake_Macquarie,GNN-oof-42,3.0,station,33.84630190399577,30.398218924381084,46.755016000000005,0.0,1.96,2.0,1.0,25
au,Newcastle_and_Lake_Macquarie,GNN-oof-123,3.0,station,28.120593629577673,22.565465830376915,46.755016000000005,0.0,1.96,2.0,1.0,25
au,Newcastle_and_Lake_Macquarie,GNN-oof-456,3.0,station,30.130642521036407,26.01890949391628,46.755016000000005,0.0,1.96,2.0,1.0,25
au,Newcastle_and_Lake_Macquarie,Uni,5.0,station,42.81348134413189,36.25075913999468,99.17614400000001,0.0,4.04,4.0,1.0,25
au,Newcastle_and_Lake_Macquarie,LU,5.0,station,42.291207601564274,36.92002557112589,99.17614400000001,0.0,4.04,4.0,1.0,25
au,Newcastle_and_Lake_Macquarie,LU-soft,5.0,station,42.27033908192558,36.841438154597206,99.17614400000001,0.0,4.04,4.0,1.0,25
au,Newcastle_and_Lake_Macquarie,Ref,5.0,station,16.80924421422256,0.0,99.17614400000001,0.0,4.04,4.0,1.0,25
au,Newcastle_and_Lake_Macquarie,GNN-oof-42,5.0,station,51.27295280419957,45.88707766942447,99.17614400000001,0.0,4.04,4.0,1.0,25
au,Newcastle_and_Lake_Macquarie,GNN-oof-123,5.0,station,42.817992927739375,37.25081861324202,99.17614400000001,0.0,4.04,4.0,1.0,25
au,Newcastle_and_Lake_Macquarie,GNN-oof-456,5.0,station,45.70449566229217,40.0728621377838,99.17614400000001,0.0,4.04,4.0,1.0,25
au,Newcastle_and_Lake_Macquarie,Uni,7.5,station,66.89532613002362,52.13666814768478,178.463624,0.0,7.08,8.0,1.0,25
au,Newcastle_and_Lake_Macquarie,LU,7.5,station,66.99809290796497,53.29049343080498,178.463624,0.0,7.08,8.0,1.0,25
au,Newcastle_and_Lake_Macquarie,LU-soft,7.5,station,66.90004234788238,53.178027500887474,178.463624,0.0,7.08,8.0,1.0,25
au,Newcastle_and_Lake_Macquarie,Ref,7.5,station,20.34183740486959,0.0,178.463624,0.0,7.08,8.0,1.0,25
au,Newcastle_and_Lake_Macquarie,GNN-oof-42,7.5,station,59.1612736848259,48.57344216875624,178.463624,0.0,7.08,8.0,1.0,25
au,Newcastle_and_Lake_Macquarie,GNN-oof-123,7.5,station,57.15087929978703,43.956287200705326,178.463624,0.0,7.08,8.0,1.0,25
au,Newcastle_and_Lake_Macquarie,GNN-oof-456,7.5,station,56.26532266400525,43.30516670678044,178.463624,0.0,7.08,8.0,1.0,25
au,Newcastle_and_Lake_Macquarie,Uni,10.0,station,77.92257776480231,62.149747263492316,258.57554,0.0,10.52,12.0,1.0,25
au,Newcastle_and_Lake_Macquarie,LU,10.0,station,79.07053467067703,63.6214060768044,258.57554,0.0,10.52,12.0,1.0,25
au,Newcastle_and_Lake_Macquarie,LU-soft,10.0,station,78.92971391402435,63.46531054925787,258.57554,0.0,10.52,12.0,1.0,25
au,Newcastle_and_Lake_Macquarie,Ref,10.0,station,24.163016493740074,0.0,258.57554,0.0,10.52,12.0,1.0,25
au,Newcastle_and_Lake_Macquarie,GNN-oof-42,10.0,station,71.43859311985346,56.744967586842215,258.57554,0.0,10.52,12.0,1.0,25
au,Newcastle_and_Lake_Macquarie,GNN-oof-123,10.0,station,70.6858121019711,54.341047751773495,258.57554,0.0,10.52,12.0,1.0,25
au,Newcastle_and_Lake_Macquarie,GNN-oof-456,10.0,station,69.46386477548332,54.179126666615026,258.57554,0.0,10.52,12.0,1.0,25
au,Newcastle_and_Lake_Macquarie,Uni,15.0,station,83.25743193813395,64.85305964935017,398.34801999999996,0.0,16.68,19.0,1.0,25
au,Newcastle_and_Lake_Macquarie,LU,15.0,station,85.37697207228675,67.06379548224506,398.34801999999996,0.0,16.68,19.0,1.0,25
au,Newcastle_and_Lake_Macquarie,LU-soft,15.0,station,85.16976860106745,66.85525498115588,398.34801999999996,0.0,16.68,19.0,1.0,25
au,Newcastle_and_Lake_Macquarie,Ref,15.0,station,22.687485985984623,0.0,398.34801999999996,0.0,16.68,19.0,1.0,25
au,Newcastle_and_Lake_Macquarie,GNN-oof-42,15.0,station,72.90761591464351,54.671698268212225,398.34801999999996,0.0,16.68,19.0,1.0,25
au,Newcastle_and_Lake_Macquarie,GNN-oof-123,15.0,station,74.8427755826424,56.567667095465886,398.34801999999996,0.0,16.68,19.0,1.0,25
au,Newcastle_and_Lake_Macquarie,GNN-oof-456,15.0,station,72.44313852418142,54.28802591495725,398.34801999999996,0.0,16.68,19.0,1.0,25
au,Newcastle_and_Lake_Macquarie,Uni,20.0,station,61.96777783877834,51.57779916414691,467.104232,0.0,19.96,22.0,1.0,25
au,Newcastle_and_Lake_Macquarie,LU,20.0,station,66.0475660335632,55.63815496935673,467.104232,0.0,19.96,22.0,1.0,25
au,Newcastle_and_Lake_Macquarie,LU-soft,20.0,station,65.77847404367273,55.371426017412,467.104232,0.0,19.96,22.0,1.0,25
au,Newcastle_and_Lake_Macquarie,Ref,20.0,station,14.913514911977384,0.0,467.104232,0.0,19.96,22.0,1.0,25
au,Newcastle_and_Lake_Macquarie,GNN-oof-42,20.0,station,60.25862314015216,50.21184466009058,467.104232,0.0,19.96,22.0,1.0,25
au,Newcastle_and_Lake_Macquarie,GNN-oof-123,20.0,station,58.10394901083136,48.212780370162854,467.104232,0.0,19.96,22.0,1.0,25
au,Newcastle_and_Lake_Macquarie,GNN-oof-456,20.0,station,56.56328435022777,46.53433719634673,467.104232,0.0,19.96,22.0,1.0,25
au,Sydney_City_and_Inner_South,Uni,1.0,station,91.7995006568648,55.165009097664836,137.26526470588234,0.0,2.2941176470588234,1.0,1.0,17
au,Sydney_City_and_Inner_South,LU,1.0,station,92.65545579817838,56.10887241201359,137.26526470588234,0.0,2.2941176470588234,1.0,1.0,17
au,Sydney_City_and_Inner_South,LU-soft,1.0,station,92.65802993070847,56.10757196146448,137.26526470588234,0.0,2.2941176470588234,1.0,1.0,17
au,Sydney_City_and_Inner_South,Ref,1.0,station,40.951494197018235,0.0,137.26526470588234,0.0,2.2941176470588234,1.0,1.0,17
au,Sydney_City_and_Inner_South,GNN-oof-42,1.0,station,133.29881497167227,98.67761788860403,137.26526470588234,0.0,2.2941176470588234,1.0,1.0,17
au,Sydney_City_and_Inner_South,GNN-oof-123,1.0,station,134.7938642646434,100.35588247336327,137.26526470588234,0.0,2.2941176470588234,1.0,1.0,17
au,Sydney_City_and_Inner_South,GNN-oof-456,1.0,station,134.16846617527818,99.87651557457772,137.26526470588234,0.0,2.2941176470588234,1.0,1.0,17
au,Sydney_City_and_Inner_South,Uni,2.0,station,130.63052369810686,105.37008635564794,305.96705294117646,0.0,5.352941176470588,6.0,1.0,17
au,Sydney_City_and_Inner_South,LU,2.0,station,135.29259176692014,110.32475261442445,305.96705294117646,0.0,5.352941176470588,6.0,1.0,17
au,Sydney_City_and_Inner_South,LU-soft,2.0,station,135.28680575328963,110.31912456493583,305.96705294117646,0.0,5.352941176470588,6.0,1.0,17
au,Sydney_City_and_Inner_South,Ref,2.0,station,44.9250515469081,0.0,305.96705294117646,0.0,5.352941176470588,6.0,1.0,17
au,Sydney_City_and_Inner_South,GNN-oof-42,2.0,station,233.53788544003245,236.08457939434004,305.96705294117646,0.0,5.352941176470588,6.0,1.0,17
au,Sydney_City_and_Inner_South,GNN-oof-123,2.0,station,235.6903168886931,238.23701084300066,305.96705294117646,0.0,5.352941176470588,6.0,1.0,17
au,Sydney_City_and_Inner_South,GNN-oof-456,2.0,station,233.75796304956094,236.3046570038685,305.96705294117646,0.0,5.352941176470588,6.0,1.0,17
au,Sydney_City_and_Inner_South,Uni,3.0,station,81.22064034860475,77.44668874649457,413.36066470588236,0.0,7.588235294117647,9.0,1.0,17
au,Sydney_City_and_Inner_South,LU,3.0,station,87.34857826714345,84.24884917737141,413.36066470588236,0.0,7.588235294117647,9.0,1.0,17
au,Sydney_City_and_Inner_South,LU-soft,3.0,station,87.34629712978843,84.24413837886989,413.36066470588236,0.0,7.588235294117647,9.0,1.0,17
au,Sydney_City_and_Inner_South,Ref,3.0,station,20.63434939562191,0.0,413.36066470588236,0.0,7.588235294117647,9.0,1.0,17
au,Sydney_City_and_Inner_South,GNN-oof-42,3.0,station,208.1588763683494,206.02564825747768,413.36066470588236,0.0,7.588235294117647,9.0,1.0,17
au,Sydney_City_and_Inner_South,GNN-oof-123,3.0,station,209.32460888691406,205.9460291099112,413.36066470588236,0.0,7.588235294117647,9.0,1.0,17
au,Sydney_City_and_Inner_South,GNN-oof-456,3.0,station,208.3431351558918,204.20870184004204,413.36066470588236,0.0,7.588235294117647,9.0,1.0,17
au,Sydney_City_and_Inner_South,Uni,5.0,station,42.45244057400755,25.2749404709205,638.3974705882353,0.0,11.941176470588236,13.0,1.0,17
au,Sydney_City_and_Inner_South,LU,5.0,station,43.90502427338453,26.909389426912853,638.3974705882353,0.0,11.941176470588236,13.0,1.0,17
au,Sydney_City_and_Inner_South,LU-soft,5.0,station,43.91654131006938,26.91184551321846,638.3974705882353,0.0,11.941176470588236,13.0,1.0,17
au,Sydney_City_and_Inner_South,Ref,5.0,station,27.66240542759336,0.0,638.3974705882353,0.0,11.941176470588236,13.0,1.0,17
au,Sydney_City_and_Inner_South,GNN-oof-42,5.0,station,202.82061340193323,203.56081950287765,638.3974705882353,0.0,11.941176470588236,13.0,1.0,17
au,Sydney_City_and_Inner_South,GNN-oof-123,5.0,station,202.0812395030479,202.95618044720135,638.3974705882353,0.0,11.941176470588236,13.0,1.0,17
au,Sydney_City_and_Inner_South,GNN-oof-456,5.0,station,200.04410267011698,201.06192509551366,638.3974705882353,0.0,11.941176470588236,13.0,1.0,17
au,Sydney_City_and_Inner_South,Uni,7.5,station,21.893028460188866,10.999161363203873,766.1946352941177,0.0,14.764705882352942,15.0,1.0,17
au,Sydney_City_and_Inner_South,LU,7.5,station,23.008818864335,12.522667307972545,766.1946352941177,0.0,14.764705882352942,15.0,1.0,17
au,Sydney_City_and_Inner_South,LU-soft,7.5,station,23.003958546725375,12.509965316246188,766.1946352941177,0.0,14.764705882352942,15.0,1.0,17
au,Sydney_City_and_Inner_South,Ref,7.5,station,15.8899932122569,0.0,766.1946352941177,0.0,14.764705882352942,15.0,1.0,17
au,Sydney_City_and_Inner_South,GNN-oof-42,7.5,station,91.83055101677459,92.16124810630882,766.1946352941177,0.0,14.764705882352942,15.0,1.0,17
au,Sydney_City_and_Inner_South,GNN-oof-123,7.5,station,85.74371404184481,86.01811479747884,766.1946352941177,0.0,14.764705882352942,15.0,1.0,17
au,Sydney_City_and_Inner_South,GNN-oof-456,7.5,station,83.84917871617532,83.26269560877849,766.1946352941177,0.0,14.764705882352942,15.0,1.0,17
au,Sydney_City_and_Inner_South,Uni,10.0,station,6.830681137117461,3.9315569503690257,833.7635882352943,0.0,16.529411764705884,17.0,1.0,17
au,Sydney_City_and_Inner_South,LU,10.0,station,7.8542978477151415,5.078318037969867,833.7635882352943,0.0,16.529411764705884,17.0,1.0,17
au,Sydney_City_and_Inner_South,LU-soft,10.0,station,7.851675519706405,5.069122320563264,833.7635882352943,0.0,16.529411764705884,17.0,1.0,17
au,Sydney_City_and_Inner_South,Ref,10.0,station,2.9843271793774204,0.0,833.7635882352943,0.0,16.529411764705884,17.0,1.0,17
au,Sydney_City_and_Inner_South,GNN-oof-42,10.0,station,50.390204008329285,48.077652028406305,833.7635882352943,0.0,16.529411764705884,17.0,1.0,17
au,Sydney_City_and_Inner_South,GNN-oof-123,10.0,station,43.498437861149725,41.18588588123356,833.7635882352943,0.0,16.529411764705884,17.0,1.0,17
au,Sydney_City_and_Inner_South,GNN-oof-456,10.0,station,40.92593797961073,38.61338599969362,833.7635882352943,0.0,16.529411764705884,17.0,1.0,17
au,Sydney_City_and_Inner_South,Uni,15.0,station,4.867134146693656e-11,2.965888972325689e-11,853.1962000000001,0.0,17.0,17.0,1.0,17
au,Sydney_City_and_Inner_South,LU,15.0,station,1.8022707509397365e-11,1.6317404943573124e-11,853.1962000000001,0.0,17.0,17.0,1.0,17
au,Sydney_City_and_Inner_South,LU-soft,15.0,station,3.554385544061113e-11,5.237619488445275e-11,853.1962000000001,0.0,17.0,17.0,1.0,17
au,Sydney_City_and_Inner_South,Ref,15.0,station,2.0590692549697398e-11,0.0,853.1962000000001,0.0,17.0,17.0,1.0,17
au,Sydney_City_and_Inner_South,GNN-oof-42,15.0,station,1.6925963898435892e-11,1.576903313809239e-11,853.1962000000001,0.0,17.0,17.0,1.0,17
au,Sydney_City_and_Inner_South,GNN-oof-123,15.0,station,9.763693121974082e-12,2.911051791777615e-11,853.1962000000001,0.0,17.0,17.0,1.0,17
au,Sydney_City_and_Inner_South,GNN-oof-456,15.0,station,6.413275139707634e-12,2.5653100558830536e-11,853.1962000000001,0.0,17.0,17.0,1.0,17
au,Sydney_City_and_Inner_South,Uni,20.0,station,4.867134146693656e-11,2.965888972325689e-11,853.1962000000001,0.0,17.0,17.0,1.0,17
au,Sydney_City_and_Inner_South,LU,20.0,station,1.8022707509397365e-11,1.6317404943573124e-11,853.1962000000001,0.0,17.0,17.0,1.0,17
au,Sydney_City_and_Inner_South,LU-soft,20.0,station,3.554385544061113e-11,5.237619488445275e-11,853.1962000000001,0.0,17.0,17.0,1.0,17
au,Sydney_City_and_Inner_South,Ref,20.0,station,2.0590692549697398e-11,0.0,853.1962000000001,0.0,17.0,17.0,1.0,17
au,Sydney_City_and_Inner_South,GNN-oof-42,20.0,station,1.6925963898435892e-11,1.576903313809239e-11,853.1962000000001,0.0,17.0,17.0,1.0,17
au,Sydney_City_and_Inner_South,GNN-oof-123,20.0,station,9.763693121974082e-12,2.911051791777615e-11,853.1962000000001,0.0,17.0,17.0,1.0,17
au,Sydney_City_and_Inner_South,GNN-oof-456,20.0,station,6.413275139707634e-12,2.5653100558830536e-11,853.1962000000001,0.0,17.0,17.0,1.0,17
au,Sydney_Eastern_Suburbs,Uni,1.0,station,23.902221095798364,6.230408475424822,40.2142125,0.0,1.0,1.0,1.0,8
au,Sydney_Eastern_Suburbs,LU,1.0,station,23.55793434793209,6.370310733599418,40.2142125,0.0,1.0,1.0,1.0,8
au,Sydney_Eastern_Suburbs,LU-soft,1.0,station,23.564083234977065,6.372322279288137,40.2142125,0.0,1.0,1.0,1.0,8
au,Sydney_Eastern_Suburbs,Ref,1.0,station,22.158224477402825,0.0,40.2142125,0.0,1.0,1.0,1.0,8
au,Sydney_Eastern_Suburbs,GNN-oof-42,1.0,station,30.85128325735963,9.490614247645787,40.2142125,0.0,1.0,1.0,1.0,8
au,Sydney_Eastern_Suburbs,GNN-oof-123,1.0,station,28.725704036792564,8.035362752770482,40.2142125,0.0,1.0,1.0,1.0,8
au,Sydney_Eastern_Suburbs,GNN-oof-456,1.0,station,29.91554791980455,9.020295269271285,40.2142125,0.0,1.0,1.0,1.0,8
au,Sydney_Eastern_Suburbs,Uni,2.0,station,40.73630716957194,11.907465263569591,83.4706,0.0,2.0,2.0,1.0,8
au,Sydney_Eastern_Suburbs,LU,2.0,station,40.43370560528485,12.217201855927648,83.4706,0.0,2.0,2.0,1.0,8
au,Sydney_Eastern_Suburbs,LU-soft,2.0,station,40.445096990848825,12.230306267688682,83.4706,0.0,2.0,2.0,1.0,8
au,Sydney_Eastern_Suburbs,Ref,2.0,station,29.381882135400787,0.0,83.4706,0.0,2.0,2.0,1.0,8
au,Sydney_Eastern_Suburbs,GNN-oof-42,2.0,station,51.95762659618984,31.11352005114609,83.4706,0.0,2.0,2.0,1.0,8
au,Sydney_Eastern_Suburbs,GNN-oof-123,2.0,station,48.132003516111276,24.00908116136698,83.4706,0.0,2.0,2.0,1.0,8
au,Sydney_Eastern_Suburbs,GNN-oof-456,2.0,station,49.84458428545316,28.03786846149372,83.4706,0.0,2.0,2.0,1.0,8
au,Sydney_Eastern_Suburbs,Uni,3.0,station,34.13462251640304,18.100358620023187,134.6532125,0.0,3.25,3.0,1.0,8
au,Sydney_Eastern_Suburbs,LU,3.0,station,33.53239154471214,18.07796946197943,134.6532125,0.0,3.25,3.0,1.0,8
au,Sydney_Eastern_Suburbs,LU-soft,3.0,station,33.550805027597626,18.096382944864914,134.6532125,0.0,3.25,3.0,1.0,8
au,Sydney_Eastern_Suburbs,Ref,3.0,station,24.85771720502835,0.0,134.6532125,0.0,3.25,3.0,1.0,8
au,Sydney_Eastern_Suburbs,GNN-oof-42,3.0,station,58.078135753916435,44.641466742487665,134.6532125,0.0,3.25,3.0,1.0,8
au,Sydney_Eastern_Suburbs,GNN-oof-123,3.0,station,50.014566338889374,34.56014425615667,134.6532125,0.0,3.25,3.0,1.0,8
au,Sydney_Eastern_Suburbs,GNN-oof-456,3.0,station,55.078890595856144,40.4104316849819,134.6532125,0.0,3.25,3.0,1.0,8
au,Sydney_Eastern_Suburbs,Uni,5.0,station,31.24840554828033,21.672683335908744,212.740825,0.0,5.25,5.5,1.0,8
au,Sydney_Eastern_Suburbs,LU,5.0,station,31.095554340075548,21.46444319777317,212.740825,0.0,5.25,5.5,1.0,8
au,Sydney_Eastern_Suburbs,LU-soft,5.0,station,31.105504386840625,21.475410765756358,212.740825,0.0,5.25,5.5,1.0,8
au,Sydney_Eastern_Suburbs,Ref,5.0,station,19.509066258160857,0.0,212.740825,0.0,5.25,5.5,1.0,8
au,Sydney_Eastern_Suburbs,GNN-oof-42,5.0,station,58.31000207740247,54.20928286706733,212.740825,0.0,5.25,5.5,1.0,8
au,Sydney_Eastern_Suburbs,GNN-oof-123,5.0,station,46.84823479036737,42.27399202939121,212.740825,0.0,5.25,5.5,1.0,8
au,Sydney_Eastern_Suburbs,GNN-oof-456,5.0,station,55.15358217882135,51.05286296848621,212.740825,0.0,5.25,5.5,1.0,8
au,Sydney_Eastern_Suburbs,Uni,7.5,station,27.67697368664494,21.99893515998443,276.8898375,0.0,6.75,7.0,1.0,8
au,Sydney_Eastern_Suburbs,LU,7.5,station,27.28133322421093,21.60329469755042,276.8898375,0.0,6.75,7.0,1.0,8
au,Sydney_Eastern_Suburbs,LU-soft,7.5,station,27.294027398392632,21.615988871732124,276.8898375,0.0,6.75,7.0,1.0,8
au,Sydney_Eastern_Suburbs,Ref,7.5,station,12.06324582887212,0.0,276.8898375,0.0,6.75,7.0,1.0,8
au,Sydney_Eastern_Suburbs,GNN-oof-42,7.5,station,52.55548184108443,48.54231671945548,276.8898375,0.0,6.75,7.0,1.0,8
au,Sydney_Eastern_Suburbs,GNN-oof-123,7.5,station,42.551981410404366,36.87394288374385,276.8898375,0.0,6.75,7.0,1.0,8
au,Sydney_Eastern_Suburbs,GNN-oof-456,7.5,station,45.55624589580596,41.614869645403715,276.8898375,0.0,6.75,7.0,1.0,8
au,Sydney_Eastern_Suburbs,Uni,10.0,station,22.786088439981526,9.649512538080877,321.7137,0.0,8.0,8.0,1.0,8
au,Sydney_Eastern_Suburbs,LU,10.0,station,22.99109389696659,9.85451799506594,321.7137,0.0,8.0,8.0,1.0,8
au,Sydney_Eastern_Suburbs,LU-soft,10.0,station,23.002974515254934,9.866398613354285,321.7137,0.0,8.0,8.0,1.0,8
au,Sydney_Eastern_Suburbs,Ref,10.0,station,13.136575901900649,0.0,321.7137,0.0,8.0,8.0,1.0,8
au,Sydney_Eastern_Suburbs,GNN-oof-42,10.0,station,32.86516377966846,19.728587877767808,321.7137,0.0,8.0,8.0,1.0,8
au,Sydney_Eastern_Suburbs,GNN-oof-123,10.0,station,30.249133441898223,17.112557539997574,321.7137,0.0,8.0,8.0,1.0,8
au,Sydney_Eastern_Suburbs,GNN-oof-456,10.0,station,31.936752773600062,18.800176871699414,321.7137,0.0,8.0,8.0,1.0,8
au,Sydney_Eastern_Suburbs,Uni,15.0,station,1.8737011941993842e-11,3.744560217455728e-11,321.7137,0.0,8.0,8.0,1.0,8
au,Sydney_Eastern_Suburbs,LU,15.0,station,1.9561241515475558e-11,3.8269831748038996e-11,321.7137,0.0,8.0,8.0,1.0,8
au,Sydney_Eastern_Suburbs,LU-soft,15.0,station,3.0340174816956278e-12,1.9838353182421997e-11,321.7137,0.0,8.0,8.0,1.0,8
au,Sydney_Eastern_Suburbs,Ref,15.0,station,1.9348078694747528e-11,0.0,321.7137,0.0,8.0,8.0,1.0,8
au,Sydney_Eastern_Suburbs,GNN-oof-42,15.0,station,1.2732925824820995e-11,3.161204631396686e-11,321.7137,0.0,8.0,8.0,1.0,8
au,Sydney_Eastern_Suburbs,GNN-oof-123,15.0,station,9.919176591210999e-12,2.4790836050669895e-11,321.7137,0.0,8.0,8.0,1.0,8
au,Sydney_Eastern_Suburbs,GNN-oof-456,15.0,station,2.135180920959101e-11,1.1297629498585593e-11,321.7137,0.0,8.0,8.0,1.0,8
au,Sydney_Eastern_Suburbs,Uni,20.0,station,1.8737011941993842e-11,3.744560217455728e-11,321.7137,0.0,8.0,8.0,1.0,8
au,Sydney_Eastern_Suburbs,LU,20.0,station,1.9561241515475558e-11,3.8269831748038996e-11,321.7137,0.0,8.0,8.0,1.0,8
au,Sydney_Eastern_Suburbs,LU-soft,20.0,station,3.0340174816956278e-12,1.9838353182421997e-11,321.7137,0.0,8.0,8.0,1.0,8
au,Sydney_Eastern_Suburbs,Ref,20.0,station,1.9348078694747528e-11,0.0,321.7137,0.0,8.0,8.0,1.0,8
au,Sydney_Eastern_Suburbs,GNN-oof-42,20.0,station,1.2732925824820995e-11,3.161204631396686e-11,321.7137,0.0,8.0,8.0,1.0,8
au,Sydney_Eastern_Suburbs,GNN-oof-123,20.0,station,9.919176591210999e-12,2.4790836050669895e-11,321.7137,0.0,8.0,8.0,1.0,8
au,Sydney_Eastern_Suburbs,GNN-oof-456,20.0,station,2.135180920959101e-11,1.1297629498585593e-11,321.7137,0.0,8.0,8.0,1.0,8
au,Sydney_Inner_South_West,Uni,1.0,station,28.71595271601401,4.236543288843321,39.908668750000004,0.0,1.0,1.0,1.0,16
au,Sydney_Inner_South_West,LU,1.0,station,28.81390377796661,4.744868585723146,39.908668750000004,0.0,1.0,1.0,1.0,16
au,Sydney_Inner_South_West,LU-soft,1.0,station,28.8133253543791,4.744948177266199,39.908668750000004,0.0,1.0,1.0,1.0,16
au,Sydney_Inner_South_West,Ref,1.0,station,27.66352308750119,0.0,39.908668750000004,0.0,1.0,1.0,1.0,16
au,Sydney_Inner_South_West,GNN-oof-42,1.0,station,29.5556099228395,9.224832822201446,39.908668750000004,0.0,1.0,1.0,1.0,16
au,Sydney_Inner_South_West,GNN-oof-123,1.0,station,28.929434757502825,6.290303868504336,39.908668750000004,0.0,1.0,1.0,1.0,16
au,Sydney_Inner_South_West,GNN-oof-456,1.0,station,28.359349144305877,7.4942522088208605,39.908668750000004,0.0,1.0,1.0,1.0,16
au,Sydney_Inner_South_West,Uni,2.0,station,21.908545046762,13.972584429781136,51.1346375,0.0,1.25,1.0,1.0,16
au,Sydney_Inner_South_West,LU,2.0,station,22.306483081752997,15.002109123787976,51.1346375,0.0,1.25,1.0,1.0,16
au,Sydney_Inner_South_West,LU-soft,2.0,station,22.30721231468064,15.002154886269334,51.1346375,0.0,1.25,1.0,1.0,16
au,Sydney_Inner_South_West,Ref,2.0,station,12.248158861169571,0.0,51.1346375,0.0,1.25,1.0,1.0,16
au,Sydney_Inner_South_West,GNN-oof-42,2.0,station,36.93496345207935,31.533242510004058,51.1346375,0.0,1.25,1.0,1.0,16
au,Sydney_Inner_South_West,GNN-oof-123,2.0,station,26.995295808175435,20.805839643435093,51.1346375,0.0,1.25,1.0,1.0,16
au,Sydney_Inner_South_West,GNN-oof-456,2.0,station,30.574883808535294,23.951094741878947,51.1346375,0.0,1.25,1.0,1.0,16
au,Sydney_Inner_South_West,Uni,3.0,station,39.23085586791348,20.49309958368646,109.18213750000001,0.0,2.75,3.0,1.0,16
au,Sydney_Inner_South_West,LU,3.0,station,39.15328712860113,20.376915959090454,109.18213750000001,0.0,2.75,3.0,1.0,16
au,Sydney_Inner_South_West,LU-soft,3.0,station,39.153609608367056,20.37723958869337,109.18213750000001,0.0,2.75,3.0,1.0,16
au,Sydney_Inner_South_West,Ref,3.0,station,24.72527422645617,0.0,109.18213750000001,0.0,2.75,3.0,1.0,16
au,Sydney_Inner_South_West,GNN-oof-42,3.0,station,48.79798912701793,44.55732150664802,109.18213750000001,0.0,2.75,3.0,1.0,16
au,Sydney_Inner_South_West,GNN-oof-123,3.0,station,39.900225832555066,27.011155660438412,109.18213750000001,0.0,2.75,3.0,1.0,16
au,Sydney_Inner_South_West,GNN-oof-456,3.0,station,37.73428454346755,27.498042563141258,109.18213750000001,0.0,2.75,3.0,1.0,16
au,Sydney_Inner_South_West,Uni,5.0,station,32.6788589358022,19.778432179019674,213.94552499999998,0.0,5.5,6.0,1.0,16
au,Sydney_Inner_South_West,LU,5.0,station,31.25683513038539,20.858209679592242,213.94552499999998,0.0,5.5,6.0,1.0,16
au,Sydney_Inner_South_West,LU-soft,5.0,station,31.256897629511528,20.859545248520234,213.94552499999998,0.0,5.5,6.0,1.0,16
au,Sydney_Inner_South_West,Ref,5.0,station,28.824239139677225,0.0,213.94552499999998,0.0,5.5,6.0,1.0,16
au,Sydney_Inner_South_West,GNN-oof-42,5.0,station,48.99884773270972,45.801022807281335,213.94552499999998,0.0,5.5,6.0,1.0,16
au,Sydney_Inner_South_West,GNN-oof-123,5.0,station,35.79376666116196,27.812827237594803,213.94552499999998,0.0,5.5,6.0,1.0,16
au,Sydney_Inner_South_West,GNN-oof-456,5.0,station,34.16468939053084,29.187013548132512,213.94552499999998,0.0,5.5,6.0,1.0,16
au,Sydney_Inner_South_West,Uni,7.5,station,25.64787475299064,10.732158190436897,394.5627,0.0,9.75,9.0,1.0,16
au,Sydney_Inner_South_West,LU,7.5,station,26.17497150673948,12.691797635928326,394.5627,0.0,9.75,9.0,1.0,16
au,Sydney_Inner_South_West,LU-soft,7.5,station,26.17610996926264,12.693575523954822,394.5627,0.0,9.75,9.0,1.0,16
au,Sydney_Inner_South_West,Ref,7.5,station,19.51711816719071,0.0,394.5627,0.0,9.75,9.0,1.0,16
au,Sydney_Inner_South_West,GNN-oof-42,7.5,station,52.5106935425059,38.86922083932923,394.5627,0.0,9.75,9.0,1.0,16
au,Sydney_Inner_South_West,GNN-oof-123,7.5,station,34.19382588009714,21.5587247599525,394.5627,0.0,9.75,9.0,1.0,16
au,Sydney_Inner_South_West,GNN-oof-456,7.5,station,36.44708246878115,24.19088487238414,394.5627,0.0,9.75,9.0,1.0,16
au,Sydney_Inner_South_West,Uni,10.0,station,22.13536347047258,10.902746175700397,505.80515,0.0,12.625,12.0,1.0,16
au,Sydney_Inner_South_West,LU,10.0,station,22.387762142543377,11.344382132468485,505.80515,0.0,12.625,12.0,1.0,16
au,Sydney_Inner_South_West,LU-soft,10.0,station,22.38813610047007,11.345087957471407,505.80515,0.0,12.625,12.0,1.0,16
au,Sydney_Inner_South_West,Ref,10.0,station,22.39821366194473,0.0,505.80515,0.0,12.625,12.0,1.0,16
au,Sydney_Inner_South_West,GNN-oof-42,10.0,station,27.37607730435194,21.379364433495407,505.80515,0.0,12.625,12.0,1.0,16
au,Sydney_Inner_South_West,GNN-oof-123,10.0,station,21.551161101392335,13.054367370581556,505.80515,0.0,12.625,12.0,1.0,16
au,Sydney_Inner_South_West,GNN-oof-456,10.0,station,23.227162181296784,13.440927873191221,505.80515,0.0,12.625,12.0,1.0,16
au,Sydney_Inner_South_West,Uni,15.0,station,7.542780462603062,2.460554036701616,631.9037500000001,0.0,15.75,16.0,1.0,16
au,Sydney_Inner_South_West,LU,15.0,station,6.929831195040137,1.7028510354112498,631.9037500000001,0.0,15.75,16.0,1.0,16
au,Sydney_Inner_South_West,LU-soft,15.0,station,6.929771780579436,1.702982136696093,631.9037500000001,0.0,15.75,16.0,1.0,16
au,Sydney_Inner_South_West,Ref,15.0,station,5.4455457269565315,0.0,631.9037500000001,0.0,15.75,16.0,1.0,16
au,Sydney_Inner_South_West,GNN-oof-42,15.0,station,10.126037271666185,6.599538346570739,631.9037500000001,0.0,15.75,16.0,1.0,16
au,Sydney_Inner_South_West,GNN-oof-123,15.0,station,7.1129590347133345,2.985136740460078,631.9037500000001,0.0,15.75,16.0,1.0,16
au,Sydney_Inner_South_West,GNN-oof-456,15.0,station,7.782583104060052,4.229502427490722,631.9037500000001,0.0,15.75,16.0,1.0,16
au,Sydney_Inner_South_West,Uni,20.0,station,5.8129501212533796e-11,7.958789183248882e-11,638.5387000000001,0.0,16.0,16.0,1.0,16
au,Sydney_Inner_South_West,LU,20.0,station,3.575451046344824e-11,5.154277005203767e-11,638.5387000000001,0.0,16.0,16.0,1.0,16
au,Sydney_Inner_South_West,LU-soft,20.0,station,4.319389290685649e-11,6.554756737386924e-11,638.5387000000001,0.0,16.0,16.0,1.0,16
au,Sydney_Inner_South_West,Ref,20.0,station,3.0951241569709964e-11,0.0,638.5387000000001,0.0,16.0,16.0,1.0,16
au,Sydney_Inner_South_West,GNN-oof-42,20.0,station,3.2883917810977437e-11,4.423839072842384e-11,638.5387000000001,0.0,16.0,16.0,1.0,16
au,Sydney_Inner_South_West,GNN-oof-123,20.0,station,3.867484110742225e-11,2.921041186709772e-11,638.5387000000001,0.0,16.0,16.0,1.0,16
au,Sydney_Inner_South_West,GNN-oof-456,20.0,station,4.914113560516853e-11,3.716138508025324e-11,638.5387000000001,0.0,16.0,16.0,1.0,16
au,Sydney_Inner_West,Uni,1.0,station,27.52057834813225,2.6528944637139777,40.72161428571428,0.0,1.0,1.0,1.0,7
au,Sydney_Inner_West,LU,1.0,station,27.419528607371767,2.6602262579258142,40.72161428571428,0.0,1.0,1.0,1.0,7
au,Sydney_Inner_West,LU-soft,1.0,station,27.419528607371767,2.6602262579258142,40.72161428571428,0.0,1.0,1.0,1.0,7
au,Sydney_Inner_West,Ref,1.0,station,27.698635721160965,0.0,40.72161428571428,0.0,1.0,1.0,1.0,7
au,Sydney_Inner_West,GNN-oof-42,1.0,station,31.623588679063236,4.297099180353819,40.72161428571428,0.0,1.0,1.0,1.0,7
au,Sydney_Inner_West,GNN-oof-123,1.0,station,32.22304794138385,4.975913707231056,40.72161428571428,0.0,1.0,1.0,1.0,7
au,Sydney_Inner_West,GNN-oof-456,1.0,station,33.69454690990166,5.995911188740695,40.72161428571428,0.0,1.0,1.0,1.0,7
au,Sydney_Inner_West,Uni,2.0,station,9.564729006011046,6.961695284866115,40.72161428571428,0.0,1.0,1.0,1.0,7
au,Sydney_Inner_West,LU,2.0,station,9.67837059040921,7.0077094435454885,40.72161428571428,0.0,1.0,1.0,1.0,7
au,Sydney_Inner_West,LU-soft,2.0,station,9.67837059040921,7.0077094435454885,40.72161428571428,0.0,1.0,1.0,1.0,7
au,Sydney_Inner_West,Ref,2.0,station,8.104557641561913,0.0,40.72161428571428,0.0,1.0,1.0,1.0,7
au,Sydney_Inner_West,GNN-oof-42,2.0,station,11.642785016604202,14.058543215281064,40.72161428571428,0.0,1.0,1.0,1.0,7
au,Sydney_Inner_West,GNN-oof-123,2.0,station,12.737945079654983,15.664932102371095,40.72161428571428,0.0,1.0,1.0,1.0,7
au,Sydney_Inner_West,GNN-oof-456,2.0,station,17.07145240573796,20.633331599204446,40.72161428571428,0.0,1.0,1.0,1.0,7
au,Sydney_Inner_West,Uni,3.0,station,23.54867179254246,9.068397849951682,100.2325142857143,0.0,2.4285714285714284,2.0,1.0,7
au,Sydney_Inner_West,LU,3.0,station,23.195432355756235,8.614563514885909,100.2325142857143,0.0,2.4285714285714284,2.0,1.0,7
au,Sydney_Inner_West,LU-soft,3.0,station,23.195432355756235,8.614563514885909,100.2325142857143,0.0,2.4285714285714284,2.0,1.0,7
au,Sydney_Inner_West,Ref,3.0,station,21.518211785811996,0.0,100.2325142857143,0.0,2.4285714285714284,2.0,1.0,7
au,Sydney_Inner_West,GNN-oof-42,3.0,station,48.19457961421673,28.909245572787515,100.2325142857143,0.0,2.4285714285714284,2.0,1.0,7
au,Sydney_Inner_West,GNN-oof-123,3.0,station,49.934184322237755,30.514868327720677,100.2325142857143,0.0,2.4285714285714284,2.0,1.0,7
au,Sydney_Inner_West,GNN-oof-456,3.0,station,59.722532767423786,40.30321677290671,100.2325142857143,0.0,2.4285714285714284,2.0,1.0,7
au,Sydney_Inner_West,Uni,5.0,station,34.411451209683044,9.96394905365599,219.50647142857142,0.0,5.285714285714286,5.0,1.0,7
au,Sydney_Inner_West,LU,5.0,station,34.36543326808313,10.399951752741554,219.50647142857142,0.0,5.285714285714286,5.0,1.0,7
au,Sydney_Inner_West,LU-soft,5.0,station,34.36543326808313,10.399951752741554,219.50647142857142,0.0,5.285714285714286,5.0,1.0,7
au,Sydney_Inner_West,Ref,5.0,station,31.11601054200739,0.0,219.50647142857142,0.0,5.285714285714286,5.0,1.0,7
au,Sydney_Inner_West,GNN-oof-42,5.0,station,59.09737179389822,28.56910092128561,219.50647142857142,0.0,5.285714285714286,5.0,1.0,7
au,Sydney_Inner_West,GNN-oof-123,5.0,station,60.294700021048136,29.766429148435527,219.50647142857142,0.0,5.285714285714286,5.0,1.0,7
au,Sydney_Inner_West,GNN-oof-456,5.0,station,68.68463336172688,38.15636248911427,219.50647142857142,0.0,5.285714285714286,5.0,1.0,7
au,Sydney_Inner_West,Uni,7.5,station,8.618648679784368,3.499529334093442,264.8763142857143,0.0,6.428571428571429,7.0,1.0,7
au,Sydney_Inner_West,LU,7.5,station,8.772055049697416,3.3920541720983244,264.8763142857143,0.0,6.428571428571429,7.0,1.0,7
au,Sydney_Inner_West,LU-soft,7.5,station,8.772055049697416,3.3920541720983244,264.8763142857143,0.0,6.428571428571429,7.0,1.0,7
au,Sydney_Inner_West,Ref,7.5,station,7.945716339557229,0.0,264.8763142857143,0.0,6.428571428571429,7.0,1.0,7
au,Sydney_Inner_West,GNN-oof-42,7.5,station,12.636168973290738,10.161471504454965,264.8763142857143,0.0,6.428571428571429,7.0,1.0,7
au,Sydney_Inner_West,GNN-oof-123,7.5,station,12.114486290233433,11.883970695793753,264.8763142857143,0.0,6.428571428571429,7.0,1.0,7
au,Sydney_Inner_West,GNN-oof-456,7.5,station,14.34521682492131,14.65773040477047,264.8763142857143,0.0,6.428571428571429,7.0,1.0,7
au,Sydney_Inner_West,Uni,10.0,station,0.8618546921482318,0.2150470484167824,285.0513,0.0,7.0,7.0,1.0,7
au,Sydney_Inner_West,LU,10.0,station,0.7976302595662658,0.2792714809998204,285.0513,0.0,7.0,7.0,1.0,7
au,Sydney_Inner_West,LU-soft,10.0,station,0.7976302595662658,0.2792714809998204,285.0513,0.0,7.0,7.0,1.0,7
au,Sydney_Inner_West,Ref,10.0,station,1.0769017405589238,0.0,285.0513,0.0,7.0,7.0,1.0,7
au,Sydney_Inner_West,GNN-oof-42,10.0,station,1.2807108574727326,0.24665836868133187,285.0513,0.0,7.0,7.0,1.0,7
au,Sydney_Inner_West,GNN-oof-123,10.0,station,1.4159594162873401,0.4055559474457319,285.0513,0.0,7.0,7.0,1.0,7
au,Sydney_Inner_West,GNN-oof-456,10.0,station,1.6316961594720851,0.6329675583754124,285.0513,0.0,7.0,7.0,1.0,7
au,Sydney_Inner_West,Uni,15.0,station,1.1758467215778572e-11,2.2924138777723003e-11,285.0513,0.0,7.0,7.0,1.0,7
au,Sydney_Inner_West,LU,15.0,station,1.5656301651948266e-11,1.2075166263717359e-11,285.0513,0.0,7.0,7.0,1.0,7
au,Sydney_Inner_West,LU-soft,15.0,station,1.5656301651948266e-11,1.2075166263717359e-11,285.0513,0.0,7.0,7.0,1.0,7
au,Sydney_Inner_West,Ref,15.0,station,2.0569197139203813e-11,0.0,285.0513,0.0,7.0,7.0,1.0,7
au,Sydney_Inner_West,GNN-oof-42,15.0,station,5.708703351306862e-12,2.2509993868879974e-11,285.0513,0.0,7.0,7.0,1.0,7
au,Sydney_Inner_West,GNN-oof-123,15.0,station,1.7483411543902807e-11,1.039422516311918e-11,285.0513,0.0,7.0,7.0,1.0,7
au,Sydney_Inner_West,GNN-oof-456,15.0,station,1.7800110591841597e-11,2.3573777850417953e-11,285.0513,0.0,7.0,7.0,1.0,7
au,Sydney_Inner_West,Uni,20.0,station,1.1758467215778572e-11,2.2924138777723003e-11,285.0513,0.0,7.0,7.0,1.0,7
au,Sydney_Inner_West,LU,20.0,station,1.5656301651948266e-11,1.2075166263717359e-11,285.0513,0.0,7.0,7.0,1.0,7
au,Sydney_Inner_West,LU-soft,20.0,station,1.5656301651948266e-11,1.2075166263717359e-11,285.0513,0.0,7.0,7.0,1.0,7
au,Sydney_Inner_West,Ref,20.0,station,2.0569197139203813e-11,0.0,285.0513,0.0,7.0,7.0,1.0,7
au,Sydney_Inner_West,GNN-oof-42,20.0,station,5.708703351306862e-12,2.2509993868879974e-11,285.0513,0.0,7.0,7.0,1.0,7
au,Sydney_Inner_West,GNN-oof-123,20.0,station,1.7483411543902807e-11,1.039422516311918e-11,285.0513,0.0,7.0,7.0,1.0,7
au,Sydney_Inner_West,GNN-oof-456,20.0,station,1.7800110591841597e-11,2.3573777850417953e-11,285.0513,0.0,7.0,7.0,1.0,7
au,Sydney_North_Sydney_and_Hornsby,Uni,1.0,station,32.49011748183429,3.6346429188264624,44.49122307692308,0.0,1.1538461538461537,1.0,1.0,13
au,Sydney_North_Sydney_and_Hornsby,LU,1.0,station,32.216843177048986,3.6494871439146945,44.49122307692308,0.0,1.1538461538461537,1.0,1.0,13
au,Sydney_North_Sydney_and_Hornsby,LU-soft,1.0,station,32.23579703929677,3.713696169138118,44.49122307692308,0.0,1.1538461538461537,1.0,1.0,13
au,Sydney_North_Sydney_and_Hornsby,Ref,1.0,station,32.46467199647339,0.0,44.49122307692308,0.0,1.1538461538461537,1.0,1.0,13
au,Sydney_North_Sydney_and_Hornsby,GNN-oof-42,1.0,station,34.46546259808281,3.3871395238484423,44.49122307692308,0.0,1.1538461538461537,1.0,1.0,13
au,Sydney_North_Sydney_and_Hornsby,GNN-oof-123,1.0,station,34.52773643533548,3.415674150712529,44.49122307692308,0.0,1.1538461538461537,1.0,1.0,13
au,Sydney_North_Sydney_and_Hornsby,GNN-oof-456,1.0,station,35.312975607820945,3.8952923386186713,44.49122307692308,0.0,1.1538461538461537,1.0,1.0,13
au,Sydney_North_Sydney_and_Hornsby,Uni,2.0,station,33.23602376098964,9.280524309712417,71.59114615384615,0.0,1.9230769230769231,1.0,1.0,13
au,Sydney_North_Sydney_and_Hornsby,LU,2.0,station,32.64057280215347,9.200333393770165,71.59114615384615,0.0,1.9230769230769231,1.0,1.0,13
au,Sydney_North_Sydney_and_Hornsby,LU-soft,2.0,station,32.71003874202524,9.083853222643379,71.59114615384615,0.0,1.9230769230769231,1.0,1.0,13
au,Sydney_North_Sydney_and_Hornsby,Ref,2.0,station,27.1898090234937,0.0,71.59114615384615,0.0,1.9230769230769231,1.0,1.0,13
au,Sydney_North_Sydney_and_Hornsby,GNN-oof-42,2.0,station,36.64726695402776,12.701527729111792,71.59114615384615,0.0,1.9230769230769231,1.0,1.0,13
au,Sydney_North_Sydney_and_Hornsby,GNN-oof-123,2.0,station,37.05624829516255,11.447187250356226,71.59114615384615,0.0,1.9230769230769231,1.0,1.0,13
au,Sydney_North_Sydney_and_Hornsby,GNN-oof-456,2.0,station,39.10422598491975,13.385561043058726,71.59114615384615,0.0,1.9230769230769231,1.0,1.0,13
au,Sydney_North_Sydney_and_Hornsby,Uni,3.0,station,43.51738625559585,14.740189359342809,114.0199769230769,0.0,3.0,3.0,1.0,13
au,Sydney_North_Sydney_and_Hornsby,LU,3.0,station,43.72622421714872,15.270114821825551,114.0199769230769,0.0,3.0,3.0,1.0,13
au,Sydney_North_Sydney_and_Hornsby,LU-soft,3.0,station,43.59601528899631,15.189574341342565,114.0199769230769,0.0,3.0,3.0,1.0,13
au,Sydney_North_Sydney_and_Hornsby,Ref,3.0,station,37.60850637994625,0.0,114.0199769230769,0.0,3.0,3.0,1.0,13
au,Sydney_North_Sydney_and_Hornsby,GNN-oof-42,3.0,station,50.908837709203596,19.622413917775432,114.0199769230769,0.0,3.0,3.0,1.0,13
au,Sydney_North_Sydney_and_Hornsby,GNN-oof-123,3.0,station,51.914321040711826,20.202664502607867,114.0199769230769,0.0,3.0,3.0,1.0,13
au,Sydney_North_Sydney_and_Hornsby,GNN-oof-456,3.0,station,57.455564045291595,25.01815094101774,114.0199769230769,0.0,3.0,3.0,1.0,13
au,Sydney_North_Sydney_and_Hornsby,Uni,5.0,station,36.2246464399029,26.162371289815155,200.1431538461538,0.0,5.0,5.0,1.0,13
au,Sydney_North_Sydney_and_Hornsby,LU,5.0,station,37.12033173886869,26.538859138436898,200.1431538461538,0.0,5.0,5.0,1.0,13
au,Sydney_North_Sydney_and_Hornsby,LU-soft,5.0,station,36.969635775740656,26.517688943599243,200.1431538461538,0.0,5.0,5.0,1.0,13
au,Sydney_North_Sydney_and_Hornsby,Ref,5.0,station,22.60021715904745,0.0,200.1431538461538,0.0,5.0,5.0,1.0,13
au,Sydney_North_Sydney_and_Hornsby,GNN-oof-42,5.0,station,40.00140673763437,28.057639530424332,200.1431538461538,0.0,5.0,5.0,1.0,13
au,Sydney_North_Sydney_and_Hornsby,GNN-oof-123,5.0,station,42.91063983042166,31.147884782695158,200.1431538461538,0.0,5.0,5.0,1.0,13
au,Sydney_North_Sydney_and_Hornsby,GNN-oof-456,5.0,station,50.50777174704721,37.39301092430943,200.1431538461538,0.0,5.0,5.0,1.0,13
au,Sydney_North_Sydney_and_Hornsby,Uni,7.5,station,40.08045277589591,31.263672416481374,270.2421538461539,0.0,6.6923076923076925,7.0,1.0,13
au,Sydney_North_Sydney_and_Hornsby,LU,7.5,station,41.07194442771374,31.4393998393651,270.2421538461539,0.0,6.6923076923076925,7.0,1.0,13
au,Sydney_North_Sydney_and_Hornsby,LU-soft,7.5,station,40.911236412360466,31.27869182401184,270.2421538461539,0.0,6.6923076923076925,7.0,1.0,13
au,Sydney_North_Sydney_and_Hornsby,Ref,7.5,station,16.41708320603797,0.0,270.2421538461539,0.0,6.6923076923076925,7.0,1.0,13
au,Sydney_North_Sydney_and_Hornsby,GNN-oof-42,7.5,station,33.11046318723402,24.34546992698474,270.2421538461539,0.0,6.6923076923076925,7.0,1.0,13
au,Sydney_North_Sydney_and_Hornsby,GNN-oof-123,7.5,station,33.996819262913746,24.80231548524663,270.2421538461539,0.0,6.6923076923076925,7.0,1.0,13
au,Sydney_North_Sydney_and_Hornsby,GNN-oof-456,7.5,station,31.384562568097426,23.938051157167745,270.2421538461539,0.0,6.6923076923076925,7.0,1.0,13
au,Sydney_North_Sydney_and_Hornsby,Uni,10.0,station,35.87812958854355,26.58910865379014,330.4279307692307,0.0,8.23076923076923,9.0,1.0,13
au,Sydney_North_Sydney_and_Hornsby,LU,10.0,station,36.8944546496535,27.40852095790195,330.4279307692307,0.0,8.23076923076923,9.0,1.0,13
au,Sydney_North_Sydney_and_Hornsby,LU-soft,10.0,station,36.70204118397479,27.216107492223248,330.4279307692307,0.0,8.23076923076923,9.0,1.0,13
au,Sydney_North_Sydney_and_Hornsby,Ref,10.0,station,14.170932049987137,0.0,330.4279307692307,0.0,8.23076923076923,9.0,1.0,13
au,Sydney_North_Sydney_and_Hornsby,GNN-oof-42,10.0,station,28.67447120816777,20.10347752301277,330.4279307692307,0.0,8.23076923076923,9.0,1.0,13
au,Sydney_North_Sydney_and_Hornsby,GNN-oof-123,10.0,station,29.636064783887132,22.4901732862546,330.4279307692307,0.0,8.23076923076923,9.0,1.0,13
au,Sydney_North_Sydney_and_Hornsby,GNN-oof-456,10.0,station,29.003837152187423,25.301424816171128,330.4279307692307,0.0,8.23076923076923,9.0,1.0,13
au,Sydney_North_Sydney_and_Hornsby,Uni,15.0,station,31.742513968702156,21.80667743558873,443.94700769230775,0.0,11.0,11.0,1.0,13
au,Sydney_North_Sydney_and_Hornsby,LU,15.0,station,33.899471941522236,24.335380563474583,443.94700769230775,0.0,11.0,11.0,1.0,13
au,Sydney_North_Sydney_and_Hornsby,LU-soft,15.0,station,33.32315935715831,23.759067979110657,443.94700769230775,0.0,11.0,11.0,1.0,13
au,Sydney_North_Sydney_and_Hornsby,Ref,15.0,station,16.87177823136266,0.0,443.94700769230775,0.0,11.0,11.0,1.0,13
au,Sydney_North_Sydney_and_Hornsby,GNN-oof-42,15.0,station,24.763296692727074,11.604185244066269,443.94700769230775,0.0,11.0,11.0,1.0,13
au,Sydney_North_Sydney_and_Hornsby,GNN-oof-123,15.0,station,26.121350054560523,15.203229783364598,443.94700769230775,0.0,11.0,11.0,1.0,13
au,Sydney_North_Sydney_and_Hornsby,GNN-oof-456,15.0,station,23.572114982633174,13.56453360177184,443.94700769230775,0.0,11.0,11.0,1.0,13
au,Sydney_North_Sydney_and_Hornsby,Uni,20.0,station,30.376368829785008,20.899803335883156,498.3214384615385,0.0,12.23076923076923,13.0,1.0,13
au,Sydney_North_Sydney_and_Hornsby,LU,20.0,station,31.21852362008622,21.741958126184368,498.3214384615385,0.0,12.23076923076923,13.0,1.0,13
au,Sydney_North_Sydney_and_Hornsby,LU-soft,20.0,station,31.059616868668414,21.583051374766562,498.3214384615385,0.0,12.23076923076923,13.0,1.0,13
au,Sydney_North_Sydney_and_Hornsby,Ref,20.0,station,10.358181214591674,0.0,498.3214384615385,0.0,12.23076923076923,13.0,1.0,13
au,Sydney_North_Sydney_and_Hornsby,GNN-oof-42,20.0,station,19.423091037114666,9.946525543212813,498.3214384615385,0.0,12.23076923076923,13.0,1.0,13
au,Sydney_North_Sydney_and_Hornsby,GNN-oof-123,20.0,station,23.43721385399845,13.960648360096597,498.3214384615385,0.0,12.23076923076923,13.0,1.0,13
au,Sydney_North_Sydney_and_Hornsby,GNN-oof-456,20.0,station,21.197647493975044,11.72108200007319,498.3214384615385,0.0,12.23076923076923,13.0,1.0,13
au,Sydney_Northern_Beaches,Uni,1.0,station,17.503438189346006,3.516759862123326,20.94139285714286,0.0,1.0,1.0,1.0,14
au,Sydney_Northern_Beaches,LU,1.0,station,17.719041517275908,3.561046236756699,20.94139285714286,0.0,1.0,1.0,1.0,14
au,Sydney_Northern_Beaches,LU-soft,1.0,station,17.694879261546582,3.543339079086335,20.94139285714286,0.0,1.0,1.0,1.0,14
au,Sydney_Northern_Beaches,Ref,1.0,station,14.795133308993176,0.0,20.94139285714286,0.0,1.0,1.0,1.0,14
au,Sydney_Northern_Beaches,GNN-oof-42,1.0,station,15.388836775465977,4.1761499856692295,20.94139285714286,0.0,1.0,1.0,1.0,14
au,Sydney_Northern_Beaches,GNN-oof-123,1.0,station,16.057107618196603,4.2016314196476925,20.94139285714286,0.0,1.0,1.0,1.0,14
au,Sydney_Northern_Beaches,GNN-oof-456,1.0,station,15.547870817174623,4.225542562456878,20.94139285714286,0.0,1.0,1.0,1.0,14
au,Sydney_Northern_Beaches,Uni,2.0,station,25.247169041999854,11.59455079663696,36.913085714285714,0.0,1.7142857142857142,1.0,1.0,14
au,Sydney_Northern_Beaches,LU,2.0,station,25.710826236215237,11.87180028401817,36.913085714285714,0.0,1.7142857142857142,1.0,1.0,14
au,Sydney_Northern_Beaches,LU-soft,2.0,station,25.64272029694115,11.813539862545484,36.913085714285714,0.0,1.7142857142857142,1.0,1.0,14
au,Sydney_Northern_Beaches,Ref,2.0,station,16.34995064716541,0.0,36.913085714285714,0.0,1.7142857142857142,1.0,1.0,14
au,Sydney_Northern_Beaches,GNN-oof-42,2.0,station,22.214829166931803,12.247569351738786,36.913085714285714,0.0,1.7142857142857142,1.0,1.0,14
au,Sydney_Northern_Beaches,GNN-oof-123,2.0,station,23.913330413779537,13.743634459567746,36.913085714285714,0.0,1.7142857142857142,1.0,1.0,14
au,Sydney_Northern_Beaches,GNN-oof-456,2.0,station,22.13151433249939,11.845404172085164,36.913085714285714,0.0,1.7142857142857142,1.0,1.0,14
au,Sydney_Northern_Beaches,Uni,3.0,station,27.097784666060317,21.574529293052752,47.9143857142857,0.0,2.2857142857142856,2.0,1.0,14
au,Sydney_Northern_Beaches,LU,3.0,station,27.8622616125221,22.13911021879641,47.9143857142857,0.0,2.2857142857142856,2.0,1.0,14
au,Sydney_Northern_Beaches,LU-soft,3.0,station,27.764411929054457,22.024643961087058,47.9143857142857,0.0,2.2857142857142856,2.0,1.0,14
au,Sydney_Northern_Beaches,Ref,3.0,station,16.456407371362577,0.0,47.9143857142857,0.0,2.2857142857142856,2.0,1.0,14
au,Sydney_Northern_Beaches,GNN-oof-42,3.0,station,21.835449006037496,24.97842735325404,47.9143857142857,0.0,2.2857142857142856,2.0,1.0,14
au,Sydney_Northern_Beaches,GNN-oof-123,3.0,station,26.81484281981755,28.776619007853622,47.9143857142857,0.0,2.2857142857142856,2.0,1.0,14
au,Sydney_Northern_Beaches,GNN-oof-456,3.0,station,23.289012152053793,25.23452368717184,47.9143857142857,0.0,2.2857142857142856,2.0,1.0,14
au,Sydney_Northern_Beaches,Uni,5.0,station,48.336458620262256,40.55913026416454,96.51537142857144,0.0,4.285714285714286,4.0,1.0,14
au,Sydney_Northern_Beaches,LU,5.0,station,49.72961286686212,41.5009014222955,96.51537142857144,0.0,4.285714285714286,4.0,1.0,14
au,Sydney_Northern_Beaches,LU-soft,5.0,station,49.49358021642974,41.330397627114046,96.51537142857144,0.0,4.285714285714286,4.0,1.0,14
au,Sydney_Northern_Beaches,Ref,5.0,station,13.199189780099468,0.0,96.51537142857144,0.0,4.285714285714286,4.0,1.0,14
au,Sydney_Northern_Beaches,GNN-oof-42,5.0,station,45.702696589209225,42.516916168589255,96.51537142857144,0.0,4.285714285714286,4.0,1.0,14
au,Sydney_Northern_Beaches,GNN-oof-123,5.0,station,51.9664632629641,48.379259610142036,96.51537142857144,0.0,4.285714285714286,4.0,1.0,14
au,Sydney_Northern_Beaches,GNN-oof-456,5.0,station,47.951534757970414,44.49194367810447,96.51537142857144,0.0,4.285714285714286,4.0,1.0,14
au,Sydney_Northern_Beaches,Uni,7.5,station,65.8743675093477,55.39161211965275,169.88834285714282,0.0,7.571428571428571,8.0,1.0,14
au,Sydney_Northern_Beaches,LU,7.5,station,67.95342877280902,57.34109991517782,169.88834285714282,0.0,7.571428571428571,8.0,1.0,14
au,Sydney_Northern_Beaches,LU-soft,7.5,station,67.63162749399734,57.04292070031222,169.88834285714282,0.0,7.571428571428571,8.0,1.0,14
au,Sydney_Northern_Beaches,Ref,7.5,station,22.535849409741605,0.0,169.88834285714282,0.0,7.571428571428571,8.0,1.0,14
au,Sydney_Northern_Beaches,GNN-oof-42,7.5,station,49.37965976902014,42.77706054392515,169.88834285714282,0.0,7.571428571428571,8.0,1.0,14
au,Sydney_Northern_Beaches,GNN-oof-123,7.5,station,54.59268593084841,46.530399531209014,169.88834285714282,0.0,7.571428571428571,8.0,1.0,14
au,Sydney_Northern_Beaches,GNN-oof-456,7.5,station,52.39433789470012,44.003701880052986,169.88834285714282,0.0,7.571428571428571,8.0,1.0,14
au,Sydney_Northern_Beaches,Uni,10.0,station,63.23375359885002,54.47060250157308,213.34330000000003,0.0,9.714285714285714,10.0,1.0,14
au,Sydney_Northern_Beaches,LU,10.0,station,65.446705184244,56.68355408696705,213.34330000000003,0.0,9.714285714285714,10.0,1.0,14
au,Sydney_Northern_Beaches,LU-soft,10.0,station,65.14254617031486,56.37939507303791,213.34330000000003,0.0,9.714285714285714,10.0,1.0,14
au,Sydney_Northern_Beaches,Ref,10.0,station,16.209927778394835,0.0,213.34330000000003,0.0,9.714285714285714,10.0,1.0,14
au,Sydney_Northern_Beaches,GNN-oof-42,10.0,station,40.481104767739566,35.188604985437784,213.34330000000003,0.0,9.714285714285714,10.0,1.0,14
au,Sydney_Northern_Beaches,GNN-oof-123,10.0,station,44.250532870948525,38.665834057170535,213.34330000000003,0.0,9.714285714285714,10.0,1.0,14
au,Sydney_Northern_Beaches,GNN-oof-456,10.0,station,43.99038311673576,38.05022227125843,213.34330000000003,0.0,9.714285714285714,10.0,1.0,14
au,Sydney_Northern_Beaches,Uni,15.0,station,40.33660357957053,29.38564540860645,266.66868571428574,0.0,12.428571428571429,13.0,1.0,14
au,Sydney_Northern_Beaches,LU,15.0,station,41.95168262967367,30.76970052864247,266.66868571428574,0.0,12.428571428571429,13.0,1.0,14
au,Sydney_Northern_Beaches,LU-soft,15.0,station,41.711484593306736,30.58666283641427,266.66868571428574,0.0,12.428571428571429,13.0,1.0,14
au,Sydney_Northern_Beaches,Ref,15.0,station,13.0370224251414,0.0,266.66868571428574,0.0,12.428571428571429,13.0,1.0,14
au,Sydney_Northern_Beaches,GNN-oof-42,15.0,station,19.332471352613947,12.097043512481815,266.66868571428574,0.0,12.428571428571429,13.0,1.0,14
au,Sydney_Northern_Beaches,GNN-oof-123,15.0,station,21.469409252018274,10.779212326391846,266.66868571428574,0.0,12.428571428571429,13.0,1.0,14
au,Sydney_Northern_Beaches,GNN-oof-456,15.0,station,22.39280239131532,12.337246211823677,266.66868571428574,0.0,12.428571428571429,13.0,1.0,14
au,Sydney_Northern_Beaches,Uni,20.0,station,9.013386806850248,6.344095172728316,291.2424500000001,0.0,13.857142857142858,14.0,1.0,14
au,Sydney_Northern_Beaches,LU,20.0,station,9.486555899222052,6.8172642651000075,291.2424500000001,0.0,13.857142857142858,14.0,1.0,14
au,Sydney_Northern_Beaches,LU-soft,20.0,station,9.422275470691867,6.752983836573159,291.2424500000001,0.0,13.857142857142858,14.0,1.0,14
au,Sydney_Northern_Beaches,Ref,20.0,station,4.741325318355259,0.0,291.2424500000001,0.0,13.857142857142858,14.0,1.0,14
au,Sydney_Northern_Beaches,GNN-oof-42,20.0,station,3.0583487556583577,2.8296751419051094,291.2424500000001,0.0,13.857142857142858,14.0,1.0,14
au,Sydney_Northern_Beaches,GNN-oof-123,20.0,station,3.9628180622257423,1.4582399102368089,291.2424500000001,0.0,13.857142857142858,14.0,1.0,14
au,Sydney_Northern_Beaches,GNN-oof-456,20.0,station,4.6313640338356015,1.9683035304477738,291.2424500000001,0.0,13.857142857142858,14.0,1.0,14
au,Sydney_Parramatta,Uni,1.0,station,19.059704790170628,10.982197008299849,30.21976666666666,0.0,1.0,1.0,1.0,6
au,Sydney_Parramatta,LU,1.0,station,20.751246044804265,14.90123517055018,30.21976666666666,0.0,1.0,1.0,1.0,6
au,Sydney_Parramatta,LU-soft,1.0,station,20.751246044804265,14.90123517055018,30.21976666666666,0.0,1.0,1.0,1.0,6
au,Sydney_Parramatta,Ref,1.0,station,15.50239967766091,0.0,30.21976666666666,0.0,1.0,1.0,1.0,6
au,Sydney_Parramatta,GNN-oof-42,1.0,station,22.092307430251008,12.653918330305837,30.21976666666666,0.0,1.0,1.0,1.0,6
au,Sydney_Parramatta,GNN-oof-123,1.0,station,21.725046774109696,11.622559447000969,30.21976666666666,0.0,1.0,1.0,1.0,6
au,Sydney_Parramatta,GNN-oof-456,1.0,station,20.48736271194208,12.053782732256233,30.21976666666666,0.0,1.0,1.0,1.0,6
au,Sydney_Parramatta,Uni,2.0,station,32.24755090684035,26.15866089795793,61.747883333333334,0.0,2.0,2.0,1.0,6
au,Sydney_Parramatta,LU,2.0,station,41.936615838746555,35.84772582986414,61.747883333333334,0.0,2.0,2.0,1.0,6
au,Sydney_Parramatta,LU-soft,2.0,station,41.936615838746555,35.84772582986414,61.747883333333334,0.0,2.0,2.0,1.0,6
au,Sydney_Parramatta,Ref,2.0,station,17.173199298515545,0.0,61.747883333333334,0.0,2.0,2.0,1.0,6
au,Sydney_Parramatta,GNN-oof-42,2.0,station,35.83986827963312,29.654634963591842,61.747883333333334,0.0,2.0,2.0,1.0,6
au,Sydney_Parramatta,GNN-oof-123,2.0,station,34.21342710729444,27.229696724563365,61.747883333333334,0.0,2.0,2.0,1.0,6
au,Sydney_Parramatta,GNN-oof-456,2.0,station,35.203922697557296,29.115032688674876,61.747883333333334,0.0,2.0,2.0,1.0,6
au,Sydney_Parramatta,Uni,3.0,station,38.57507655307933,27.717691664536165,96.2081,0.0,3.0,3.0,1.0,6
au,Sydney_Parramatta,LU,3.0,station,47.364674010943986,36.243827418932796,96.2081,0.0,3.0,3.0,1.0,6
au,Sydney_Parramatta,LU-soft,3.0,station,47.364674010943986,36.243827418932796,96.2081,0.0,3.0,3.0,1.0,6
au,Sydney_Parramatta,Ref,3.0,station,18.520579177530912,0.0,96.2081,0.0,3.0,3.0,1.0,6
au,Sydney_Parramatta,GNN-oof-42,3.0,station,44.41206273993608,39.97442334235838,96.2081,0.0,3.0,3.0,1.0,6
au,Sydney_Parramatta,GNN-oof-123,3.0,station,42.82324865888259,38.385609261304886,96.2081,0.0,3.0,3.0,1.0,6
au,Sydney_Parramatta,GNN-oof-456,3.0,station,41.66620910473767,34.615399495909195,96.2081,0.0,3.0,3.0,1.0,6
au,Sydney_Parramatta,Uni,5.0,station,22.33947358345904,14.219276573989026,136.45056666666667,0.0,4.333333333333333,5.0,1.0,6
au,Sydney_Parramatta,LU,5.0,station,27.043348278043563,18.912511211475373,136.45056666666667,0.0,4.333333333333333,5.0,1.0,6
au,Sydney_Parramatta,LU-soft,5.0,station,27.043348278043563,18.912511211475373,136.45056666666667,0.0,4.333333333333333,5.0,1.0,6
au,Sydney_Parramatta,Ref,5.0,station,12.48614910248349,0.0,136.45056666666667,0.0,4.333333333333333,5.0,1.0,6
au,Sydney_Parramatta,GNN-oof-42,5.0,station,40.01432241840931,28.771725802054522,136.45056666666667,0.0,4.333333333333333,5.0,1.0,6
au,Sydney_Parramatta,GNN-oof-123,5.0,station,39.67369471935417,28.431098102999375,136.45056666666667,0.0,4.333333333333333,5.0,1.0,6
au,Sydney_Parramatta,GNN-oof-456,5.0,station,34.11731803328784,23.92850862535518,136.45056666666667,0.0,4.333333333333333,5.0,1.0,6
au,Sydney_Parramatta,Uni,7.5,station,11.341046538986168,10.729417902692303,161.4227666666667,0.0,5.333333333333333,5.5,1.0,6
au,Sydney_Parramatta,LU,7.5,station,14.006980383515137,13.560585120099596,161.4227666666667,0.0,5.333333333333333,5.5,1.0,6
au,Sydney_Parramatta,LU-soft,7.5,station,14.006980383515137,13.560585120099596,161.4227666666667,0.0,5.333333333333333,5.5,1.0,6
au,Sydney_Parramatta,Ref,7.5,station,8.978794934500648,0.0,161.4227666666667,0.0,5.333333333333333,5.5,1.0,6
au,Sydney_Parramatta,GNN-oof-42,7.5,station,14.497992226300648,13.488929997188011,161.4227666666667,0.0,5.333333333333333,5.5,1.0,6
au,Sydney_Parramatta,GNN-oof-123,7.5,station,13.92551480609022,12.139833859414862,161.4227666666667,0.0,5.333333333333333,5.5,1.0,6
au,Sydney_Parramatta,GNN-oof-456,7.5,station,13.706054911398402,11.841686833405516,161.4227666666667,0.0,5.333333333333333,5.5,1.0,6
au,Sydney_Parramatta,Uni,10.0,station,5.660054623011803,1.4137505148792162,181.31860000000003,0.0,6.0,6.0,1.0,6
au,Sydney_Parramatta,LU,10.0,station,5.36818149802355,1.7056236398674685,181.31860000000003,0.0,6.0,6.0,1.0,6
au,Sydney_Parramatta,LU-soft,10.0,station,5.36818149802355,1.7056236398674685,181.31860000000003,0.0,6.0,6.0,1.0,6
au,Sydney_Parramatta,Ref,10.0,station,7.073805137891019,0.0,181.31860000000003,0.0,6.0,6.0,1.0,6
au,Sydney_Parramatta,GNN-oof-42,10.0,station,7.6981595004303545,2.4920809415605305,181.31860000000003,0.0,6.0,6.0,1.0,6
au,Sydney_Parramatta,GNN-oof-123,10.0,station,8.679055525652094,2.7109611916386362,181.31860000000003,0.0,6.0,6.0,1.0,6
au,Sydney_Parramatta,GNN-oof-456,10.0,station,9.130359231251395,3.212762877722838,181.31860000000003,0.0,6.0,6.0,1.0,6
au,Sydney_Parramatta,Uni,15.0,station,0.06552245169275277,0.012363326763008331,181.31860000000003,0.0,6.0,6.0,1.0,6
au,Sydney_Parramatta,LU,15.0,station,0.04811762132140037,0.029768157131329076,181.31860000000003,0.0,6.0,6.0,1.0,6
au,Sydney_Parramatta,LU-soft,15.0,station,0.04811762132140037,0.029768157131329076,181.31860000000003,0.0,6.0,6.0,1.0,6
au,Sydney_Parramatta,Ref,15.0,station,0.07788577842000659,0.0,181.31860000000003,0.0,6.0,6.0,1.0,6
au,Sydney_Parramatta,GNN-oof-42,15.0,station,0.20492958769046746,0.13308474458253747,181.31860000000003,0.0,6.0,6.0,1.0,6
au,Sydney_Parramatta,GNN-oof-123,15.0,station,0.20716823624804684,0.1332773178959267,181.31860000000003,0.0,6.0,6.0,1.0,6
au,Sydney_Parramatta,GNN-oof-456,15.0,station,0.2244020969229581,0.15103114117998948,181.31860000000003,0.0,6.0,6.0,1.0,6
au,Sydney_Parramatta,Uni,20.0,station,2.3604229681950528e-11,3.7507182544989824e-11,181.31860000000003,0.0,6.0,6.0,1.0,6
au,Sydney_Parramatta,LU,20.0,station,2.0605739337042905e-11,3.351393237001806e-11,181.31860000000003,0.0,6.0,6.0,1.0,6
au,Sydney_Parramatta,LU-soft,20.0,station,2.0605739337042905e-11,3.351393237001806e-11,181.31860000000003,0.0,6.0,6.0,1.0,6
au,Sydney_Parramatta,Ref,20.0,station,1.3902952863039294e-11,0.0,181.31860000000003,0.0,6.0,6.0,1.0,6
au,Sydney_Parramatta,GNN-oof-42,20.0,station,8.89125810014472e-12,1.3320307819716012e-11,181.31860000000003,0.0,6.0,6.0,1.0,6
au,Sydney_Parramatta,GNN-oof-123,20.0,station,2.0255204920734588e-11,3.415815778377388e-11,181.31860000000003,0.0,6.0,6.0,1.0,6
au,Sydney_Parramatta,GNN-oof-456,20.0,station,6.5701518299950594e-12,1.2353969699082276e-11,181.31860000000003,0.0,6.0,6.0,1.0,6
au,Sydney_Ryde,Uni,1.0,station,41.94186982135017,2.9283181575744845,57.67468333333333,0.0,1.0,1.0,1.0,6
au,Sydney_Ryde,LU,1.0,station,41.920885286729686,2.572857542957687,57.67468333333333,0.0,1.0,1.0,1.0,6
au,Sydney_Ryde,LU-soft,1.0,station,41.920885286729686,2.572857542957687,57.67468333333333,0.0,1.0,1.0,1.0,6
au,Sydney_Ryde,Ref,1.0,station,41.24472460085677,0.0,57.67468333333333,0.0,1.0,1.0,1.0,6
au,Sydney_Ryde,GNN-oof-42,1.0,station,48.38843978381328,7.644210196505046,57.67468333333333,0.0,1.0,1.0,1.0,6
au,Sydney_Ryde,GNN-oof-123,1.0,station,47.36149004388363,6.681038528502628,57.67468333333333,0.0,1.0,1.0,1.0,6
au,Sydney_Ryde,GNN-oof-456,1.0,station,48.16236960844515,7.472947578219983,57.67468333333333,0.0,1.0,1.0,1.0,6
au,Sydney_Ryde,Uni,2.0,station,23.209132480080317,9.537436000078673,75.91905,0.0,1.3333333333333333,1.0,1.0,6
au,Sydney_Ryde,LU,2.0,station,22.006327163282062,8.403094306756621,75.91905,0.0,1.3333333333333333,1.0,1.0,6
au,Sydney_Ryde,LU-soft,2.0,station,22.006327163282062,8.403094306756621,75.91905,0.0,1.3333333333333333,1.0,1.0,6
au,Sydney_Ryde,Ref,2.0,station,20.921878243366802,0.0,75.91905,0.0,1.3333333333333333,1.0,1.0,6
au,Sydney_Ryde,GNN-oof-42,2.0,station,35.76676454214675,22.900181424400472,75.91905,0.0,1.3333333333333333,1.0,1.0,6
au,Sydney_Ryde,GNN-oof-123,2.0,station,33.39028217821916,19.563193895510466,75.91905,0.0,1.3333333333333333,1.0,1.0,6
au,Sydney_Ryde,GNN-oof-456,2.0,station,35.35063881576389,22.088077162707464,75.91905,0.0,1.3333333333333333,1.0,1.0,6
au,Sydney_Ryde,Uni,3.0,station,25.30039541188795,10.414831198469995,92.08573333333334,0.0,1.6666666666666667,1.5,1.0,6
au,Sydney_Ryde,LU,3.0,station,25.858537304096718,10.696633137999298,92.08573333333334,0.0,1.6666666666666667,1.5,1.0,6
au,Sydney_Ryde,LU-soft,3.0,station,25.858537304096718,10.696633137999298,92.08573333333334,0.0,1.6666666666666667,1.5,1.0,6
au,Sydney_Ryde,Ref,3.0,station,16.55034297422094,0.0,92.08573333333334,0.0,1.6666666666666667,1.5,1.0,6
au,Sydney_Ryde,GNN-oof-42,3.0,station,17.807885546040065,19.03271843553487,92.08573333333334,0.0,1.6666666666666667,1.5,1.0,6
au,Sydney_Ryde,GNN-oof-123,3.0,station,17.25030966643598,15.670396134316114,92.08573333333334,0.0,1.6666666666666667,1.5,1.0,6
au,Sydney_Ryde,GNN-oof-456,3.0,station,18.30643709926749,18.869001466842068,92.08573333333334,0.0,1.6666666666666667,1.5,1.0,6
au,Sydney_Ryde,Uni,5.0,station,40.45159679349204,8.064697644124776,226.73853333333332,0.0,4.0,4.5,1.0,6
au,Sydney_Ryde,LU,5.0,station,40.32184324923083,8.939243026879028,226.73853333333332,0.0,4.0,4.5,1.0,6
au,Sydney_Ryde,LU-soft,5.0,station,40.32184324923083,8.939243026879028,226.73853333333332,0.0,4.0,4.5,1.0,6
au,Sydney_Ryde,Ref,5.0,station,42.73391383122131,0.0,226.73853333333332,0.0,4.0,4.5,1.0,6
au,Sydney_Ryde,GNN-oof-42,5.0,station,80.82901406392693,53.81840501846392,226.73853333333332,0.0,4.0,4.5,1.0,6
au,Sydney_Ryde,GNN-oof-123,5.0,station,73.07925768209049,43.27584568482903,226.73853333333332,0.0,4.0,4.5,1.0,6
au,Sydney_Ryde,GNN-oof-456,5.0,station,80.10809470867838,52.63782259494584,226.73853333333332,0.0,4.0,4.5,1.0,6
au,Sydney_Ryde,Uni,7.5,station,28.542195602765034,11.133743833695055,265.25458333333336,0.0,4.666666666666667,5.0,1.0,6
au,Sydney_Ryde,LU,7.5,station,28.136500733915117,10.644215768289191,265.25458333333336,0.0,4.666666666666667,5.0,1.0,6
au,Sydney_Ryde,LU-soft,7.5,station,28.136500733915117,10.644215768289191,265.25458333333336,0.0,4.666666666666667,5.0,1.0,6
au,Sydney_Ryde,Ref,7.5,station,20.126424019656397,0.0,265.25458333333336,0.0,4.666666666666667,5.0,1.0,6
au,Sydney_Ryde,GNN-oof-42,7.5,station,33.16242593338031,25.041518305814876,265.25458333333336,0.0,4.666666666666667,5.0,1.0,6
au,Sydney_Ryde,GNN-oof-123,7.5,station,32.06086562373881,21.576783785947992,265.25458333333336,0.0,4.666666666666667,5.0,1.0,6
au,Sydney_Ryde,GNN-oof-456,7.5,station,32.926881361055536,24.729581029499272,265.25458333333336,0.0,4.666666666666667,5.0,1.0,6
au,Sydney_Ryde,Uni,10.0,station,11.459355801452498,3.7282271021639986,326.4796833333333,0.0,5.666666666666667,6.0,1.0,6
au,Sydney_Ryde,LU,10.0,station,11.180187529352906,3.868922258001087,326.4796833333333,0.0,5.666666666666667,6.0,1.0,6
au,Sydney_Ryde,LU-soft,10.0,station,11.180187529352906,3.868922258001087,326.4796833333333,0.0,5.666666666666667,6.0,1.0,6
au,Sydney_Ryde,Ref,10.0,station,9.425243491816625,0.0,326.4796833333333,0.0,5.666666666666667,6.0,1.0,6
au,Sydney_Ryde,GNN-oof-42,10.0,station,25.983165552760543,18.761959672076618,326.4796833333333,0.0,5.666666666666667,6.0,1.0,6
au,Sydney_Ryde,GNN-oof-123,10.0,station,23.42058921626268,15.67911127260131,326.4796833333333,0.0,5.666666666666667,6.0,1.0,6
au,Sydney_Ryde,GNN-oof-456,10.0,station,25.70871112463968,18.476442213072882,326.4796833333333,0.0,5.666666666666667,6.0,1.0,6
au,Sydney_Ryde,Uni,15.0,station,0.5732649661363401,0.0200359992408418,346.0481,0.0,6.0,6.0,1.0,6
au,Sydney_Ryde,LU,15.0,station,0.47445142785545613,0.07877753907001761,346.0481,0.0,6.0,6.0,1.0,6
au,Sydney_Ryde,LU-soft,15.0,station,0.47445142785545613,0.07877753907001761,346.0481,0.0,6.0,6.0,1.0,6
au,Sydney_Ryde,Ref,15.0,station,0.5532289669219494,0.0,346.0481,0.0,6.0,6.0,1.0,6
au,Sydney_Ryde,GNN-oof-42,15.0,station,13.45105478334789,12.897825816467417,346.0481,0.0,6.0,6.0,1.0,6
au,Sydney_Ryde,GNN-oof-123,15.0,station,11.13110274838479,10.577873781471842,346.0481,0.0,6.0,6.0,1.0,6
au,Sydney_Ryde,GNN-oof-456,15.0,station,13.181933809084342,12.628704842213912,346.0481,0.0,6.0,6.0,1.0,6
au,Sydney_Ryde,Uni,20.0,station,2.8611187493273366e-11,3.2883917810977437e-11,346.0481,0.0,6.0,6.0,1.0,6
au,Sydney_Ryde,LU,20.0,station,9.237055564881302e-12,2.442372230386051e-11,346.0481,0.0,6.0,6.0,1.0,6
au,Sydney_Ryde,LU-soft,20.0,station,9.237055564881302e-12,2.442372230386051e-11,346.0481,0.0,6.0,6.0,1.0,6
au,Sydney_Ryde,Ref,20.0,station,3.0136485899371714e-11,0.0,346.0481,0.0,6.0,6.0,1.0,6
au,Sydney_Ryde,GNN-oof-42,20.0,station,3.196494920606104e-11,5.1263289909305364e-11,346.0481,0.0,6.0,6.0,1.0,6
au,Sydney_Ryde,GNN-oof-123,20.0,station,5.037274301381937e-11,2.923646510074226e-11,346.0481,0.0,6.0,6.0,1.0,6
au,Sydney_Ryde,GNN-oof-456,20.0,station,9.634959496906959e-12,3.8482994568767026e-11,346.0481,0.0,6.0,6.0,1.0,6
au,Sydney_Sutherland,Uni,1.0,station,23.685507018675935,3.424546819838555,28.34683,0.0,1.0,1.0,1.0,10
au,Sydney_Sutherland,LU,1.0,station,23.735610372669143,3.410404158699732,28.34683,0.0,1.0,1.0,1.0,10
au,Sydney_Sutherland,LU-soft,1.0,station,23.73128056856438,3.41169987048401,28.34683,0.0,1.0,1.0,1.0,10
au,Sydney_Sutherland,Ref,1.0,station,23.138310221825513,0.0,28.34683,0.0,1.0,1.0,1.0,10
au,Sydney_Sutherland,GNN-oof-42,1.0,station,25.062072739887288,3.5192516177335933,28.34683,0.0,1.0,1.0,1.0,10
au,Sydney_Sutherland,GNN-oof-123,1.0,station,24.87278064028128,3.286611605591445,28.34683,0.0,1.0,1.0,1.0,10
au,Sydney_Sutherland,GNN-oof-456,1.0,station,25.66569294711574,3.991319550729478,28.34683,0.0,1.0,1.0,1.0,10
au,Sydney_Sutherland,Uni,2.0,station,34.28317767220007,12.512869807989977,47.03562,0.0,1.6,1.0,1.0,10
au,Sydney_Sutherland,LU,2.0,station,34.314978846603466,12.531331278314815,47.03562,0.0,1.6,1.0,1.0,10
au,Sydney_Sutherland,LU-soft,2.0,station,34.31044705070566,12.532664659161018,47.03562,0.0,1.6,1.0,1.0,10
au,Sydney_Sutherland,Ref,2.0,station,26.98523930516809,0.0,47.03562,0.0,1.6,1.0,1.0,10
au,Sydney_Sutherland,GNN-oof-42,2.0,station,44.261257573733815,19.130428454368964,47.03562,0.0,1.6,1.0,1.0,10
au,Sydney_Sutherland,GNN-oof-123,2.0,station,41.573395842534325,16.976424045161984,47.03562,0.0,1.6,1.0,1.0,10
au,Sydney_Sutherland,GNN-oof-456,2.0,station,48.03757392891857,22.262888415213215,47.03562,0.0,1.6,1.0,1.0,10
au,Sydney_Sutherland,Uni,3.0,station,40.239182125220445,20.684435150940608,66.58404999999999,0.0,2.2,2.0,1.0,10
au,Sydney_Sutherland,LU,3.0,station,40.61385813551688,20.775727502399114,66.58404999999999,0.0,2.2,2.0,1.0,10
au,Sydney_Sutherland,LU-soft,3.0,station,40.583254533586945,20.767752226518862,66.58404999999999,0.0,2.2,2.0,1.0,10
au,Sydney_Sutherland,Ref,3.0,station,28.283618305662248,0.0,66.58404999999999,0.0,2.2,2.0,1.0,10
au,Sydney_Sutherland,GNN-oof-42,3.0,station,59.64390727930754,34.41173164520749,66.58404999999999,0.0,2.2,2.0,1.0,10
au,Sydney_Sutherland,GNN-oof-123,3.0,station,55.69983901013406,31.19883182796362,66.58404999999999,0.0,2.2,2.0,1.0,10
au,Sydney_Sutherland,GNN-oof-456,3.0,station,65.95358351105305,39.89892742770976,66.58404999999999,0.0,2.2,2.0,1.0,10
au,Sydney_Sutherland,Uni,5.0,station,41.72427287768484,28.24153805849134,97.21399,0.0,3.4,3.5,1.0,10
au,Sydney_Sutherland,LU,5.0,station,42.33218115098391,28.741959864130393,97.21399,0.0,3.4,3.5,1.0,10
au,Sydney_Sutherland,LU-soft,5.0,station,42.28659940689373,28.705674920626127,97.21399,0.0,3.4,3.5,1.0,10
au,Sydney_Sutherland,Ref,5.0,station,23.422560979593,0.0,97.21399,0.0,3.4,3.5,1.0,10
au,Sydney_Sutherland,GNN-oof-42,5.0,station,57.52782350877298,52.40729993492931,97.21399,0.0,3.4,3.5,1.0,10
au,Sydney_Sutherland,GNN-oof-123,5.0,station,53.00252631034391,47.499168305954306,97.21399,0.0,3.4,3.5,1.0,10
au,Sydney_Sutherland,GNN-oof-456,5.0,station,66.53711701037308,61.41659343652941,97.21399,0.0,3.4,3.5,1.0,10
au,Sydney_Sutherland,Uni,7.5,station,56.79467133957361,33.67184361830965,167.35652,0.0,5.4,6.0,1.0,10
au,Sydney_Sutherland,LU,7.5,station,57.138831430756774,34.04646426787106,167.35652,0.0,5.4,6.0,1.0,10
au,Sydney_Sutherland,LU-soft,7.5,station,57.116360400678445,34.02255805436721,167.35652,0.0,5.4,6.0,1.0,10
au,Sydney_Sutherland,Ref,7.5,station,33.03111619884568,0.0,167.35652,0.0,5.4,6.0,1.0,10
au,Sydney_Sutherland,GNN-oof-42,7.5,station,69.28280155553605,50.42189047884824,167.35652,0.0,5.4,6.0,1.0,10
au,Sydney_Sutherland,GNN-oof-123,7.5,station,64.28811030990408,43.776242686030585,167.35652,0.0,5.4,6.0,1.0,10
au,Sydney_Sutherland,GNN-oof-456,7.5,station,78.57946494213476,60.279433712996465,167.35652,0.0,5.4,6.0,1.0,10
au,Sydney_Sutherland,Uni,10.0,station,47.43621068275989,36.92945493487306,210.34754000000004,0.0,7.0,7.0,1.0,10
au,Sydney_Sutherland,LU,10.0,station,47.62696025923323,37.12020451134639,210.34754000000004,0.0,7.0,7.0,1.0,10
au,Sydney_Sutherland,LU-soft,10.0,station,47.62719703262782,37.12044128474098,210.34754000000004,0.0,7.0,7.0,1.0,10
au,Sydney_Sutherland,Ref,10.0,station,25.64919716900466,0.0,210.34754000000004,0.0,7.0,7.0,1.0,10
au,Sydney_Sutherland,GNN-oof-42,10.0,station,52.0606174719871,41.55386172410026,210.34754000000004,0.0,7.0,7.0,1.0,10
au,Sydney_Sutherland,GNN-oof-123,10.0,station,48.39267384061899,37.885918092732155,210.34754000000004,0.0,7.0,7.0,1.0,10
au,Sydney_Sutherland,GNN-oof-456,10.0,station,59.724697398593186,49.21794165070635,210.34754000000004,0.0,7.0,7.0,1.0,10
au,Sydney_Sutherland,Uni,15.0,station,21.002317579354333,15.331042138030773,267.3957,0.0,9.2,9.5,1.0,10
au,Sydney_Sutherland,LU,15.0,station,21.350725432198843,15.67944999087528,267.3957,0.0,9.2,9.5,1.0,10
au,Sydney_Sutherland,LU-soft,15.0,station,21.324210279180466,15.652934837856904,267.3957,0.0,9.2,9.5,1.0,10
au,Sydney_Sutherland,Ref,15.0,station,9.94577522246133,0.0,267.3957,0.0,9.2,9.5,1.0,10
au,Sydney_Sutherland,GNN-oof-42,15.0,station,34.31427161962886,29.497527219198684,267.3957,0.0,9.2,9.5,1.0,10
au,Sydney_Sutherland,GNN-oof-123,15.0,station,31.785762249532382,26.264570763532753,267.3957,0.0,9.2,9.5,1.0,10
au,Sydney_Sutherland,GNN-oof-456,15.0,station,39.23245251959038,34.459398987481684,267.3957,0.0,9.2,9.5,1.0,10
au,Sydney_Sutherland,Uni,20.0,station,6.4147494064564,5.048706973521445,281.97438,0.0,9.8,10.0,1.0,10
au,Sydney_Sutherland,LU,20.0,station,6.395212215867284,5.029169782932328,281.97438,0.0,9.8,10.0,1.0,10
au,Sydney_Sutherland,LU-soft,20.0,station,6.400277423405967,5.03423499046851,281.97438,0.0,9.8,10.0,1.0,10
au,Sydney_Sutherland,Ref,20.0,station,1.819049917124164,0.0,281.97438,0.0,9.8,10.0,1.0,10
au,Sydney_Sutherland,GNN-oof-42,20.0,station,10.11757577586043,8.754594881827567,281.97438,0.0,9.8,10.0,1.0,10
au,Sydney_Sutherland,GNN-oof-123,20.0,station,8.482949054638777,7.117970858520368,281.97438,0.0,9.8,10.0,1.0,10
au,Sydney_Sutherland,GNN-oof-456,20.0,station,11.787096513869859,10.424284493321704,281.97438,0.0,9.8,10.0,1.0,10
