region,arm,protocol,low_conf_frac,n_matched,TUR_mean,TUR_median,TUR_aggregate,CE_mean,CE_median,OPR,UPR,RSD_mean,RSD_median,FCE_mean,FCE_median,TUR_actual_observed,collision_rate_many_to_one
Central_Coast,Uni,multi,0.35294117647058826,11,69.05913297584677,76.68796662654962,70.71144406888467,88.19773557766838,30.39855455677145,0.36363636363636365,0.09090909090909091,56.37182034575366,32.30170682207432,97.94345747139378,75.08366797128718,76.7891438529527,
Central_Coast,Uni,1to1,0.5294117647058824,8,79.31321967878685,77.88812192576255,79.1014655453634,44.547622314684226,28.419771837610217,0.25,0.25,29.201261995562746,33.40465492141019,47.868378072171936,38.96084360084335,63.45120677606876,0.5294117647058824
Central_Coast,LU,multi,0.35294117647058826,11,72.63514103363535,76.37923781096212,73.17285922188594,91.19326289164256,30.92563223463821,0.2727272727272727,0.2727272727272727,60.02970474298573,34.01167048636236,109.23708686242615,75.8026036746908,65.175723457164,
Central_Coast,LU,1to1,0.47058823529411764,9,73.19966711857592,68.79485995960134,72.56729087457452,81.85920460387288,45.359697016206404,0.3333333333333333,0.3333333333333333,51.43912498014466,38.97681449080349,96.99643199561864,77.5404389058858,76.7891438529527,0.47058823529411764
Central_Coast,LU-soft,multi,0.29411764705882354,12,67.83825693822259,70.64354338941592,66.93492917424875,101.70425102200124,43.95286218844511,0.3333333333333333,0.08333333333333333,61.13071947910539,31.61895068884879,115.27045420410134,77.76124095328105,61.163172739287845,
Central_Coast,LU-soft,1to1,0.4117647058823529,10,75.91626105206622,74.57367496781788,74.00234315550864,77.54376179386375,34.74720318206225,0.3,0.4,49.0965870140259,37.73842938894872,89.5666266596859,60.26139626120579,70.98243365505834,0.47058823529411764
Central_Coast,GNN-42,multi,0.23529411764705882,13,70.77355849501424,68.68507770161405,57.624338089929786,251.49882394677437,45.59203155367483,0.46153846153846156,0.3076923076923077,160.84847619953274,56.87944970920903,264.7136407165872,85.97641396938249,100.0,
Central_Coast,GNN-42,1to1,0.4117647058823529,10,65.39169539449762,59.16484679034804,55.54908263686408,165.59441147523142,78.88489695073162,0.5,0.2,102.3084540652724,52.07123491623464,157.61162864732702,79.61544036910365,57.967191492963856,0.47058823529411764
Central_Coast,GNN-123,multi,0.17647058823529413,14,52.97619046471404,45.749818931176634,51.737804450323644,196.3110498955287,122.3048558101395,0.5,0.21428571428571427,112.78702621032541,55.844115186735095,201.4418704445331,120.41055272739916,100.0,
Central_Coast,GNN-123,1to1,0.29411764705882354,12,60.32932940694917,53.84786386838102,58.58725457065436,135.31597277569122,85.79229899362197,0.3333333333333333,0.16666666666666666,74.11213465512262,31.902052328103807,121.40364031543652,78.86352752819595,69.93917420008319,0.47058823529411764
Central_Coast,GNN-456,multi,0.23529411764705882,13,68.3518878241355,45.60102352353685,50.89990365972432,290.2746109504193,119.29332342372807,0.6153846153846154,0.23076923076923078,181.3931354487559,61.48867890498162,269.8515673272244,87.17795013969723,100.0,
Central_Coast,GNN-456,1to1,0.4117647058823529,10,59.16341432025636,37.60841259484285,49.37082825444457,219.9181174173967,178.4754530565552,0.6,0.1,131.99950492744853,92.8395295958069,181.37837080157342,71.8418374460941,69.25791697396312,0.4117647058823529
Hunter_Valley_exc_Newcastle,Uni,multi,0.3235294117647059,23,55.5024866181298,40.77213268772588,54.6379503623443,373.6137308992919,145.26556107795702,0.6521739130434783,0.17391304347826086,229.83088318458937,66.4372268365294,315.2415837886344,76.31494423824776,89.6278894619357,
Hunter_Valley_exc_Newcastle,Uni,1to1,0.5294117647058824,16,53.76958077773915,32.90463710296298,47.192339932982776,265.7671113216257,203.9791732599317,0.6875,0.1875,158.8892135290398,102.65278217328782,171.14239365562983,76.41131538342731,58.81917405080821,0.4411764705882353
Hunter_Valley_exc_Newcastle,LU,multi,0.4117647058823529,20,60.92113880909093,48.53477586800605,58.088523972278786,240.09711713512866,108.07855908536033,0.5,0.15,145.38703809829994,52.765550146967996,191.24627325888125,66.42746602276065,63.958320046220464,
Hunter_Valley_exc_Newcastle,LU,1to1,0.5294117647058824,16,66.0848014815071,54.40185348779059,60.82593248944511,243.71155873221156,88.7336631687175,0.5,0.1875,152.11037356983434,52.88097582796941,188.70588826021634,65.96788269694044,50.55885089590956,0.4411764705882353
Hunter_Valley_exc_Newcastle,LU-soft,multi,0.29411764705882354,24,54.317425346583924,44.738444238711686,58.372442373086145,257.0547523145117,123.52316589831344,0.5833333333333334,0.08333333333333333,153.79609549519995,53.203683985199845,173.35015770146083,69.71056523112728,94.61132052504303,
Hunter_Valley_exc_Newcastle,LU-soft,1to1,0.5,17,68.44758074686914,48.319869259209604,64.87477865083649,263.89848733791905,106.95420234594353,0.5294117647058824,0.23529411764705882,168.98413233829953,48.59742179206309,227.7343332267518,67.41101027838631,59.33413698854365,0.4117647058823529
Hunter_Valley_exc_Newcastle,GNN-42,multi,0.29411764705882354,24,53.36741781800152,38.70331713216652,49.93998578845721,316.3912051489763,160.70334746229233,0.5416666666666666,0.16666666666666666,195.20502647225067,73.80223164152822,210.14944274064138,79.52047948350803,63.958320046220464,
Hunter_Valley_exc_Newcastle,GNN-42,1to1,0.47058823529411764,18,68.88176394323015,77.71360581512025,58.32664130097444,328.55951504629877,36.15709324855199,0.3333333333333333,0.2777777777777778,216.70848402334923,41.23479994991868,238.68991196029526,73.76017698183605,63.958320046220464,0.4411764705882353
Hunter_Valley_exc_Newcastle,GNN-123,multi,0.4117647058823529,20,63.478339022037744,43.333603976403,52.58445874834078,308.28253822477774,150.42991918614788,0.5,0.2,194.2536360116558,89.34177554199414,170.1679662505354,64.64492788033655,54.19499099313139,
Hunter_Valley_exc_Newcastle,GNN-123,1to1,0.5588235294117647,15,69.8230648379809,69.63772221090954,54.20647750497033,313.66371813133685,47.4242912139122,0.4,0.2,201.05365774851742,64.00281434182219,126.5739672782012,65.64742285733979,37.96235073382726,0.38235294117647056
Hunter_Valley_exc_Newcastle,GNN-456,multi,0.3235294117647059,23,47.363639263982165,47.686014805890665,41.39843607760283,351.9491075980066,109.70508944196146,0.5217391304347826,0.08695652173913043,212.19909186587594,39.80339296130763,133.14943427260314,65.61215874994707,92.34552195233098,
Hunter_Valley_exc_Newcastle,GNN-456,1to1,0.4411764705882353,19,52.97137846769144,50.17350344222516,51.034422223304134,285.84638811843047,99.30838617867317,0.47368421052631576,0.15789473684210525,173.81947401334793,44.17248317763063,140.82096088190664,62.3070065250718,68.58250310389728,0.4117647058823529
Newcastle_and_Lake_Macquarie,Uni,multi,0.0,25,72.67955707204439,66.69023743406467,59.96730396954857,103.2868783923079,50.148441097997285,0.4,0.2,55.3064581902456,46.34866307653446,83.54170287406622,82.12076257016297,60.83983345459373,
Newcastle_and_Lake_Macquarie,Uni,1to1,0.16,21,75.53986386364299,64.15305494594648,62.91434928550971,106.13212615366254,55.877222190365096,0.38095238095238093,0.23809523809523808,56.80601915445709,44.7388604451538,81.5450860620628,63.25949081472828,61.81011142041382,0.2
Newcastle_and_Lake_Macquarie,LU,multi,0.0,25,75.91987223498752,59.31445813321695,59.302826898677054,104.68307213906559,68.59295886241699,0.36,0.24,58.31472226769775,41.299756962853365,79.16814217612212,63.11409507503269,60.83983345459373,
Newcastle_and_Lake_Macquarie,LU,1to1,0.28,18,69.96472015878115,57.07340483292309,56.07088863820903,121.96568009099377,75.29171764591408,0.3888888888888889,0.2222222222222222,64.35784393689234,54.53249283800234,91.01275472735486,55.78454457546964,68.17520399958471,0.24
Newcastle_and_Lake_Macquarie,LU-soft,multi,0.0,25,71.2346801112511,59.4933129721153,62.303530179444934,94.78976412380246,68.08611758916557,0.36,0.2,48.57787341582,38.16782623732921,68.17864478870885,45.048342346129864,60.83983345459373,
Newcastle_and_Lake_Macquarie,LU-soft,1to1,0.2,20,68.1068427947901,52.8315032259257,58.328815163168755,116.17385421156789,89.3002871708915,0.45,0.15,62.167110637645024,55.696410210227796,92.52663493525934,80.16792304433152,69.65174731706801,0.24
Newcastle_and_Lake_Macquarie,GNN-42,multi,0.0,25,93.11543985440154,79.12287986477912,63.977065796629304,93.72127546604146,43.879681368434824,0.36,0.4,63.51836253844372,56.31542913034819,74.34034324113688,65.0429438717967,60.83983345459373,
Newcastle_and_Lake_Macquarie,GNN-42,1to1,0.16,21,101.63884125859072,89.24828502528143,68.82055333092492,100.19841372706894,51.31902682827349,0.3333333333333333,0.38095238095238093,69.93603048649756,61.77047587791852,79.51639162130014,60.274679181432845,61.81011142041382,0.28
Newcastle_and_Lake_Macquarie,GNN-123,multi,0.0,25,80.31584820292512,68.94144091044573,61.00387891970319,91.90680858900157,54.216412987644105,0.36,0.28,55.01581096293655,44.6155405348144,68.92229275091415,56.954483353106596,60.83983345459373,
Newcastle_and_Lake_Macquarie,GNN-123,1to1,0.24,19,73.81556763404188,56.688960952624825,58.484804762722845,101.0510515177183,76.40118696754801,0.42105263157894735,0.15789473684210525,56.91476105986717,42.20694554381284,71.1341134034831,57.38666743350683,60.83983345459373,0.24
Newcastle_and_Lake_Macquarie,GNN-456,multi,0.0,25,86.44682315199252,73.97020993939853,61.39072104404597,97.5553851680285,56.71073146414894,0.32,0.32,58.846525485361965,44.228382826724285,72.40891470916398,58.233296142460965,54.64674456475159,
Newcastle_and_Lake_Macquarie,GNN-456,1to1,0.16,21,98.48066332728082,82.1376144186258,68.78728023167378,99.00417817161772,48.81824498948417,0.2857142857142857,0.3333333333333333,64.5734155791364,49.126558827069644,88.67028359273998,58.233296142460965,61.81011142041382,0.24
Sydney_City_and_Inner_South,Uni,multi,0.0,17,63.53985065885081,68.62969879017174,59.53439548840065,99.5757719939516,45.70951317408477,0.35294117647058826,0.058823529411764705,50.16636361561415,29.1332467541712,99.74806323234718,59.88161555594754,100.0,
Sydney_City_and_Inner_South,Uni,1to1,0.0,17,69.10800977480895,69.61343764158813,66.66666666666742,86.58126475873154,43.650426394484604,0.35294117647058826,0.17647058823529413,47.28812734119184,36.26096334245179,84.81004420408985,55.551635442907696,100.0,0.29411764705882354
Sydney_City_and_Inner_South,LU,multi,0.0,17,61.43247611259776,61.95560891634202,56.16640111617862,117.4857966111282,61.405886810068964,0.4117647058823529,0.11764705882352941,62.12049723861475,34.43260412685078,126.11584347704053,69.80794884010268,100.0,
Sydney_City_and_Inner_South,LU,1to1,0.0,17,70.88193374245286,60.44511955426288,66.66666666666579,93.33617170645014,65.43932866280107,0.35294117647058826,0.23529411764705882,52.33834531875923,36.42619975087474,92.42790181718641,65.1525443950169,100.0,0.23529411764705882
Sydney_City_and_Inner_South,LU-soft,multi,0.0,17,61.78358321300434,68.07852632000447,56.18730291266251,117.40673964953358,46.88919605860445,0.4117647058823529,0.17647058823529413,65.81257498688083,36.83903205589419,126.75033281398576,80.9266569997035,100.0,
Sydney_City_and_Inner_South,LU-soft,1to1,0.058823529411764705,16,74.29475954173787,68.21252962692554,67.82740731033108,95.78536818832139,51.00680824022923,0.25,0.25,54.321982872235374,30.062267593550562,102.01572535413796,60.50642625562436,100.0,0.23529411764705882
Sydney_City_and_Inner_South,GNN-42,multi,0.0,17,251.24414407791724,206.42090630772202,47.25878994772869,347.6041055701684,77.50286569271884,0.29411764705882354,0.5882352941176471,237.8849438753865,76.10315579586114,355.02691548356916,93.79623466480228,100.0,
Sydney_City_and_Inner_South,GNN-42,1to1,0.29411764705882354,12,230.9200331374019,103.8295910755511,49.99870614984479,282.825244067773,76.41363836907645,0.25,0.5,193.74977330226884,80.09874664319125,266.7558925639668,81.72388029020601,100.0,0.5294117647058824
Sydney_City_and_Inner_South,GNN-123,multi,0.0,17,261.59027366820135,198.55776561059142,42.201477221769196,350.7045175704929,62.55539919540247,0.29411764705882354,0.6470588235294118,243.60693328228936,74.59937313379432,356.76533664732926,95.64983303631372,100.0,
Sydney_City_and_Inner_South,GNN-123,1to1,0.29411764705882354,12,314.59612391627655,117.5036171401717,53.11821545617874,285.93210036391923,74.70409687004775,0.25,0.5,193.06140642336004,78.60354817068983,270.9764079714323,92.59764642558582,100.0,0.5882352941176471
Sydney_City_and_Inner_South,GNN-456,multi,0.0,17,193.55344635459394,191.89500182718544,43.093886259690436,345.12185297385696,62.32143805698347,0.29411764705882354,0.6470588235294118,239.88515688453214,74.231459281553,351.4634588779401,89.01504287057374,100.0,
Sydney_City_and_Inner_South,GNN-456,1to1,0.29411764705882354,12,230.02933936207162,127.35829684058635,53.473717006221264,295.3264753041462,67.59465029143917,0.25,0.5,201.36148625297608,77.47277800746903,290.8049742464378,75.6682404637786,100.0,0.5882352941176471
Sydney_Eastern_Suburbs,Uni,multi,0.0,8,68.93689567174815,63.319548314207566,66.85857642991441,56.214778152696994,57.97730452856112,0.125,0.125,20.911870911486872,18.234464711000665,67.39182996432085,60.49035098241679,74.43044997302647,
Sydney_Eastern_Suburbs,Uni,1to1,0.0,8,68.10715052834895,62.64548383539909,66.66666666666839,54.915499038996764,59.6360134082926,0.0,0.125,18.000638306898345,20.78130908163844,61.21203681347786,56.26495548039221,74.43044997302647,0.25
Sydney_Eastern_Suburbs,LU,multi,0.0,8,68.35705186508763,64.2176338028479,66.85857642991418,54.70175909801082,55.98367103018807,0.125,0.0,19.375411788216002,23.61218546054453,63.27559562978219,54.680645527449656,74.43044997302647,
Sydney_Eastern_Suburbs,LU,1to1,0.0,8,67.75818113523611,68.18265987544494,66.66666666666816,54.25295454948219,46.72044145712834,0.0,0.0,17.85712150142556,22.12092922540274,61.522563736768326,50.30577847221826,74.43044997302647,0.25
Sydney_Eastern_Suburbs,LU-soft,multi,0.0,8,65.52149272086871,58.18071964243332,62.85464374069305,66.29546645328122,72.3050786484609,0.25,0.125,27.50272338823796,32.1385842426531,75.20921378855965,68.19158869758989,74.43044997302647,
Sydney_Eastern_Suburbs,LU-soft,1to1,0.0,8,68.29869144947781,68.92698363288194,66.66666666666733,54.369965482156005,45.12495526065427,0.0,0.125,19.22916524844804,22.74993221374308,61.592118245107365,48.96384389806385,74.43044997302647,0.25
Sydney_Eastern_Suburbs,GNN-42,multi,0.0,8,79.24156360341719,78.8054599892485,66.85857642991422,66.85323034467538,41.40447621864574,0.25,0.125,41.7924234356121,30.781138195809323,86.11433285900853,65.08734349440286,74.43044997302647,
Sydney_Eastern_Suburbs,GNN-42,1to1,0.0,8,75.74641387459775,71.04520996813389,66.6666666666682,54.739942340585046,41.506509243454154,0.25,0.125,29.23744589243251,29.220719628569935,48.748318847496336,56.30733200279738,74.43044997302647,0.25
Sydney_Eastern_Suburbs,GNN-123,multi,0.0,8,64.99715893949566,65.04061817633746,62.04893771490737,64.21155499014087,55.711485072134145,0.125,0.0,24.033093082205397,18.65932817735235,76.12509941513713,73.48140224617873,100.0,
Sydney_Eastern_Suburbs,GNN-123,1to1,0.0,8,69.0363509285345,65.04061817633746,66.66666666666355,53.159247614219225,55.711485072134145,0.125,0.0,21.840863776619955,20.67377448652934,61.28912412917636,68.43169232795701,74.43044997302647,0.375
Sydney_Eastern_Suburbs,GNN-456,multi,0.0,8,66.71085951477228,67.2951422335496,62.04893771491007,63.49311275039049,48.846909854734534,0.125,0.0,25.0572661167551,16.43109804882079,73.08705335611316,59.59248916528172,100.0,
Sydney_Eastern_Suburbs,GNN-456,1to1,0.0,8,70.85220678587453,63.99383276992861,66.66666666666646,54.28050431766661,56.27684161938123,0.125,0.125,20.091590899948418,17.80917604300802,52.645841404777485,59.28994582189441,74.43044997302647,0.375
Sydney_Inner_South_West,Uni,multi,0.0,16,66.93465715054707,66.3555036705728,67.01796878821436,76.50067142351563,50.8023789092739,0.3125,0.1875,38.66742091933756,32.38738565800452,66.22990647072326,55.12863692831892,100.0,
Sydney_Inner_South_West,Uni,1to1,0.0,16,66.9972445566795,67.56687818334129,66.66666666666713,72.77391894623216,48.00925008182823,0.25,0.1875,33.963160044176526,28.016763602371476,71.37726676097796,66.39171936414004,100.0,0.1875
Sydney_Inner_South_West,LU,multi,0.0,16,68.41983594661212,65.89741046325072,68.94124558673195,66.0871672974335,51.751892674602615,0.25,0.0625,32.73417985439405,24.69668751448186,62.38451146991963,59.96138414977723,100.0,
Sydney_Inner_South_West,LU,1to1,0.0,16,66.1341167801819,65.89741046325072,66.66666666666548,67.65433747133713,51.751892674602615,0.25,0.0,28.727615358106732,23.793121557097678,61.74714514344383,53.304267092253774,100.0,0.1875
Sydney_Inner_South_West,LU-soft,multi,0.0,16,68.29958179743639,73.08319686753075,68.2979016515879,67.44251975852767,36.854254510083734,0.25,0.0,34.04825570932017,19.53890254371239,63.40938052241313,45.69840009575723,100.0,
Sydney_Inner_South_West,LU-soft,1to1,0.0,16,66.4979317139166,70.64665117203012,66.66666666666585,70.63584505002277,41.610906855794404,0.25,0.0,33.01912037800381,18.946807743260827,64.47112814967718,45.69840009575723,100.0,0.25
Sydney_Inner_South_West,GNN-42,multi,0.0,16,90.3789812789598,93.11136125337401,69.1382788023126,71.40231386144958,26.89546982885522,0.1875,0.4375,53.51720483126799,41.31914461781859,65.64089663506832,31.931007179059073,100.0,
Sydney_Inner_South_West,GNN-42,1to1,0.0,16,87.05034399271716,93.11136125337401,66.66666666666603,70.64664817370335,26.302111553088906,0.25,0.4375,52.663710514902355,44.94179831468972,66.46131534507677,41.594787449986526,100.0,0.25
Sydney_Inner_South_West,GNN-123,multi,0.0,16,74.74693168946624,74.13378879546985,68.94173629048028,70.31945044394999,34.97443684848356,0.375,0.3125,41.932293705889435,40.77466675934801,54.876639893971316,34.37229487796799,100.0,
Sydney_Inner_South_West,GNN-123,1to1,0.0,16,72.30653351596452,70.31358518336354,66.6666666666658,74.49109044994083,42.332876170991355,0.375,0.25,39.31543747517267,40.77466675934801,68.61743242950956,51.645487635550495,100.0,0.25
Sydney_Inner_South_West,GNN-456,multi,0.0,16,84.22561496218394,83.30938847225269,73.69753261104789,62.186398016837614,24.013716391034052,0.25,0.375,44.72256568062866,42.65788389052281,53.94507670660772,33.62369061713607,100.0,
Sydney_Inner_South_West,GNN-456,1to1,0.0,16,75.49368014855199,74.19572125070084,66.66666666666589,72.38956260341321,36.073417668875855,0.25,0.25,43.85054699046307,37.15456911162455,65.0700598248725,63.45823280802355,100.0,0.3125
Sydney_Inner_West,Uni,multi,0.0,7,68.17811939147603,61.93019976734968,66.66666666666296,58.99506945505533,61.472109529220596,0.2857142857142857,0.0,26.820196748954537,23.723304159252994,63.63368114691357,63.14688503885025,32.210025665936804,
Sydney_Inner_West,Uni,1to1,0.0,7,68.17811939147603,61.93019976734968,66.66666666666296,58.99506945505533,61.472109529220596,0.2857142857142857,0.0,26.820196748954537,23.723304159252994,63.63368114691357,63.14688503885025,32.210025665936804,0.0
Sydney_Inner_West,LU,multi,0.0,7,66.73118239358627,61.57337581565678,66.66666666667015,57.32818248348117,62.407856764891164,0.14285714285714285,0.0,20.53070437421642,16.76858025240967,57.4941190651794,62.407856764891164,32.210025665936804,
Sydney_Inner_West,LU,1to1,0.0,7,66.73118239358627,61.57337581565678,66.66666666667015,57.32818248348117,62.407856764891164,0.14285714285714285,0.0,20.53070437421642,16.76858025240967,57.4941190651794,62.407856764891164,32.210025665936804,0.0
Sydney_Inner_West,LU-soft,multi,0.0,7,66.73118239358627,61.57337581565678,66.66666666667015,57.32818248348117,62.407856764891164,0.14285714285714285,0.0,20.53070437421642,16.76858025240967,57.4941190651794,62.407856764891164,32.210025665936804,
Sydney_Inner_West,LU-soft,1to1,0.0,7,66.73118239358627,61.57337581565678,66.66666666667015,57.32818248348117,62.407856764891164,0.14285714285714285,0.0,20.53070437421642,16.76858025240967,57.4941190651794,62.407856764891164,32.210025665936804,0.0
Sydney_Inner_West,GNN-42,multi,0.0,7,80.1626063528556,81.44913530534883,69.54366927403667,57.84565724940576,28.204666629956016,0.2857142857142857,0.2857142857142857,37.30269218237196,35.542327210540016,48.71090194341128,39.33067041564273,29.196232973247717,
Sydney_Inner_West,GNN-42,1to1,0.0,7,79.66320780611184,81.44913530534883,66.66666666666961,70.94578625236885,28.204666629956016,0.2857142857142857,0.2857142857142857,47.89696211344307,35.542327210540016,45.22710776964344,39.33067041564273,32.210025665936804,0.2857142857142857
Sydney_Inner_West,GNN-123,multi,0.0,7,83.53338968614204,85.51568642821327,69.54366927403238,61.50897374309902,27.281712807934007,0.2857142857142857,0.42857142857142855,43.646183374500836,39.416348597699894,48.5094056406888,44.20133524935837,29.196232973247717,
Sydney_Inner_West,GNN-123,1to1,0.0,7,83.32105883504236,85.51568642821327,66.6666666666655,77.08693534644819,27.281712807934007,0.2857142857142857,0.42857142857142855,54.031491110066945,42.452983746126826,45.46803368333849,44.20133524935837,32.210025665936804,0.2857142857142857
Sydney_Inner_West,GNN-456,multi,0.0,7,95.8111467447349,107.14192772319055,69.54366927403669,72.63400933961314,21.99190646734337,0.2857142857142857,0.5714285714285714,61.59113456762149,47.99460431156225,41.51836331113479,39.779811772112325,29.196232973247717,
Sydney_Inner_West,GNN-456,1to1,0.0,7,95.8338058960251,110.69086660891847,66.66666666666963,90.63864579631968,21.99190646734337,0.2857142857142857,0.5714285714285714,73.59422553875916,47.99460431156225,43.073932137705064,39.779811772112325,32.210025665936804,0.2857142857142857
Sydney_North_Sydney_and_Hornsby,Uni,multi,0.07692307692307693,12,78.09313658622693,75.39126151931421,74.71315149317434,45.717282111909526,32.64145574371646,0.16666666666666666,0.08333333333333333,28.296168872477793,22.551808851947094,50.34031376561189,32.64145574371646,100.0,
Sydney_North_Sydney_and_Hornsby,Uni,1to1,0.07692307692307693,12,71.21076214971013,74.46002827535284,66.3460653643602,97.5607853424121,34.30047941747128,0.16666666666666666,0.08333333333333333,55.48559495773318,25.32661066063617,102.1838169961145,57.15771163495717,100.0,0.23076923076923078
Sydney_North_Sydney_and_Hornsby,LU,multi,0.07692307692307693,12,72.40007655129612,74.28712970479103,66.7874296046126,81.92260590388862,34.6266820594123,0.16666666666666666,0.16666666666666666,45.12315235736995,20.284440449960698,90.98893908549842,64.1227312052409,100.0,
Sydney_North_Sydney_and_Hornsby,LU,1to1,0.15384615384615385,11,77.29723402160404,75.04094674069196,66.40178119838089,92.35984495099477,49.523400156729636,0.18181818181818182,0.18181818181818182,50.69264528977962,24.493299215030508,97.67818160847074,67.25756399500692,100.0,0.23076923076923078
Sydney_North_Sydney_and_Hornsby,LU-soft,multi,0.07692307692307693,12,76.750274321287,73.55412525857194,70.84693672924017,46.258755097277025,35.95453569708075,0.08333333333333333,0.16666666666666666,20.316400350485228,13.47674565376765,49.14125595908666,51.78857422331622,100.0,
Sydney_North_Sydney_and_Hornsby,LU-soft,1to1,0.15384615384615385,11,76.74914209555408,73.64988161495309,66.05130441757623,85.80500812668897,50.99992266412324,0.18181818181818182,0.18181818181818182,44.23492688074124,24.97774636192734,87.2061986072919,67.61053979184459,100.0,0.23076923076923078
Sydney_North_Sydney_and_Hornsby,GNN-42,multi,0.07692307692307693,12,95.97551509525306,96.96632449711207,75.53935205013401,51.733295825391245,39.92677270074685,0.25,0.4166666666666667,40.53628206683159,38.07524610956011,58.85407208352427,67.18726203455908,100.0,
Sydney_North_Sydney_and_Hornsby,GNN-42,1to1,0.07692307692307693,12,79.74489612680816,73.47398248033093,61.44325905894888,104.75425694191408,45.19617128925252,0.25,0.25,63.60978963882943,35.88375342994478,105.02395950308373,50.118593530743865,100.0,0.3076923076923077
Sydney_North_Sydney_and_Hornsby,GNN-123,multi,0.07692307692307693,12,82.06846373073635,67.72823703147102,70.49529158812196,75.26506127478427,53.61442623703539,0.08333333333333333,0.25,45.58838384500813,31.380946527680493,82.14175269555419,65.64370610451601,100.0,
Sydney_North_Sydney_and_Hornsby,GNN-123,1to1,0.07692307692307693,12,73.1328360809725,62.16605231904332,61.92630900250747,91.74413396366386,61.13428542787076,0.16666666666666666,0.16666666666666666,46.136334735383834,31.45550272019384,94.65664566953775,71.40505195660465,100.0,0.3076923076923077
Sydney_North_Sydney_and_Hornsby,GNN-456,multi,0.07692307692307693,12,94.04767486398156,75.50025738010507,73.62350769972896,56.03445245954933,55.45761303111623,0.16666666666666666,0.3333333333333333,35.336477130567296,32.62098224337008,62.64579135952767,68.99556662747534,100.0,
Sydney_North_Sydney_and_Hornsby,GNN-456,1to1,0.07692307692307693,12,82.80339358485408,62.99647503196765,61.739111035653224,107.67054668998965,58.899322898494916,0.25,0.25,59.34346255621919,37.35879447088139,110.00721402872439,69.87956733246774,100.0,0.3076923076923077
Sydney_Northern_Beaches,Uni,multi,0.0,14,62.316772990611604,52.71444347764944,60.86453293402919,89.8863675000827,92.2576994987247,0.5,0.07142857142857142,40.52105560080263,46.6615936694368,69.66363873764469,55.847797798880954,100.0,
Sydney_Northern_Beaches,Uni,1to1,0.21428571428571427,11,68.2384575551867,45.504612761177526,63.67174379713983,87.53415924710178,119.75794085938354,0.5454545454545454,0.2727272727272727,48.709215180792505,50.3717942762545,44.49926602946318,25.557691414381743,74.4834630703964,0.42857142857142855
Sydney_Northern_Beaches,LU,multi,0.0,14,61.85727451594704,54.72475413539523,59.029547882213315,95.42173167507077,84.21785307124574,0.5,0.14285714285714285,44.67612514195797,43.398167623847,76.14165245834965,59.01973777929624,100.0,
Sydney_Northern_Beaches,LU,1to1,0.21428571428571427,11,67.95298326523707,69.3395360613271,65.98152246295616,71.91468962481532,44.217867150935916,0.2727272727272727,0.18181818181818182,34.5932294291623,25.01765904698589,41.68040716235101,30.498725807639126,58.56830031212608,0.2857142857142857
Sydney_Northern_Beaches,LU-soft,multi,0.0,14,54.789094751994526,45.82262836148391,53.757101025139654,105.34621582658157,118.33392618317657,0.5714285714285714,0.07142857142857142,45.36979397592252,45.55595078878438,82.99546281150005,56.87161918498425,100.0,
Sydney_Northern_Beaches,LU-soft,1to1,0.14285714285714285,12,65.7744341714133,64.94900281778826,65.13747244001942,71.94351770417525,54.10827912517334,0.3333333333333333,0.16666666666666666,32.257451437246516,25.869993694637355,42.55290775205017,30.427471030712912,66.52588169126123,0.35714285714285715
Sydney_Northern_Beaches,GNN-42,multi,0.0,14,67.36173854691783,57.33884502556142,60.62820445040082,100.07247104160831,76.0604965894327,0.35714285714285715,0.21428571428571427,49.37948231158843,40.48345808272345,71.0604964199717,30.947920780760427,100.0,
Sydney_Northern_Beaches,GNN-42,1to1,0.07142857142857142,13,71.6088508031293,61.535121328958994,62.38917223923765,94.08698871196776,62.50882071949223,0.3076923076923077,0.23076923076923078,47.284150761550094,40.060813916734155,60.13052690944131,33.70323643825631,74.4834630703964,0.21428571428571427
Sydney_Northern_Beaches,GNN-123,multi,0.0,14,66.29327883381235,71.94475632762195,58.40822203917247,84.89055710049698,39.06195570564704,0.21428571428571427,0.07142857142857142,43.40326643525619,21.11992827462471,69.06519896789567,37.01145406556064,98.58188697194939,
Sydney_Northern_Beaches,GNN-123,1to1,0.21428571428571427,11,58.21208922189585,56.02921255100773,49.99420172274448,104.29924288408655,78.47832487198039,0.36363636363636365,0.09090909090909091,48.328412988290545,23.517436072586513,79.44695030671845,42.466316010819014,58.56830031212608,0.2857142857142857
Sydney_Northern_Beaches,GNN-456,multi,0.0,14,58.122364004851036,57.26031022871062,53.119493916411976,102.81356376077687,75.06016110976455,0.35714285714285715,0.07142857142857142,44.16352442760599,29.802163132320644,73.13135236590779,44.599760943925645,85.82361850714759,
Sydney_Northern_Beaches,GNN-456,1to1,0.14285714285714285,12,65.99332292473424,52.365647483811095,56.60503722454809,98.74786363466113,91.09157394613354,0.4166666666666667,0.16666666666666666,49.31409354232978,41.19893650628275,61.39847445607341,38.372046050392655,66.52588169126123,0.2857142857142857
Sydney_Parramatta,Uni,multi,0.16666666666666666,5,59.88687612868521,46.76918428757986,59.535381780538344,86.59175831157886,113.8160019749505,0.6,0.0,41.15930108410999,42.544001316633675,98.40443267071001,113.8160019749505,100.0,
Sydney_Parramatta,Uni,1to1,0.16666666666666666,5,64.05472958391776,66.93221991377288,63.219203205883076,73.08215235237964,49.40487575165969,0.4,0.0,32.31159691086792,23.40608470592456,89.05752924702355,81.30451556807732,100.0,0.16666666666666666
Sydney_Parramatta,LU,multi,0.16666666666666666,5,53.35588341118855,51.08287825929383,51.76566943312603,105.25720412058206,95.76030836086721,0.4,0.0,45.532974177857916,30.506872240578144,105.25720412058206,95.76030836086721,100.0,
Sydney_Parramatta,LU,1to1,0.16666666666666666,5,66.651884047511,75.37620991631395,63.83761654865591,75.36415233848345,32.66785383747005,0.4,0.0,41.88590182908952,29.149307989890076,99.03554807807845,83.74620890411538,100.0,0.3333333333333333
Sydney_Parramatta,LU-soft,multi,0.16666666666666666,5,53.35588341118855,51.08287825929383,51.76566943312603,105.25720412058206,95.76030836086721,0.4,0.0,45.532974177857916,30.506872240578144,105.25720412058206,95.76030836086721,100.0,
Sydney_Parramatta,LU-soft,1to1,0.16666666666666666,5,66.651884047511,75.37620991631395,63.83761654865591,75.36415233848345,32.66785383747005,0.4,0.0,41.88590182908952,29.149307989890076,99.03554807807845,83.74620890411538,100.0,0.3333333333333333
Sydney_Parramatta,GNN-42,multi,0.16666666666666666,5,67.53632749081501,50.188198433960196,57.33337947719224,114.1647297778123,99.25002913102038,0.4,0.4,69.44315318520819,44.9088809011211,94.59296908049404,99.25002913102038,100.0,
Sydney_Parramatta,GNN-42,1to1,0.16666666666666666,5,73.32929440108121,72.8789834981608,62.03326567813333,98.41111101495156,37.213768908458526,0.4,0.4,62.350402301045435,43.2490059905436,122.03882113648493,85.06757363256439,100.0,0.3333333333333333
Sydney_Parramatta,GNN-123,multi,0.16666666666666666,5,56.622085275200035,53.2073387895024,52.42224143800086,109.48135812847916,87.94399846911645,0.4,0.0,50.6117031946734,27.393661105884913,88.90036881203123,87.94399846911645,100.0,
Sydney_Parramatta,GNN-123,1to1,0.3333333333333333,4,69.68873491364825,66.86412664780212,71.12712108231537,49.08852815065228,49.750302896160015,0.0,0.0,14.965708436101407,14.524525272429582,74.40989000616969,77.28268920753499,59.96674687520888,0.3333333333333333
Sydney_Parramatta,GNN-456,multi,0.16666666666666666,5,61.529408213066276,42.38918067239844,58.023238806675046,100.22510066274478,135.9092542336272,0.6,0.2,56.84319386016112,57.27283615575147,89.01591309203609,82.80949549112783,100.0,
Sydney_Parramatta,GNN-456,1to1,0.16666666666666666,5,66.38632918226445,61.55392094397036,62.77967601460007,80.02176039750208,62.459187759988986,0.4,0.2,43.3743003499993,35.5812024017459,95.13490859965492,82.80949549112783,100.0,0.3333333333333333
Sydney_Ryde,Uni,multi,0.0,6,66.48465630968316,67.45327001971003,66.66666666666504,51.692814600844706,48.26284757195977,0.0,0.0,6.611168136375874,4.103332746026712,40.047789757448896,46.47868382997859,36.995883789218496,
Sydney_Ryde,Uni,1to1,0.0,6,66.48465630968316,67.45327001971003,66.66666666666504,51.692814600844706,48.26284757195977,0.0,0.0,6.611168136375874,4.103332746026712,40.047789757448896,46.47868382997859,36.995883789218496,0.0
Sydney_Ryde,LU,multi,0.0,6,66.59208217677774,68.70337047361687,66.6666666666651,52.229869588771976,45.70690922292191,0.0,0.0,8.595061004532445,6.433203963033926,40.547645695020286,48.01438018660971,36.995883789218496,
Sydney_Ryde,LU,1to1,0.0,6,66.59208217677774,68.70337047361687,66.6666666666651,52.229869588771976,45.70690922292191,0.0,0.0,8.595061004532445,6.433203963033926,40.547645695020286,48.01438018660971,36.995883789218496,0.0
Sydney_Ryde,LU-soft,multi,0.0,6,66.59208217677774,68.70337047361687,66.6666666666651,52.229869588771976,45.70690922292191,0.0,0.0,8.595061004532445,6.433203963033926,40.547645695020286,48.01438018660971,36.995883789218496,
Sydney_Ryde,LU-soft,1to1,0.0,6,66.59208217677774,68.70337047361687,66.6666666666651,52.229869588771976,45.70690922292191,0.0,0.0,8.595061004532445,6.433203963033926,40.547645695020286,48.01438018660971,36.995883789218496,0.0
Sydney_Ryde,GNN-42,multi,0.0,6,80.79414759565536,80.59343259847873,70.503589915193,54.20567032756306,37.36757521895672,0.16666666666666666,0.16666666666666666,33.57909846846781,29.25539143634777,57.56569607735463,63.13622226068093,36.995883789218496,
Sydney_Ryde,GNN-42,1to1,0.0,6,77.85984125451444,80.59343259847873,66.66666666666221,67.16949724420944,37.36757521895672,0.3333333333333333,0.16666666666666666,42.22164974623205,39.794701805787156,57.767267685178155,63.74093708415148,36.995883789218496,0.16666666666666666
Sydney_Ryde,GNN-123,multi,0.0,6,75.750942894196,71.9034095381526,70.50358991520883,48.70966428712497,39.446147755580526,0.16666666666666666,0.16666666666666666,24.27711635672968,19.91792988208151,51.96930859897925,54.47715120577758,36.995883789218496,
Sydney_Ryde,GNN-123,1to1,0.0,6,72.63153720753193,71.9034095381526,66.66666666667717,60.90424343070836,39.446147755580526,0.3333333333333333,0.16666666666666666,32.40683578578528,34.66501402191949,52.158919347449434,55.04598345118812,36.995883789218496,0.16666666666666666
Sydney_Ryde,GNN-456,multi,0.0,6,80.6328740301675,78.14268785409456,70.50358991519732,54.62764904860052,38.65393741263182,0.16666666666666666,0.16666666666666666,32.61980505539179,27.635391867820488,57.17743183279896,62.56040505947521,36.995883789218496,
Sydney_Ryde,GNN-456,1to1,0.0,6,77.68130775173069,78.14268785409456,66.66666666666629,67.51566711713438,38.65393741263182,0.3333333333333333,0.16666666666666666,41.21181710108102,40.40619264638998,57.37782470601737,63.16158367913043,36.995883789218496,0.16666666666666666
Sydney_Sutherland,Uni,multi,0.1,9,76.91810178799429,78.18283699289408,65.5347610278964,171.59249164080367,36.93441309860632,0.3333333333333333,0.2222222222222222,112.19408761200833,51.84872140571123,74.72443632033125,79.69607336352799,23.71208041644229,
Sydney_Sutherland,Uni,1to1,0.2,8,73.5286874063968,66.6327565822408,61.917560458574336,194.28702906410206,50.637870057861285,0.375,0.25,121.22136458471076,54.90249840239105,64.82968374435026,69.76556433008912,24.592587054272506,0.2
Sydney_Sutherland,LU,multi,0.2,8,79.51889740557658,83.30847464498285,71.64041159237884,130.81606336570798,25.726478240255254,0.125,0.25,90.59566954200928,28.666381578777987,74.07205908799844,77.7377660509205,18.734146779765233,
Sydney_Sutherland,LU,1to1,0.3,7,65.24068997735198,66.42020027521266,61.21501226162655,189.61970578502584,50.55660715512621,0.2857142857142857,0.14285714285714285,113.77103453940086,25.44631423397357,52.2976608294137,69.28325003369127,24.108854876098437,0.4
Sydney_Sutherland,LU-soft,multi,0.2,8,75.51255989673504,90.1201121704382,70.48888620637213,130.66586485465785,11.003638787416989,0.25,0.125,90.67182688246268,29.414185423071025,67.33640952967815,75.26930262705372,21.22311359810376,
Sydney_Sutherland,LU-soft,1to1,0.3,7,75.16424900901234,88.39623915061944,70.61206679726246,140.7843235122889,13.126984768671852,0.14285714285714285,0.14285714285714285,94.48937647469494,27.413138129225246,58.70578174214696,74.18221741214501,23.71208041644229,0.3
Sydney_Sutherland,GNN-42,multi,0.1,9,117.76307879812933,87.42406189522549,55.82256458611571,390.5570876951826,53.208976675863596,0.3333333333333333,0.4444444444444444,261.9439866260487,59.59171300792463,81.93442554702916,83.14072590726093,23.71208041644229,
Sydney_Sutherland,GNN-42,1to1,0.2,8,84.98367463772497,76.34719442486933,55.81343484142289,283.9118973456305,46.29827309387527,0.25,0.375,186.8771007466715,53.13500478257602,83.21508854554492,73.66289758815446,23.910467646270362,0.2
Sydney_Sutherland,GNN-123,multi,0.1,9,79.71364330994334,85.80538989495199,51.672671315100374,339.10018178857104,39.95326346178301,0.3333333333333333,0.4444444444444444,227.3197070568799,49.20546068667379,73.7662836555881,80.47446214988962,18.734146779765233,
Sydney_Sutherland,GNN-123,1to1,0.1,9,83.71479711437888,85.80538989495199,61.75354915859692,208.31574126474345,39.95326346178301,0.2222222222222222,0.4444444444444444,140.1300800409948,48.09036719964859,67.44993950169653,58.40343895183795,25.076319232446576,0.3
Sydney_Sutherland,GNN-456,multi,0.2,8,113.75828674372647,149.27829237512267,51.51660133508847,493.2830092660796,49.406355980527486,0.375,0.625,337.18867284405303,66.27090398701833,96.34396102821496,87.66335385600539,21.22311359810376,
Sydney_Sutherland,GNN-456,1to1,0.2,8,105.18792802241853,99.15024263423985,55.328038913084264,317.82167610245426,48.84759489666982,0.375,0.5,217.0461944097629,64.41736452091341,90.3278883547294,75.88495502900527,23.910467646270362,0.3
