region,arm,radius_km,dc_mw,cost_mae_gbp
TLC1,Uni,5.0,100.0,6260682.716083849
TLC1,LU,5.0,100.0,6337781.692318323
TLC1,LU-soft,5.0,100.0,5228809.069775261
TLC1,Ref,5.0,100.0,3727511.005257153
TLC1,GNN-oof-42,5.0,100.0,4060392.4290831145
TLC1,GNN-oof-123,5.0,100.0,4196542.311211317
TLC1,GNN-oof-456,5.0,100.0,4266858.208351349
TLC1,Uni,5.0,300.0,6708777.9685541345
TLC1,LU,5.0,300.0,6723132.041446196
TLC1,LU-soft,5.0,300.0,5540463.562586166
TLC1,Ref,5.0,300.0,3893156.03920669
TLC1,GNN-oof-42,5.0,300.0,4195149.376280072
TLC1,GNN-oof-123,5.0,300.0,4354410.621497923
TLC1,GNN-oof-456,5.0,300.0,4442793.335579689
TLC1,Uni,5.0,500.0,6708777.968554132
TLC1,LU,5.0,500.0,6723132.041446196
TLC1,LU-soft,5.0,500.0,5540463.562586166
TLC1,Ref,5.0,500.0,3893156.0392066897
TLC1,GNN-oof-42,5.0,500.0,4195149.376280072
TLC1,GNN-oof-123,5.0,500.0,4354410.621497923
TLC1,GNN-oof-456,5.0,500.0,4442793.335579689
TLC1,Uni,10.0,100.0,9504871.955550045
TLC1,LU,10.0,100.0,9741758.565078238
TLC1,LU-soft,10.0,100.0,7517926.506431558
TLC1,Ref,10.0,100.0,3150613.2854680005
TLC1,GNN-oof-42,10.0,100.0,5420950.978212565
TLC1,GNN-oof-123,10.0,100.0,5182243.459151241
TLC1,GNN-oof-456,10.0,100.0,5375105.465228178
TLC1,Uni,10.0,300.0,15599748.24434955
TLC1,LU,10.0,300.0,15987923.427011391
TLC1,LU-soft,10.0,300.0,11857427.866812987
TLC1,Ref,10.0,300.0,5126508.726302085
TLC1,GNN-oof-42,10.0,300.0,8419918.44358565
TLC1,GNN-oof-123,10.0,300.0,7863242.985873057
TLC1,GNN-oof-456,10.0,300.0,8510827.74683035
TLC1,Uni,10.0,500.0,15599748.24434955
TLC1,LU,10.0,500.0,15987923.427011391
TLC1,LU-soft,10.0,500.0,11857427.86681299
TLC1,Ref,10.0,500.0,5126508.726302085
TLC1,GNN-oof-42,10.0,500.0,8419918.443585651
TLC1,GNN-oof-123,10.0,500.0,7863242.985873057
TLC1,GNN-oof-456,10.0,500.0,8510827.74683035
TLC1,Uni,20.0,100.0,16004304.885959525
TLC1,LU,20.0,100.0,16712387.204012182
TLC1,LU-soft,20.0,100.0,11284256.866880935
TLC1,Ref,20.0,100.0,2141110.7167333867
TLC1,GNN-oof-42,20.0,100.0,6524171.929510603
TLC1,GNN-oof-123,20.0,100.0,6167112.6135488795
TLC1,GNN-oof-456,20.0,100.0,7419592.632950422
TLC1,Uni,20.0,300.0,22222411.243197944
TLC1,LU,20.0,300.0,22643235.766186547
TLC1,LU-soft,20.0,300.0,18076692.397903334
TLC1,Ref,20.0,300.0,5000227.099613523
TLC1,GNN-oof-42,20.0,300.0,10901224.246804021
TLC1,GNN-oof-123,20.0,300.0,10699223.20149063
TLC1,GNN-oof-456,20.0,300.0,11806557.461339211
TLC1,Uni,20.0,500.0,32808432.17438611
TLC1,LU,20.0,500.0,34258211.43377385
TLC1,LU-soft,20.0,500.0,25427623.46832417
TLC1,Ref,20.0,500.0,6798006.199720369
TLC1,GNN-oof-42,20.0,500.0,15614788.023850013
TLC1,GNN-oof-123,20.0,500.0,15035968.151559807
TLC1,GNN-oof-456,20.0,500.0,17629436.407780427
London,Uni,5.0,100.0,10769164.746756408
London,LU,5.0,100.0,9101331.470802806
London,LU-soft,5.0,100.0,10155902.63596297
London,Ref,5.0,100.0,4170192.138911149
London,GNN-oof-42,5.0,100.0,8935708.436653225
London,GNN-oof-123,5.0,100.0,8013394.225808347
London,GNN-oof-456,5.0,100.0,9194642.315898975
London,Uni,5.0,300.0,14875361.123491555
London,LU,5.0,300.0,12171521.879045436
London,LU-soft,5.0,300.0,13768881.656451782
London,Ref,5.0,300.0,6263537.807375542
London,GNN-oof-42,5.0,300.0,12480758.64295099
London,GNN-oof-123,5.0,300.0,11590771.632847961
London,GNN-oof-456,5.0,300.0,12899463.637285981
London,Uni,5.0,500.0,16062680.650772724
London,LU,5.0,500.0,13075863.521404846
London,LU-soft,5.0,500.0,14664873.491799477
London,Ref,5.0,500.0,6847312.558789446
London,GNN-oof-42,5.0,500.0,13450469.99621677
London,GNN-oof-123,5.0,500.0,12511354.233749917
London,GNN-oof-456,5.0,500.0,14112483.039709501
London,Uni,10.0,100.0,8376725.912598722
London,LU,10.0,100.0,5421914.626636927
London,LU-soft,10.0,100.0,6231823.777885924
London,Ref,10.0,100.0,1411439.4155313564
London,GNN-oof-42,10.0,100.0,5978522.694669185
London,GNN-oof-123,10.0,100.0,4776069.4454561295
London,GNN-oof-456,10.0,100.0,6245150.146206123
London,Uni,10.0,300.0,17540784.965200804
London,LU,10.0,300.0,13131733.231655026
London,LU-soft,10.0,300.0,15653155.8765716
London,Ref,10.0,300.0,4471079.837722389
London,GNN-oof-42,10.0,300.0,12935658.323908143
London,GNN-oof-123,10.0,300.0,10783669.801030433
London,GNN-oof-456,10.0,300.0,12862311.824235577
London,Uni,10.0,500.0,21638907.715446766
London,LU,10.0,500.0,15982354.855022358
London,LU-soft,10.0,500.0,19410159.82099768
London,Ref,10.0,500.0,6149154.490166431
London,GNN-oof-42,10.0,500.0,16348001.767050954
London,GNN-oof-123,10.0,500.0,13870619.065818928
London,GNN-oof-456,10.0,500.0,16233101.112075055
London,Uni,20.0,100.0,289616.36898101604
London,LU,20.0,100.0,95.50011919338317
London,LU-soft,20.0,100.0,41512.2864440369
London,Ref,20.0,100.0,0.0
London,GNN-oof-42,20.0,100.0,56503.050733251315
London,GNN-oof-123,20.0,100.0,22329.0624142351
London,GNN-oof-456,20.0,100.0,50786.21744085944
London,Uni,20.0,300.0,2092962.8488311851
London,LU,20.0,300.0,810701.3163983353
London,LU-soft,20.0,300.0,1381004.7537694792
London,Ref,20.0,300.0,184548.48798316388
London,GNN-oof-42,20.0,300.0,1101798.9580205092
London,GNN-oof-123,20.0,300.0,747065.4821171152
London,GNN-oof-456,20.0,300.0,1000845.6920173138
London,Uni,20.0,500.0,5679296.403840454
London,LU,20.0,500.0,3038293.4877678687
London,LU-soft,20.0,500.0,4249292.7854334
London,Ref,20.0,500.0,844762.862277876
London,GNN-oof-42,20.0,500.0,3398349.208136616
London,GNN-oof-123,20.0,500.0,2623409.118808621
London,GNN-oof-456,20.0,500.0,2928341.972009614
TLH2,Uni,5.0,100.0,6160588.1936770035
TLH2,LU,5.0,100.0,5032299.926663684
TLH2,LU-soft,5.0,100.0,5381921.600929861
TLH2,Ref,5.0,100.0,3592816.507205059
TLH2,GNN-oof-42,5.0,100.0,4637570.683531743
TLH2,GNN-oof-123,5.0,100.0,4583096.7811463205
TLH2,GNN-oof-456,5.0,100.0,4467385.554098739
TLH2,Uni,5.0,300.0,6160863.855586077
TLH2,LU,5.0,300.0,5032299.926663683
TLH2,LU-soft,5.0,300.0,5381921.600929861
TLH2,Ref,5.0,300.0,3592816.5072050584
TLH2,GNN-oof-42,5.0,300.0,4637570.683531743
TLH2,GNN-oof-123,5.0,300.0,4583096.7811463205
TLH2,GNN-oof-456,5.0,300.0,4467385.554098739
TLH2,Uni,5.0,500.0,6160863.855586078
TLH2,LU,5.0,500.0,5032299.926663683
TLH2,LU-soft,5.0,500.0,5381921.600929861
TLH2,Ref,5.0,500.0,3592816.5072050584
TLH2,GNN-oof-42,5.0,500.0,4637570.683531741
TLH2,GNN-oof-123,5.0,500.0,4583096.7811463205
TLH2,GNN-oof-456,5.0,500.0,4467385.554098739
TLH2,Uni,10.0,100.0,12139429.929026607
TLH2,LU,10.0,100.0,8458116.089123711
TLH2,LU-soft,10.0,100.0,10142823.405812435
TLH2,Ref,10.0,100.0,4565132.4573401185
TLH2,GNN-oof-42,10.0,100.0,7262462.919872169
TLH2,GNN-oof-123,10.0,100.0,7023124.616969259
TLH2,GNN-oof-456,10.0,100.0,6813531.635091856
TLH2,Uni,10.0,300.0,12941931.672784997
TLH2,LU,10.0,300.0,8527689.922628418
TLH2,LU-soft,10.0,300.0,10248110.01218881
TLH2,Ref,10.0,300.0,4565132.457340118
TLH2,GNN-oof-42,10.0,300.0,7262462.919872169
TLH2,GNN-oof-123,10.0,300.0,7023124.616969259
TLH2,GNN-oof-456,10.0,300.0,6813531.635091856
TLH2,Uni,10.0,500.0,12941931.672784999
TLH2,LU,10.0,500.0,8527689.92262842
TLH2,LU-soft,10.0,500.0,10248110.01218881
TLH2,Ref,10.0,500.0,4565132.457340118
TLH2,GNN-oof-42,10.0,500.0,7262462.919872169
TLH2,GNN-oof-123,10.0,500.0,7023124.616969259
TLH2,GNN-oof-456,10.0,500.0,6813531.635091856
TLH2,Uni,20.0,100.0,20279706.3963863
TLH2,LU,20.0,100.0,12955725.54328859
TLH2,LU-soft,20.0,100.0,17225134.016648304
TLH2,Ref,20.0,100.0,5657574.71835381
TLH2,GNN-oof-42,20.0,100.0,8447660.431907866
TLH2,GNN-oof-123,20.0,100.0,7919303.083474787
TLH2,GNN-oof-456,20.0,100.0,8165650.953203283
TLH2,Uni,20.0,300.0,26791869.887829732
TLH2,LU,20.0,300.0,14338790.267600624
TLH2,LU-soft,20.0,300.0,20211331.346486215
TLH2,Ref,20.0,300.0,5693350.82462849
TLH2,GNN-oof-42,20.0,300.0,8595697.10590778
TLH2,GNN-oof-123,20.0,300.0,8017246.094678312
TLH2,GNN-oof-456,20.0,300.0,8317691.667952848
TLH2,Uni,20.0,500.0,26791869.887829736
TLH2,LU,20.0,500.0,14338790.267600624
TLH2,LU-soft,20.0,500.0,20211331.346486215
TLH2,Ref,20.0,500.0,5693350.824628491
TLH2,GNN-oof-42,20.0,500.0,8595697.10590778
TLH2,GNN-oof-123,20.0,500.0,8017246.094678312
TLH2,GNN-oof-456,20.0,500.0,8317691.667952848
TLH3,Uni,5.0,100.0,5235119.766585427
TLH3,LU,5.0,100.0,4940663.196408295
TLH3,LU-soft,5.0,100.0,5276503.0121112615
TLH3,Ref,5.0,100.0,2988417.377040994
TLH3,GNN-oof-42,5.0,100.0,3805168.2993712937
TLH3,GNN-oof-123,5.0,100.0,3683454.692737008
TLH3,GNN-oof-456,5.0,100.0,3703781.722753697
TLH3,Uni,5.0,300.0,5243571.275321584
TLH3,LU,5.0,300.0,4945241.25919199
TLH3,LU-soft,5.0,300.0,5280321.309648924
TLH3,Ref,5.0,300.0,2988417.377040994
TLH3,GNN-oof-42,5.0,300.0,3805168.2993712933
TLH3,GNN-oof-123,5.0,300.0,3683454.692737007
TLH3,GNN-oof-456,5.0,300.0,3703781.722753697
TLH3,Uni,5.0,500.0,5243571.275321585
TLH3,LU,5.0,500.0,4945241.25919199
TLH3,LU-soft,5.0,500.0,5280321.309648924
TLH3,Ref,5.0,500.0,2988417.377040994
TLH3,GNN-oof-42,5.0,500.0,3805168.2993712933
TLH3,GNN-oof-123,5.0,500.0,3683454.692737007
TLH3,GNN-oof-456,5.0,500.0,3703781.722753697
TLH3,Uni,10.0,100.0,11471672.538118048
TLH3,LU,10.0,100.0,10386201.819124116
TLH3,LU-soft,10.0,100.0,11577661.213420104
TLH3,Ref,10.0,100.0,4254921.5622313535
TLH3,GNN-oof-42,10.0,100.0,7158753.270266065
TLH3,GNN-oof-123,10.0,100.0,6963883.70953987
TLH3,GNN-oof-456,10.0,100.0,6949233.969064434
TLH3,Uni,10.0,300.0,11482140.814408367
TLH3,LU,10.0,300.0,10393206.38053376
TLH3,LU-soft,10.0,300.0,11591249.736198176
TLH3,Ref,10.0,300.0,4254921.5622313535
TLH3,GNN-oof-42,10.0,300.0,7164667.776517585
TLH3,GNN-oof-123,10.0,300.0,6967634.92625172
TLH3,GNN-oof-456,10.0,300.0,6951750.736189621
TLH3,Uni,10.0,500.0,11482140.814408367
TLH3,LU,10.0,500.0,10393206.38053376
TLH3,LU-soft,10.0,500.0,11591249.736198174
TLH3,Ref,10.0,500.0,4254921.5622313535
TLH3,GNN-oof-42,10.0,500.0,7164667.776517585
TLH3,GNN-oof-123,10.0,500.0,6967634.926251719
TLH3,GNN-oof-456,10.0,500.0,6951750.736189621
TLH3,Uni,20.0,100.0,17408703.513059232
TLH3,LU,20.0,100.0,15589593.32568665
TLH3,LU-soft,20.0,100.0,18027995.082031637
TLH3,Ref,20.0,100.0,5471671.85518499
TLH3,GNN-oof-42,20.0,100.0,10504892.778023373
TLH3,GNN-oof-123,20.0,100.0,9204741.928194957
TLH3,GNN-oof-456,20.0,100.0,8317841.784411339
TLH3,Uni,20.0,300.0,18746377.26375103
TLH3,LU,20.0,300.0,16711534.594309002
TLH3,LU-soft,20.0,300.0,19271152.021075442
TLH3,Ref,20.0,300.0,5516323.691382894
TLH3,GNN-oof-42,20.0,300.0,10724287.334336182
TLH3,GNN-oof-123,20.0,300.0,9254870.449412838
TLH3,GNN-oof-456,20.0,300.0,8322440.471061535
TLH3,Uni,20.0,500.0,18746377.263751026
TLH3,LU,20.0,500.0,16711534.594309
TLH3,LU-soft,20.0,500.0,19271152.021075442
TLH3,Ref,20.0,500.0,5516323.691382894
TLH3,GNN-oof-42,20.0,500.0,10724287.334336182
TLH3,GNN-oof-123,20.0,500.0,9254870.449412838
TLH3,GNN-oof-456,20.0,500.0,8322440.471061535
TLJ1,Uni,5.0,100.0,7046347.997169334
TLJ1,LU,5.0,100.0,6800941.709303423
TLJ1,LU-soft,5.0,100.0,5745719.628766052
TLJ1,Ref,5.0,100.0,3470916.5815184647
TLJ1,GNN-oof-42,5.0,100.0,4517555.261985904
TLJ1,GNN-oof-123,5.0,100.0,4701957.51007184
TLJ1,GNN-oof-456,5.0,100.0,4992339.342898611
TLJ1,Uni,5.0,300.0,9537287.404471321
TLJ1,LU,5.0,300.0,9066786.434498252
TLJ1,LU-soft,5.0,300.0,7298767.219462568
TLJ1,Ref,5.0,300.0,3952275.325258883
TLJ1,GNN-oof-42,5.0,300.0,5429797.811915188
TLJ1,GNN-oof-123,5.0,300.0,5562052.277281588
TLJ1,GNN-oof-456,5.0,300.0,6190787.255376019
TLJ1,Uni,5.0,500.0,9537287.404471321
TLJ1,LU,5.0,500.0,9066786.434498252
TLJ1,LU-soft,5.0,500.0,7298767.219462568
TLJ1,Ref,5.0,500.0,3952275.3252588836
TLJ1,GNN-oof-42,5.0,500.0,5429797.811915188
TLJ1,GNN-oof-123,5.0,500.0,5562052.277281588
TLJ1,GNN-oof-456,5.0,500.0,6190787.255376019
TLJ1,Uni,10.0,100.0,11375126.896070747
TLJ1,LU,10.0,100.0,11155712.147553183
TLJ1,LU-soft,10.0,100.0,8521403.37239141
TLJ1,Ref,10.0,100.0,3280479.838995324
TLJ1,GNN-oof-42,10.0,100.0,6169490.409571976
TLJ1,GNN-oof-123,10.0,100.0,6373574.36365873
TLJ1,GNN-oof-456,10.0,100.0,8069770.079653258
TLJ1,Uni,10.0,300.0,22918174.738180563
TLJ1,LU,10.0,300.0,22291277.306721747
TLJ1,LU-soft,10.0,300.0,16069741.920767196
TLJ1,Ref,10.0,300.0,5427588.562490367
TLJ1,GNN-oof-42,10.0,300.0,11230527.048853595
TLJ1,GNN-oof-123,10.0,300.0,11529540.038512794
TLJ1,GNN-oof-456,10.0,300.0,14960575.04585548
TLJ1,Uni,10.0,500.0,23663473.98460131
TLJ1,LU,10.0,500.0,23047432.33305745
TLJ1,LU-soft,10.0,500.0,16276837.941748492
TLJ1,Ref,10.0,500.0,5427588.562490366
TLJ1,GNN-oof-42,10.0,500.0,11237764.462073369
TLJ1,GNN-oof-123,10.0,500.0,11529540.038512794
TLJ1,GNN-oof-456,10.0,500.0,15041513.280440686
TLJ1,Uni,20.0,100.0,15029951.017394733
TLJ1,LU,20.0,100.0,14351953.98339395
TLJ1,LU-soft,20.0,100.0,6839354.02315629
TLJ1,Ref,20.0,100.0,1276042.2196466308
TLJ1,GNN-oof-42,20.0,100.0,5819460.995131891
TLJ1,GNN-oof-123,20.0,100.0,5484802.829622662
TLJ1,GNN-oof-456,20.0,100.0,9417275.453585245
TLJ1,Uni,20.0,300.0,25983607.969873298
TLJ1,LU,20.0,300.0,25579709.84512126
TLJ1,LU-soft,20.0,300.0,17340869.39041427
TLJ1,Ref,20.0,300.0,5253623.123043638
TLJ1,GNN-oof-42,20.0,300.0,14642579.896678168
TLJ1,GNN-oof-123,20.0,300.0,14417280.480154544
TLJ1,GNN-oof-456,20.0,300.0,19469599.59891339
TLJ1,Uni,20.0,500.0,38982104.29985657
TLJ1,LU,20.0,500.0,38561157.37281598
TLJ1,LU-soft,20.0,500.0,26263461.51875016
TLJ1,Ref,20.0,500.0,6450126.715131047
TLJ1,GNN-oof-42,20.0,500.0,20029999.108797822
TLJ1,GNN-oof-123,20.0,500.0,19625729.663901124
TLJ1,GNN-oof-456,20.0,500.0,28089705.91969523
TLF1,Uni,5.0,100.0,7137069.663920891
TLF1,LU,5.0,100.0,7197830.2457493115
TLF1,LU-soft,5.0,100.0,6718817.8686521
TLF1,Ref,5.0,100.0,3840210.0810637027
TLF1,GNN-oof-42,5.0,100.0,4962351.5802457575
TLF1,GNN-oof-123,5.0,100.0,4410726.995768715
TLF1,GNN-oof-456,5.0,100.0,4739822.9695997
TLF1,Uni,5.0,300.0,7935885.639678624
TLF1,LU,5.0,300.0,7980188.999207834
TLF1,LU-soft,5.0,300.0,7399088.000767536
TLF1,Ref,5.0,300.0,3995143.421175531
TLF1,GNN-oof-42,5.0,300.0,5203476.674905798
TLF1,GNN-oof-123,5.0,300.0,4621511.711224281
TLF1,GNN-oof-456,5.0,300.0,4960156.007969545
TLF1,Uni,5.0,500.0,7935885.6396786235
TLF1,LU,5.0,500.0,7980188.999207834
TLF1,LU-soft,5.0,500.0,7399088.000767536
TLF1,Ref,5.0,500.0,3995143.4211755316
TLF1,GNN-oof-42,5.0,500.0,5203476.674905798
TLF1,GNN-oof-123,5.0,500.0,4621511.711224281
TLF1,GNN-oof-456,5.0,500.0,4960156.007969545
TLF1,Uni,10.0,100.0,10316517.153025845
TLF1,LU,10.0,100.0,10503349.690816581
TLF1,LU-soft,10.0,100.0,9902351.370656108
TLF1,Ref,10.0,100.0,3490381.5285230814
TLF1,GNN-oof-42,10.0,100.0,6793780.856898528
TLF1,GNN-oof-123,10.0,100.0,5652271.324208043
TLF1,GNN-oof-456,10.0,100.0,6303241.854007135
TLF1,Uni,10.0,300.0,19095866.014491983
TLF1,LU,10.0,300.0,19295739.344052266
TLF1,LU-soft,10.0,300.0,17472732.431680214
TLF1,Ref,10.0,300.0,5179227.761965959
TLF1,GNN-oof-42,10.0,300.0,11136602.833502224
TLF1,GNN-oof-123,10.0,300.0,9021574.717738902
TLF1,GNN-oof-456,10.0,300.0,10215940.228242688
TLF1,Uni,10.0,500.0,19551723.403649263
TLF1,LU,10.0,500.0,19740527.50098368
TLF1,LU-soft,10.0,500.0,17658733.43302186
TLF1,Ref,10.0,500.0,5179227.761965959
TLF1,GNN-oof-42,10.0,500.0,11183129.695225136
TLF1,GNN-oof-123,10.0,500.0,9026345.564977081
TLF1,GNN-oof-456,10.0,500.0,10225581.337610539
TLF1,Uni,20.0,100.0,12398351.624736346
TLF1,LU,20.0,100.0,12513831.085326998
TLF1,LU-soft,20.0,100.0,9183992.61391628
TLF1,Ref,20.0,100.0,1213662.1559238515
TLF1,GNN-oof-42,20.0,100.0,4612104.579208694
TLF1,GNN-oof-123,20.0,100.0,4562899.135482586
TLF1,GNN-oof-456,20.0,100.0,5916105.509384691
TLF1,Uni,20.0,300.0,21086299.731660087
TLF1,LU,20.0,300.0,21204728.312531713
TLF1,LU-soft,20.0,300.0,16458738.02043827
TLF1,Ref,20.0,300.0,4347701.219060506
TLF1,GNN-oof-42,20.0,300.0,11120511.556149552
TLF1,GNN-oof-123,20.0,300.0,10624634.635414988
TLF1,GNN-oof-456,20.0,300.0,12462196.164811518
TLF1,Uni,20.0,500.0,35661038.12429376
TLF1,LU,20.0,500.0,35848259.28328576
TLF1,LU-soft,20.0,500.0,29746775.914323375
TLF1,Ref,20.0,500.0,6832688.717315773
TLF1,GNN-oof-42,20.0,500.0,18984889.91585537
TLF1,GNN-oof-123,20.0,500.0,17011643.241106845
TLF1,GNN-oof-456,20.0,500.0,20142858.658351935
TLF2,Uni,5.0,100.0,6477458.379159077
TLF2,LU,5.0,100.0,6598348.3519353755
TLF2,LU-soft,5.0,100.0,6456346.081997267
TLF2,Ref,5.0,100.0,4382512.017102733
TLF2,GNN-oof-42,5.0,100.0,4505797.727668045
TLF2,GNN-oof-123,5.0,100.0,4713920.836134491
TLF2,GNN-oof-456,5.0,100.0,4571725.555535782
TLF2,Uni,5.0,300.0,7391530.389358057
TLF2,LU,5.0,300.0,7505294.361778753
TLF2,LU-soft,5.0,300.0,7167893.404274783
TLF2,Ref,5.0,300.0,4576940.69397061
TLF2,GNN-oof-42,5.0,300.0,4792861.800266293
TLF2,GNN-oof-123,5.0,300.0,5084202.136537295
TLF2,GNN-oof-456,5.0,300.0,4869522.092247708
TLF2,Uni,5.0,500.0,7391530.389358056
TLF2,LU,5.0,500.0,7505294.361778753
TLF2,LU-soft,5.0,500.0,7167893.404274783
TLF2,Ref,5.0,500.0,4576940.69397061
TLF2,GNN-oof-42,5.0,500.0,4792861.800266293
TLF2,GNN-oof-123,5.0,500.0,5084202.136537295
TLF2,GNN-oof-456,5.0,500.0,4869522.092247708
TLF2,Uni,10.0,100.0,10300432.658265904
TLF2,LU,10.0,100.0,10533714.456188494
TLF2,LU-soft,10.0,100.0,11574656.85978677
TLF2,Ref,10.0,100.0,4515470.243477013
TLF2,GNN-oof-42,10.0,100.0,6624995.17628332
TLF2,GNN-oof-123,10.0,100.0,6377513.191582152
TLF2,GNN-oof-456,10.0,100.0,6299863.498415914
TLF2,Uni,10.0,300.0,16325398.52906285
TLF2,LU,10.0,300.0,16720517.551780557
TLF2,LU-soft,10.0,300.0,17709517.656923957
TLF2,Ref,10.0,300.0,6095022.934088654
TLF2,GNN-oof-42,10.0,300.0,9327798.986205924
TLF2,GNN-oof-123,10.0,300.0,9406762.520608217
TLF2,GNN-oof-456,10.0,300.0,9026859.493793452
TLF2,Uni,10.0,500.0,16352259.227383643
TLF2,LU,10.0,500.0,16742636.379740387
TLF2,LU-soft,10.0,500.0,17720328.219689984
TLF2,Ref,10.0,500.0,6095022.934088654
TLF2,GNN-oof-42,10.0,500.0,9327798.986205924
TLF2,GNN-oof-123,10.0,500.0,9406762.520608217
TLF2,GNN-oof-456,10.0,500.0,9026859.493793452
TLF2,Uni,20.0,100.0,11179941.593218166
TLF2,LU,20.0,100.0,11643223.09218587
TLF2,LU-soft,20.0,100.0,9647258.984548451
TLF2,Ref,20.0,100.0,2096972.752259997
TLF2,GNN-oof-42,20.0,100.0,5160166.8498480255
TLF2,GNN-oof-123,20.0,100.0,5346662.968172779
TLF2,GNN-oof-456,20.0,100.0,5644220.819869593
TLF2,Uni,20.0,300.0,25455969.67149417
TLF2,LU,20.0,300.0,26142519.77960187
TLF2,LU-soft,20.0,300.0,24161576.698454883
TLF2,Ref,20.0,300.0,7811747.271140048
TLF2,GNN-oof-42,20.0,300.0,14123266.854832474
TLF2,GNN-oof-123,20.0,300.0,14175121.61990071
TLF2,GNN-oof-456,20.0,300.0,14038677.284834744
TLF2,Uni,20.0,500.0,31781458.15853434
TLF2,LU,20.0,500.0,32578318.483798567
TLF2,LU-soft,20.0,500.0,31238794.219677135
TLF2,Ref,20.0,500.0,8234725.041236702
TLF2,GNN-oof-42,20.0,500.0,16522265.08342654
TLF2,GNN-oof-123,20.0,500.0,17069978.65117771
TLF2,GNN-oof-456,20.0,500.0,16749978.500101589
TLC2,Uni,5.0,100.0,2796332.2025197106
TLC2,LU,5.0,100.0,2611796.1668682955
TLC2,LU-soft,5.0,100.0,2437378.2664137916
TLC2,Ref,5.0,100.0,1614319.7641362834
TLC2,GNN-oof-42,5.0,100.0,2135212.505920876
TLC2,GNN-oof-123,5.0,100.0,2312751.762655489
TLC2,GNN-oof-456,5.0,100.0,2055657.6716545268
TLC2,Uni,5.0,300.0,3735551.7722279117
TLC2,LU,5.0,300.0,3374190.238975362
TLC2,LU-soft,5.0,300.0,3113719.8946543154
TLC2,Ref,5.0,300.0,1871065.1464291518
TLC2,GNN-oof-42,5.0,300.0,2749627.513343697
TLC2,GNN-oof-123,5.0,300.0,2950199.609598953
TLC2,GNN-oof-456,5.0,300.0,2625170.278891749
TLC2,Uni,5.0,500.0,3858491.322550878
TLC2,LU,5.0,500.0,3416713.3798983004
TLC2,LU-soft,5.0,500.0,3157505.668502264
TLC2,Ref,5.0,500.0,1871065.1464291518
TLC2,GNN-oof-42,5.0,500.0,2756739.504063506
TLC2,GNN-oof-123,5.0,500.0,2962531.5561836693
TLC2,GNN-oof-456,5.0,500.0,2626770.341630668
TLC2,Uni,10.0,100.0,5499068.104265806
TLC2,LU,10.0,100.0,4868074.522704447
TLC2,LU-soft,10.0,100.0,4329928.824679574
TLC2,Ref,10.0,100.0,2841824.6048696893
TLC2,GNN-oof-42,10.0,100.0,3659043.074520339
TLC2,GNN-oof-123,10.0,100.0,4192129.3530956833
TLC2,GNN-oof-456,10.0,100.0,3373424.0345040457
TLC2,Uni,10.0,300.0,7156694.714916848
TLC2,LU,10.0,300.0,6629027.948236928
TLC2,LU-soft,10.0,300.0,5986418.696354957
TLC2,Ref,10.0,300.0,3476049.1090609776
TLC2,GNN-oof-42,10.0,300.0,5064484.082601656
TLC2,GNN-oof-123,10.0,300.0,5735559.618709126
TLC2,GNN-oof-456,10.0,300.0,4730593.726202247
TLC2,Uni,10.0,500.0,8768729.142502
TLC2,LU,10.0,500.0,7919920.858175518
TLC2,LU-soft,10.0,500.0,7063778.780100285
TLC2,Ref,10.0,500.0,3928902.203816808
TLC2,GNN-oof-42,10.0,500.0,5853268.665403066
TLC2,GNN-oof-123,10.0,500.0,6757120.580963736
TLC2,GNN-oof-456,10.0,500.0,5398733.472105704
TLC2,Uni,20.0,100.0,10875418.057308478
TLC2,LU,20.0,100.0,9818757.324028106
TLC2,LU-soft,20.0,100.0,8690443.53009233
TLC2,Ref,20.0,100.0,3583873.03310566
TLC2,GNN-oof-42,20.0,100.0,6717810.211787882
TLC2,GNN-oof-123,20.0,100.0,8017660.93066993
TLC2,GNN-oof-456,20.0,100.0,6221369.960256413
TLC2,Uni,20.0,300.0,12687725.195451008
TLC2,LU,20.0,300.0,11771258.488948002
TLC2,LU-soft,20.0,300.0,10460428.96330421
TLC2,Ref,20.0,300.0,4394067.2886111215
TLC2,GNN-oof-42,20.0,300.0,8418971.617794544
TLC2,GNN-oof-123,20.0,300.0,9815726.380187042
TLC2,GNN-oof-456,20.0,300.0,7854581.128802851
TLC2,Uni,20.0,500.0,13539834.697225384
TLC2,LU,20.0,500.0,12653194.138770096
TLC2,LU-soft,20.0,500.0,11275270.079360988
TLC2,Ref,20.0,500.0,4674326.62899741
TLC2,GNN-oof-42,20.0,500.0,9164039.118514743
TLC2,GNN-oof-123,20.0,500.0,10677858.656831507
TLC2,GNN-oof-456,20.0,500.0,8508170.286306422
TLD6,Uni,5.0,100.0,7018432.944437965
TLD6,LU,5.0,100.0,6823936.876256673
TLD6,LU-soft,5.0,100.0,5748442.273098463
TLD6,Ref,5.0,100.0,3077205.938978382
TLD6,GNN-oof-42,5.0,100.0,3738072.887184795
TLD6,GNN-oof-123,5.0,100.0,4045966.604953674
TLD6,GNN-oof-456,5.0,100.0,3858715.979952299
TLD6,Uni,5.0,300.0,7517128.676160621
TLD6,LU,5.0,300.0,7190458.7129037175
TLD6,LU-soft,5.0,300.0,5990521.666631855
TLD6,Ref,5.0,300.0,3242327.955197298
TLD6,GNN-oof-42,5.0,300.0,3894570.5898331497
TLD6,GNN-oof-123,5.0,300.0,4208417.03799007
TLD6,GNN-oof-456,5.0,300.0,3993936.1641858653
TLD6,Uni,5.0,500.0,7517128.676160621
TLD6,LU,5.0,500.0,7190458.712903719
TLD6,LU-soft,5.0,500.0,5990521.666631855
TLD6,Ref,5.0,500.0,3242327.955197298
TLD6,GNN-oof-42,5.0,500.0,3894570.5898331497
TLD6,GNN-oof-123,5.0,500.0,4208417.03799007
TLD6,GNN-oof-456,5.0,500.0,3993936.1641858653
TLD6,Uni,10.0,100.0,9368733.913689913
TLD6,LU,10.0,100.0,9126889.895297404
TLD6,LU-soft,10.0,100.0,7340868.330855892
TLD6,Ref,10.0,100.0,3150968.2666436
TLD6,GNN-oof-42,10.0,100.0,5599033.507111502
TLD6,GNN-oof-123,10.0,100.0,5846551.171411202
TLD6,GNN-oof-456,10.0,100.0,6011160.185999945
TLD6,Uni,10.0,300.0,13880334.800452199
TLD6,LU,10.0,300.0,13542847.412164174
TLD6,LU-soft,10.0,300.0,10684179.646550843
TLD6,Ref,10.0,300.0,4166441.40963644
TLD6,GNN-oof-42,10.0,300.0,7982274.58548567
TLD6,GNN-oof-123,10.0,300.0,8432574.751621073
TLD6,GNN-oof-456,10.0,300.0,8354464.033763908
TLD6,Uni,10.0,500.0,13880334.800452199
TLD6,LU,10.0,500.0,13542847.412164174
TLD6,LU-soft,10.0,500.0,10684179.646550843
TLD6,Ref,10.0,500.0,4166441.40963644
TLD6,GNN-oof-42,10.0,500.0,7982274.585485669
TLD6,GNN-oof-123,10.0,500.0,8432574.751621071
TLD6,GNN-oof-456,10.0,500.0,8354464.033763906
TLD6,Uni,20.0,100.0,2758623.527398322
TLD6,LU,20.0,100.0,2669756.2363384482
TLD6,LU-soft,20.0,100.0,1056727.051889106
TLD6,Ref,20.0,100.0,454934.4347363277
TLD6,GNN-oof-42,20.0,100.0,480564.7311727469
TLD6,GNN-oof-123,20.0,100.0,557143.3211156636
TLD6,GNN-oof-456,20.0,100.0,400268.5281256139
TLD6,Uni,20.0,300.0,11023774.3058348
TLD6,LU,20.0,300.0,10869881.243544804
TLD6,LU-soft,20.0,300.0,9870319.012705822
TLD6,Ref,20.0,300.0,3573756.384110054
TLD6,GNN-oof-42,20.0,300.0,8982367.903126959
TLD6,GNN-oof-123,20.0,300.0,8056643.751584226
TLD6,GNN-oof-456,20.0,300.0,8453007.646271024
TLD6,Uni,20.0,500.0,15083824.440929048
TLD6,LU,20.0,500.0,14960927.890443124
TLD6,LU-soft,20.0,500.0,13536657.99802565
TLD6,Ref,20.0,500.0,4893368.24958163
TLD6,GNN-oof-42,20.0,500.0,10805449.263572264
TLD6,GNN-oof-123,20.0,500.0,9880995.11914675
TLD6,GNN-oof-456,20.0,500.0,10204427.24936687
TLG1,Uni,5.0,100.0,5374473.158556049
TLG1,LU,5.0,100.0,5329391.49842607
TLG1,LU-soft,5.0,100.0,5447806.696527355
TLG1,Ref,5.0,100.0,3821661.446156222
TLG1,GNN-oof-42,5.0,100.0,4038963.0684069316
TLG1,GNN-oof-123,5.0,100.0,4145469.032146157
TLG1,GNN-oof-456,5.0,100.0,4005019.616072136
TLG1,Uni,5.0,300.0,5872078.655183733
TLG1,LU,5.0,300.0,5817320.466795322
TLG1,LU-soft,5.0,300.0,5959420.924282895
TLG1,Ref,5.0,300.0,3980603.3773738067
TLG1,GNN-oof-42,5.0,300.0,4179373.6456814334
TLG1,GNN-oof-123,5.0,300.0,4351313.578398151
TLG1,GNN-oof-456,5.0,300.0,4158665.304576072
TLG1,Uni,5.0,500.0,5872078.655183733
TLG1,LU,5.0,500.0,5817320.466795321
TLG1,LU-soft,5.0,500.0,5959420.924282896
TLG1,Ref,5.0,500.0,3980603.3773738067
TLG1,GNN-oof-42,5.0,500.0,4179373.645681434
TLG1,GNN-oof-123,5.0,500.0,4351313.578398151
TLG1,GNN-oof-456,5.0,500.0,4158665.3045760724
TLG1,Uni,10.0,100.0,9034257.838650417
TLG1,LU,10.0,100.0,8966251.408288782
TLG1,LU-soft,10.0,100.0,9267581.782680748
TLG1,Ref,10.0,100.0,4446442.921494554
TLG1,GNN-oof-42,10.0,100.0,6419271.26057583
TLG1,GNN-oof-123,10.0,100.0,6726514.738235587
TLG1,GNN-oof-456,10.0,100.0,6309028.93424861
TLG1,Uni,10.0,300.0,11987268.577555489
TLG1,LU,10.0,300.0,11879832.627998982
TLG1,LU-soft,10.0,300.0,12304638.866683787
TLG1,Ref,10.0,300.0,5021910.034679291
TLG1,GNN-oof-42,10.0,300.0,7678469.595220041
TLG1,GNN-oof-123,10.0,300.0,8304145.127641175
TLG1,GNN-oof-456,10.0,300.0,7466493.077223055
TLG1,Uni,10.0,500.0,11987268.577555487
TLG1,LU,10.0,500.0,11879832.627998982
TLG1,LU-soft,10.0,500.0,12304638.866683785
TLG1,Ref,10.0,500.0,5021910.034679291
TLG1,GNN-oof-42,10.0,500.0,7678469.595220041
TLG1,GNN-oof-123,10.0,500.0,8304145.127641176
TLG1,GNN-oof-456,10.0,500.0,7466493.077223056
TLG1,Uni,20.0,100.0,9004980.312147712
TLG1,LU,20.0,100.0,8897566.13281462
TLG1,LU-soft,20.0,100.0,9406447.06659763
TLG1,Ref,20.0,100.0,2915135.3702507247
TLG1,GNN-oof-42,20.0,100.0,5798132.288240903
TLG1,GNN-oof-123,20.0,100.0,6219547.913008694
TLG1,GNN-oof-456,20.0,100.0,5627055.141481675
TLG1,Uni,20.0,300.0,18301688.72751209
TLG1,LU,20.0,300.0,18032670.858658247
TLG1,LU-soft,20.0,300.0,18900350.838693645
TLG1,Ref,20.0,300.0,6944079.651635107
TLG1,GNN-oof-42,20.0,300.0,11750442.556257902
TLG1,GNN-oof-123,20.0,300.0,12941476.598464515
TLG1,GNN-oof-456,20.0,300.0,11274144.332203444
TLG1,Uni,20.0,500.0,19529311.44426988
TLG1,LU,20.0,500.0,19218568.52274403
TLG1,LU-soft,20.0,500.0,20229601.35233132
TLG1,Ref,20.0,500.0,6958052.765634099
TLG1,GNN-oof-42,20.0,500.0,12170357.248872446
TLG1,GNN-oof-123,20.0,500.0,13554739.43987873
TLG1,GNN-oof-456,20.0,500.0,11526556.787946422
TLG2,Uni,5.0,100.0,5144315.213826787
TLG2,LU,5.0,100.0,5148390.817757425
TLG2,LU-soft,5.0,100.0,4582258.417167328
TLG2,Ref,5.0,100.0,3376210.454624715
TLG2,GNN-oof-42,5.0,100.0,3143345.29515318
TLG2,GNN-oof-123,5.0,100.0,3226043.926712108
TLG2,GNN-oof-456,5.0,100.0,3460306.3799282163
TLG2,Uni,5.0,300.0,5873075.807330381
TLG2,LU,5.0,300.0,5857319.891753386
TLG2,LU-soft,5.0,300.0,5196190.669825083
TLG2,Ref,5.0,300.0,3771239.285160037
TLG2,GNN-oof-42,5.0,300.0,3473351.593408394
TLG2,GNN-oof-123,5.0,300.0,3602543.32841429
TLG2,GNN-oof-456,5.0,300.0,3819292.0272416156
TLG2,Uni,5.0,500.0,5873075.807330382
TLG2,LU,5.0,500.0,5857319.891753386
TLG2,LU-soft,5.0,500.0,5196190.669825083
TLG2,Ref,5.0,500.0,3771239.285160037
TLG2,GNN-oof-42,5.0,500.0,3473351.5934083937
TLG2,GNN-oof-123,5.0,500.0,3602543.32841429
TLG2,GNN-oof-456,5.0,500.0,3819292.027241615
TLG2,Uni,10.0,100.0,8199217.744401721
TLG2,LU,10.0,100.0,8262109.809536785
TLG2,LU-soft,10.0,100.0,6950593.220762406
TLG2,Ref,10.0,100.0,3421073.2179897153
TLG2,GNN-oof-42,10.0,100.0,4404574.5993178785
TLG2,GNN-oof-123,10.0,100.0,4554833.805814055
TLG2,GNN-oof-456,10.0,100.0,4994666.528404383
TLG2,Uni,10.0,300.0,11760699.671168761
TLG2,LU,10.0,300.0,11776157.469023872
TLG2,LU-soft,10.0,300.0,9684527.363629363
TLG2,Ref,10.0,300.0,5041450.871625734
TLG2,GNN-oof-42,10.0,300.0,6246218.645648121
TLG2,GNN-oof-123,10.0,300.0,6566731.310161392
TLG2,GNN-oof-456,10.0,300.0,7254948.600134512
TLG2,Uni,10.0,500.0,11792257.714250656
TLG2,LU,10.0,500.0,11811016.040595125
TLG2,LU-soft,10.0,500.0,9692980.15732165
TLG2,Ref,10.0,500.0,5046330.7998430235
TLG2,GNN-oof-42,10.0,500.0,6249817.193702502
TLG2,GNN-oof-123,10.0,500.0,6570986.634195808
TLG2,GNN-oof-456,10.0,500.0,7259844.8925666
TLG2,Uni,20.0,100.0,6682625.877018404
TLG2,LU,20.0,100.0,6753330.845933161
TLG2,LU-soft,20.0,100.0,5278681.77706123
TLG2,Ref,20.0,100.0,1954049.2187694234
TLG2,GNN-oof-42,20.0,100.0,2932577.637454733
TLG2,GNN-oof-123,20.0,100.0,3235029.071245943
TLG2,GNN-oof-456,20.0,100.0,3529021.221676076
TLG2,Uni,20.0,300.0,15651093.189319614
TLG2,LU,20.0,300.0,15689617.369988613
TLG2,LU-soft,20.0,300.0,12570360.72494831
TLG2,Ref,20.0,300.0,4909450.642041769
TLG2,GNN-oof-42,20.0,300.0,7748354.7358771525
TLG2,GNN-oof-123,20.0,300.0,8172588.31358297
TLG2,GNN-oof-456,20.0,300.0,9351709.978457255
TLG2,Uni,20.0,500.0,19942834.254460875
TLG2,LU,20.0,500.0,19977880.506958555
TLG2,LU-soft,20.0,500.0,15749461.933118124
TLG2,Ref,20.0,500.0,6579527.657860896
TLG2,GNN-oof-42,20.0,500.0,9981908.194214055
TLG2,GNN-oof-123,20.0,500.0,10678329.751649812
TLG2,GNN-oof-456,20.0,500.0,12282818.475626351
TLE4,Uni,5.0,100.0,11767153.749258662
TLE4,LU,5.0,100.0,10706216.351527741
TLE4,LU-soft,5.0,100.0,6875696.481306689
TLE4,Ref,5.0,100.0,3540180.031415571
TLE4,GNN-oof-42,5.0,100.0,5922626.286491704
TLE4,GNN-oof-123,5.0,100.0,6204461.904325504
TLE4,GNN-oof-456,5.0,100.0,5871478.1243929565
TLE4,Uni,5.0,300.0,18134694.513376374
TLE4,LU,5.0,300.0,16734876.378221584
TLE4,LU-soft,5.0,300.0,9920063.299960334
TLE4,Ref,5.0,300.0,4625810.091425039
TLE4,GNN-oof-42,5.0,300.0,8828206.018359855
TLE4,GNN-oof-123,5.0,300.0,9450151.894346695
TLE4,GNN-oof-456,5.0,300.0,8822648.374328922
TLE4,Uni,5.0,500.0,20814434.17874802
TLE4,LU,5.0,500.0,18824949.39985821
TLE4,LU-soft,5.0,500.0,11791462.406718085
TLE4,Ref,5.0,500.0,4823532.624423582
TLE4,GNN-oof-42,5.0,500.0,9298657.659408024
TLE4,GNN-oof-123,5.0,500.0,9970976.546436643
TLE4,GNN-oof-456,5.0,500.0,9237344.850083245
TLE4,Uni,10.0,100.0,15918994.196086654
TLE4,LU,10.0,100.0,16081215.720387217
TLE4,LU-soft,10.0,100.0,6770072.439362879
TLE4,Ref,10.0,100.0,1807584.9592447444
TLE4,GNN-oof-42,10.0,100.0,5593360.505899036
TLE4,GNN-oof-123,10.0,100.0,6141329.1139653
TLE4,GNN-oof-456,10.0,100.0,5448506.325464026
TLE4,Uni,10.0,300.0,21553646.3397224
TLE4,LU,10.0,300.0,22624442.243781622
TLE4,LU-soft,10.0,300.0,11495394.023559736
TLE4,Ref,10.0,300.0,4191026.268904796
TLE4,GNN-oof-42,10.0,300.0,10670181.375055462
TLE4,GNN-oof-123,10.0,300.0,11263788.295127297
TLE4,GNN-oof-456,10.0,300.0,10698354.931582127
TLE4,Uni,10.0,500.0,32236369.635544803
TLE4,LU,10.0,500.0,33176940.692631107
TLE4,LU-soft,10.0,500.0,17354103.958885185
TLE4,Ref,10.0,500.0,5984047.059489282
TLE4,GNN-oof-42,10.0,500.0,16537652.69153215
TLE4,GNN-oof-123,10.0,500.0,17543440.088286873
TLE4,GNN-oof-456,10.0,500.0,16712286.418462697
TLE4,Uni,20.0,100.0,1850561.9974111428
TLE4,LU,20.0,100.0,3294222.9393425784
TLE4,LU-soft,20.0,100.0,38104.48147313414
TLE4,Ref,20.0,100.0,28437.985038116865
TLE4,GNN-oof-42,20.0,100.0,166833.6008009734
TLE4,GNN-oof-123,20.0,100.0,204908.58709852357
TLE4,GNN-oof-456,20.0,100.0,159836.58534166124
TLE4,Uni,20.0,300.0,6224934.403193958
TLE4,LU,20.0,300.0,8573348.01138736
TLE4,LU-soft,20.0,300.0,2180216.8687202614
TLE4,Ref,20.0,300.0,768607.0725312342
TLE4,GNN-oof-42,20.0,300.0,2101673.8948187823
TLE4,GNN-oof-123,20.0,300.0,2236648.1112574707
TLE4,GNN-oof-456,20.0,300.0,2099814.4953961894
TLE4,Uni,20.0,500.0,9680142.525324525
TLE4,LU,20.0,500.0,14010181.950840041
TLE4,LU-soft,20.0,500.0,4450713.957785034
TLE4,Ref,20.0,500.0,2003887.4423323604
TLE4,GNN-oof-42,20.0,500.0,4794222.100732038
TLE4,GNN-oof-123,20.0,500.0,4924180.731311585
TLE4,GNN-oof-456,20.0,500.0,4880708.725123549
TLH1,Uni,5.0,100.0,3524242.5047293995
TLH1,LU,5.0,100.0,3529940.771902281
TLH1,LU-soft,5.0,100.0,3729053.098960849
TLH1,Ref,5.0,100.0,2139412.49677719
TLH1,GNN-oof-42,5.0,100.0,2614382.368426864
TLH1,GNN-oof-123,5.0,100.0,2747993.525593551
TLH1,GNN-oof-456,5.0,100.0,2594058.449819395
TLH1,Uni,5.0,300.0,3524242.5047293995
TLH1,LU,5.0,300.0,3529940.771902281
TLH1,LU-soft,5.0,300.0,3729053.09896085
TLH1,Ref,5.0,300.0,2139412.4967771913
TLH1,GNN-oof-42,5.0,300.0,2614382.3684268645
TLH1,GNN-oof-123,5.0,300.0,2747993.525593551
TLH1,GNN-oof-456,5.0,300.0,2594058.4498193962
TLH1,Uni,5.0,500.0,3524242.5047293995
TLH1,LU,5.0,500.0,3529940.771902281
TLH1,LU-soft,5.0,500.0,3729053.09896085
TLH1,Ref,5.0,500.0,2139412.4967771913
TLH1,GNN-oof-42,5.0,500.0,2614382.3684268645
TLH1,GNN-oof-123,5.0,500.0,2747993.5255935513
TLH1,GNN-oof-456,5.0,500.0,2594058.4498193962
TLH1,Uni,10.0,100.0,7905294.642399193
TLH1,LU,10.0,100.0,7858714.879481148
TLH1,LU-soft,10.0,100.0,8798553.116499122
TLH1,Ref,10.0,100.0,3052409.448003409
TLH1,GNN-oof-42,10.0,100.0,4396868.184345144
TLH1,GNN-oof-123,10.0,100.0,4791938.369738697
TLH1,GNN-oof-456,10.0,100.0,4360557.471842779
TLH1,Uni,10.0,300.0,7982828.798317753
TLH1,LU,10.0,300.0,7927345.378236443
TLH1,LU-soft,10.0,300.0,8852413.234582081
TLH1,Ref,10.0,300.0,3052409.4480034094
TLH1,GNN-oof-42,10.0,300.0,4396868.184345144
TLH1,GNN-oof-123,10.0,300.0,4791938.369738697
TLH1,GNN-oof-456,10.0,300.0,4360557.471842779
TLH1,Uni,10.0,500.0,7982828.798317753
TLH1,LU,10.0,500.0,7927345.378236443
TLH1,LU-soft,10.0,500.0,8852413.234582081
TLH1,Ref,10.0,500.0,3052409.4480034094
TLH1,GNN-oof-42,10.0,500.0,4396868.184345144
TLH1,GNN-oof-123,10.0,500.0,4791938.369738697
TLH1,GNN-oof-456,10.0,500.0,4360557.471842779
TLH1,Uni,20.0,100.0,15597852.256522747
TLH1,LU,20.0,100.0,14893747.646428648
TLH1,LU-soft,20.0,100.0,16022780.441941964
TLH1,Ref,20.0,100.0,4017020.492149193
TLH1,GNN-oof-42,20.0,100.0,7340411.14535335
TLH1,GNN-oof-123,20.0,100.0,8394508.524595166
TLH1,GNN-oof-456,20.0,100.0,7459064.613970952
TLH1,Uni,20.0,300.0,15890018.149328481
TLH1,LU,20.0,300.0,15119912.737666141
TLH1,LU-soft,20.0,300.0,16278079.720882243
TLH1,Ref,20.0,300.0,4017020.492149193
TLH1,GNN-oof-42,20.0,300.0,7357562.709272873
TLH1,GNN-oof-123,20.0,300.0,8454011.077057127
TLH1,GNN-oof-456,20.0,300.0,7471693.77053932
TLH1,Uni,20.0,500.0,15890018.149328481
TLH1,LU,20.0,500.0,15119912.737666141
TLH1,LU-soft,20.0,500.0,16278079.72088224
TLH1,Ref,20.0,500.0,4017020.492149193
TLH1,GNN-oof-42,20.0,500.0,7357562.709272873
TLH1,GNN-oof-123,20.0,500.0,8454011.077057127
TLH1,GNN-oof-456,20.0,500.0,7471693.77053932
TLE3,Uni,5.0,100.0,10227791.546605151
TLE3,LU,5.0,100.0,8940287.51602202
TLE3,LU-soft,5.0,100.0,6736160.879974308
TLE3,Ref,5.0,100.0,3242775.982990511
TLE3,GNN-oof-42,5.0,100.0,5351949.224524283
TLE3,GNN-oof-123,5.0,100.0,6078000.358753227
TLE3,GNN-oof-456,5.0,100.0,5008300.849525646
TLE3,Uni,5.0,300.0,13911837.367080985
TLE3,LU,5.0,300.0,12247841.747492213
TLE3,LU-soft,5.0,300.0,9017149.526550675
TLE3,Ref,5.0,300.0,3975360.5489293886
TLE3,GNN-oof-42,5.0,300.0,7258944.39824217
TLE3,GNN-oof-123,5.0,300.0,8141718.146040785
TLE3,GNN-oof-456,5.0,300.0,7265474.139112815
TLE3,Uni,5.0,500.0,16546374.138880277
TLE3,LU,5.0,500.0,14654724.789452579
TLE3,LU-soft,5.0,500.0,10475831.748457788
TLE3,Ref,5.0,500.0,4251752.017000969
TLE3,GNN-oof-42,5.0,500.0,8135464.940512339
TLE3,GNN-oof-123,5.0,500.0,8972580.75943977
TLE3,GNN-oof-456,5.0,500.0,7652965.995697957
TLE3,Uni,10.0,100.0,13602052.9934276
TLE3,LU,10.0,100.0,12244533.822148722
TLE3,LU-soft,10.0,100.0,5748714.2953885505
TLE3,Ref,10.0,100.0,1781716.9395065135
TLE3,GNN-oof-42,10.0,100.0,4975837.560310653
TLE3,GNN-oof-123,10.0,100.0,5972658.753500059
TLE3,GNN-oof-456,10.0,100.0,3651189.995762724
TLE3,Uni,10.0,300.0,22105796.668423858
TLE3,LU,10.0,300.0,20379569.324245345
TLE3,LU-soft,10.0,300.0,12051673.481461491
TLE3,Ref,10.0,300.0,4498056.828750013
TLE3,GNN-oof-42,10.0,300.0,10876931.748867584
TLE3,GNN-oof-123,10.0,300.0,13035795.842131538
TLE3,GNN-oof-456,10.0,300.0,10449502.078928716
TLE3,Uni,10.0,500.0,27057090.256120086
TLE3,LU,10.0,500.0,25258840.270122442
TLE3,LU-soft,10.0,500.0,14900799.192258038
TLE3,Ref,10.0,500.0,5327855.028972002
TLE3,GNN-oof-42,10.0,500.0,12860604.27705117
TLE3,GNN-oof-123,10.0,500.0,14947541.938701747
TLE3,GNN-oof-456,10.0,500.0,12342464.416466987
TLE3,Uni,20.0,100.0,3932342.578564598
TLE3,LU,20.0,100.0,3476313.361262718
TLE3,LU-soft,20.0,100.0,871741.4357547322
TLE3,Ref,20.0,100.0,249345.7194037478
TLE3,GNN-oof-42,20.0,100.0,1128722.9412751491
TLE3,GNN-oof-123,20.0,100.0,1428169.2967797774
TLE3,GNN-oof-456,20.0,100.0,652717.7887343783
TLE3,Uni,20.0,300.0,8134812.834166183
TLE3,LU,20.0,300.0,6767960.246677739
TLE3,LU-soft,20.0,300.0,3435841.23373759
TLE3,Ref,20.0,300.0,1342323.2048890935
TLE3,GNN-oof-42,20.0,300.0,3698197.1469288077
TLE3,GNN-oof-123,20.0,300.0,3679729.3205366824
TLE3,GNN-oof-456,20.0,300.0,2395155.3159729764
TLE3,Uni,20.0,500.0,10515009.430781348
TLE3,LU,20.0,500.0,9095056.232962113
TLE3,LU-soft,20.0,500.0,5245113.540307004
TLE3,Ref,20.0,500.0,2261314.0639885254
TLE3,GNN-oof-42,20.0,500.0,5604402.020036833
TLE3,GNN-oof-123,20.0,500.0,5920332.47597751
TLE3,GNN-oof-456,20.0,500.0,4779875.502570673
TLD3,Uni,5.0,100.0,7866663.907381694
TLD3,LU,5.0,100.0,6790552.613644079
TLD3,LU-soft,5.0,100.0,5457441.335301595
TLD3,Ref,5.0,100.0,2844527.6519400533
TLD3,GNN-oof-42,5.0,100.0,4605040.245986358
TLD3,GNN-oof-123,5.0,100.0,4692090.286744261
TLD3,GNN-oof-456,5.0,100.0,4318325.390018818
TLD3,Uni,5.0,300.0,13959794.444130506
TLD3,LU,5.0,300.0,12143020.92583261
TLD3,LU-soft,5.0,300.0,9182161.846172217
TLD3,Ref,5.0,300.0,5165270.838405003
TLD3,GNN-oof-42,5.0,300.0,7683320.775070541
TLD3,GNN-oof-123,5.0,300.0,7945935.188026483
TLD3,GNN-oof-456,5.0,300.0,7427675.199848888
TLD3,Uni,5.0,500.0,17992849.437859748
TLD3,LU,5.0,500.0,15704721.577076465
TLD3,LU-soft,5.0,500.0,12597751.942896381
TLD3,Ref,5.0,500.0,5510729.782165217
TLD3,GNN-oof-42,5.0,500.0,10036118.716414649
TLD3,GNN-oof-123,5.0,500.0,10268595.584313607
TLD3,GNN-oof-456,5.0,500.0,9377908.866441237
TLD3,Uni,10.0,100.0,2191382.2435832676
TLD3,LU,10.0,100.0,1647691.2655795421
TLD3,LU-soft,10.0,100.0,826467.8426060028
TLD3,Ref,10.0,100.0,357642.31361392286
TLD3,GNN-oof-42,10.0,100.0,570908.1390266338
TLD3,GNN-oof-123,10.0,100.0,690091.7670924161
TLD3,GNN-oof-456,10.0,100.0,542827.9211837997
TLD3,Uni,10.0,300.0,10349987.988782726
TLD3,LU,10.0,300.0,9638273.672289502
TLD3,LU-soft,10.0,300.0,7917030.45886639
TLD3,Ref,10.0,300.0,3126391.2097401205
TLD3,GNN-oof-42,10.0,300.0,5683179.121913606
TLD3,GNN-oof-123,10.0,300.0,5893105.573921023
TLD3,GNN-oof-456,10.0,300.0,4819394.843408086
TLD3,Uni,10.0,500.0,13307751.981089585
TLD3,LU,10.0,500.0,12439160.254739739
TLD3,LU-soft,10.0,500.0,9865428.204088317
TLD3,Ref,10.0,500.0,4558807.706764376
TLD3,GNN-oof-42,10.0,500.0,8154992.803927374
TLD3,GNN-oof-123,10.0,500.0,8389809.386262855
TLD3,GNN-oof-456,10.0,500.0,7136036.0701554
TLD3,Uni,20.0,100.0,0.0
TLD3,LU,20.0,100.0,0.0
TLD3,LU-soft,20.0,100.0,0.0
TLD3,Ref,20.0,100.0,0.0
TLD3,GNN-oof-42,20.0,100.0,0.0
TLD3,GNN-oof-123,20.0,100.0,0.0
TLD3,GNN-oof-456,20.0,100.0,0.0
TLD3,Uni,20.0,300.0,1226481.2315253024
TLD3,LU,20.0,300.0,668956.7575394466
TLD3,LU-soft,20.0,300.0,579924.1263624001
TLD3,Ref,20.0,300.0,379393.7017423351
TLD3,GNN-oof-42,20.0,300.0,402843.56225276476
TLD3,GNN-oof-123,20.0,300.0,379807.7458690726
TLD3,GNN-oof-456,20.0,300.0,395347.24424644414
TLD3,Uni,20.0,500.0,2343023.0951081966
TLD3,LU,20.0,500.0,1320019.1672228298
TLD3,LU-soft,20.0,500.0,1389162.1520831478
TLD3,Ref,20.0,500.0,718885.2459366716
TLD3,GNN-oof-42,20.0,500.0,870992.4625554533
TLD3,GNN-oof-123,20.0,500.0,912924.6392027201
TLD3,GNN-oof-456,20.0,500.0,964937.9489842992
TLD4,Uni,5.0,100.0,6956892.489553111
TLD4,LU,5.0,100.0,7153074.457086903
TLD4,LU-soft,5.0,100.0,4870229.196337796
TLD4,Ref,5.0,100.0,3509509.265068301
TLD4,GNN-oof-42,5.0,100.0,4699784.539803783
TLD4,GNN-oof-123,5.0,100.0,3882152.435714745
TLD4,GNN-oof-456,5.0,100.0,4077556.2146516386
TLD4,Uni,5.0,300.0,8771843.329807453
TLD4,LU,5.0,300.0,8896523.911530172
TLD4,LU-soft,5.0,300.0,5766985.441019615
TLD4,Ref,5.0,300.0,3920358.9615975386
TLD4,GNN-oof-42,5.0,300.0,5662737.380507719
TLD4,GNN-oof-123,5.0,300.0,4454590.897535183
TLD4,GNN-oof-456,5.0,300.0,4704560.922855927
TLD4,Uni,5.0,500.0,8771843.329807453
TLD4,LU,5.0,500.0,8896523.911530172
TLD4,LU-soft,5.0,500.0,5766985.441019615
TLD4,Ref,5.0,500.0,3920358.9615975386
TLD4,GNN-oof-42,5.0,500.0,5662737.380507719
TLD4,GNN-oof-123,5.0,500.0,4454590.897535183
TLD4,GNN-oof-456,5.0,500.0,4704560.922855926
TLD4,Uni,10.0,100.0,10541716.951910112
TLD4,LU,10.0,100.0,11063566.205609355
TLD4,LU-soft,10.0,100.0,6674565.763215655
TLD4,Ref,10.0,100.0,3062505.7434018175
TLD4,GNN-oof-42,10.0,100.0,5646869.546800203
TLD4,GNN-oof-123,10.0,100.0,4551993.286858484
TLD4,GNN-oof-456,10.0,100.0,4896013.867027752
TLD4,Uni,10.0,300.0,18527993.756277855
TLD4,LU,10.0,300.0,19498214.985713616
TLD4,LU-soft,10.0,300.0,12101531.158301266
TLD4,Ref,10.0,300.0,5459429.97385869
TLD4,GNN-oof-42,10.0,300.0,11239642.652099505
TLD4,GNN-oof-123,10.0,300.0,7976394.1474767225
TLD4,GNN-oof-456,10.0,300.0,8778437.878083145
TLD4,Uni,10.0,500.0,19735403.26926398
TLD4,LU,10.0,500.0,20641400.45011679
TLD4,LU-soft,10.0,500.0,12533115.05527968
TLD4,Ref,10.0,500.0,5493464.218452305
TLD4,GNN-oof-42,10.0,500.0,11609177.617921114
TLD4,GNN-oof-123,10.0,500.0,8018938.173219557
TLD4,GNN-oof-456,10.0,500.0,8824895.286531746
TLD4,Uni,20.0,100.0,10576229.578822931
TLD4,LU,20.0,100.0,11677837.898346115
TLD4,LU-soft,20.0,100.0,2819338.3700174005
TLD4,Ref,20.0,100.0,1337084.7348557913
TLD4,GNN-oof-42,20.0,100.0,2442822.7202076903
TLD4,GNN-oof-123,20.0,100.0,2843259.7415206498
TLD4,GNN-oof-456,20.0,100.0,2991285.739965536
TLD4,Uni,20.0,300.0,16948598.99445906
TLD4,LU,20.0,300.0,18661433.65051209
TLD4,LU-soft,20.0,300.0,6861936.770998646
TLD4,Ref,20.0,300.0,3458801.102377453
TLD4,GNN-oof-42,20.0,300.0,6371538.292399592
TLD4,GNN-oof-123,20.0,300.0,5386977.69277531
TLD4,GNN-oof-456,20.0,300.0,6046812.30935243
TLD4,Uni,20.0,500.0,30386012.09034067
TLD4,LU,20.0,500.0,32531328.23537939
TLD4,LU-soft,20.0,500.0,13822180.25614227
TLD4,Ref,20.0,500.0,6716896.12679401
TLD4,GNN-oof-42,20.0,500.0,12455812.680024846
TLD4,GNN-oof-123,20.0,500.0,10800319.247378225
TLD4,GNN-oof-456,20.0,500.0,12418287.865415193
