region,arm,radius_km,regret_gbp,rho_pointwise,rho_aggregate,cost_mae_gbp
London,REF,10.0,446620.864155937,0.9999999999999999,1.0,4471079.837722389
London,LU,10.0,643715.2712339113,0.6248017481423268,0.9961091175272794,13131733.231655011
London,GNN,10.0,0.0,0.35732111494008817,0.9951212097803023,12935658.323908126
London,PERM-R,10.0,0.0,0.5839885160053193,0.9955597753899437,17963850.041262303
London,PERM-3R,10.0,8507846.485000003,0.16951622362215404,0.7465920786480197,82968191.13555893
London,SMOOTH-0.5,10.0,7767067.395389837,0.8466409072302467,0.8961831770457942,39250533.99606368
London,SMOOTH-1,10.0,855136.4183118794,0.8493598749864237,0.9230899932724982,32781750.368009374
London,SMOOTH-2,10.0,44890447.48500001,0.6452831882344775,0.820229788057447,64592768.343194894
London,PERM-R/3,10.0,643715.2712339113,0.7685729929253707,0.9993488693372171,6675724.151993781
London,REF,20.0,0.0,0.9999999999999999,1.0,184548.48798316388
London,LU,20.0,0.0,0.6248017481423268,0.998720948180237,810701.3163983331
London,GNN,20.0,0.0,0.35732111494008817,0.9979524259881063,1101798.9580205071
London,PERM-R,20.0,0.0,0.3856061306640467,0.9224758706189676,15282898.825169079
London,PERM-3R,20.0,0.0,0.060358044825500605,0.8318977809744451,25137164.43787737
London,SMOOTH-0.5,20.0,0.0,0.9508126990689746,0.9818170149542536,1383367.5038668325
London,SMOOTH-1,20.0,0.0,0.8614557418199903,0.9528751782187944,6021225.94406149
London,SMOOTH-2,20.0,0.0,0.7736550906768949,0.9354615793653949,4071601.35841347
London,PERM-R/3,20.0,0.0,0.665279690829025,0.9981390530347632,749916.5090290124
TLH2,REF,10.0,4033498.8432407826,1.0,1.0,4565132.457340118
TLH2,LU,10.0,2277896.4666914046,0.28308264189995663,0.939814743953686,8527689.922628418
TLH2,GNN,10.0,3056735.82704325,0.29645309835508055,0.9478687934671984,7262462.919872169
TLH2,PERM-R,10.0,5199563.049790174,0.5418035481492357,0.9809310847327712,6324849.392362814
TLH2,PERM-3R,10.0,1391058.7273950875,0.3334094498859853,0.8879913839978459,10523058.432141984
TLH2,SMOOTH-0.5,10.0,8237698.5509877205,0.8848527918070046,0.8070188707547176,12249049.737614986
TLH2,SMOOTH-1,10.0,4046755.365987733,0.5694067298227151,0.28995998148999536,20127322.70148613
TLH2,SMOOTH-2,10.0,6098304.500987753,0.5898151486893964,0.7675101148775286,40336430.06987918
TLH2,PERM-R/3,10.0,3840884.761691436,0.8285443594864271,0.999367227841807,4737469.140198693
TLH2,REF,20.0,2615090.084296316,1.0,1.0,5693350.824628492
TLH2,LU,20.0,2970039.4460555315,0.28308264189995663,0.9746709306677325,14338790.26760062
TLH2,GNN,20.0,3572156.34035185,0.29645309835508055,0.9911264507816129,8595697.10590778
TLH2,PERM-R,20.0,1552143.2869012207,0.35441066774944324,0.9901823415455854,11866611.158013256
TLH2,PERM-3R,20.0,1764518.3957036734,0.0841740460140619,0.7181089480272369,38727307.9550593
TLH2,SMOOTH-0.5,20.0,8744266.06204325,0.9708197321127466,0.9779853749963437,20042351.153720055
TLH2,SMOOTH-1,20.0,7422267.827043265,0.8689466878375691,0.8650396757599188,63903851.11468143
TLH2,SMOOTH-2,20.0,16488031.572043285,0.6685908575307684,0.8392647223161804,59284307.85759365
TLH2,PERM-R/3,20.0,1772594.1599999964,0.7107608360386644,0.9990623722655931,6702869.741432175
TLH3,REF,10.0,610950.0199999958,1.0,1.0,4254921.5622313535
TLH3,LU,10.0,1495624.494999975,0.22363234868327223,0.7229533687383422,10393206.38053376
TLH3,GNN,10.0,1614451.3400000036,0.28766523149722245,0.8588860472215119,7164667.776517586
TLH3,PERM-R,10.0,1708101.4699999988,0.5393463477651852,0.975746643936661,6070367.556774533
TLH3,PERM-3R,10.0,1099455.3899999857,0.25844951363700525,0.8527344031836006,10637937.052546628
TLH3,SMOOTH-0.5,10.0,5111703.905000016,0.8344453946828493,0.7344408546102136,13356898.04277646
TLH3,SMOOTH-1,10.0,6398361.300000012,0.899768570976035,0.8809781757445438,12091623.821331672
TLH3,SMOOTH-2,10.0,1056321.875,0.8060761176143002,0.710276964569241,16018053.197364826
TLH3,PERM-R/3,10.0,559400.1149999797,0.8434161088994422,0.9993277973319491,4407205.743779331
TLH3,REF,20.0,1652842.38500005,1.0,1.0,5516323.691382893
TLH3,LU,20.0,2646807.8099999726,0.22363234868327223,0.9317435089358772,16711534.594309002
TLH3,GNN,20.0,1650785.0499999672,0.28766523149722245,0.9694942088735523,10724287.334336182
TLH3,PERM-R,20.0,2875266.38000001,0.3868832995804413,0.9884591981147995,9859561.982913744
TLH3,PERM-3R,20.0,1292471.855000034,0.1200046206676856,0.8611340077835019,27107236.168823343
TLH3,SMOOTH-0.5,20.0,16630537.23999998,0.9433513948809535,0.9721925325481331,20324263.58792376
TLH3,SMOOTH-1,20.0,3979069.069999978,0.8648227727280017,0.8226415486603871,28634658.64890315
TLH3,SMOOTH-2,20.0,6698702.754999995,0.6863781252267821,0.7305346751336687,66364584.131793074
TLH3,PERM-R/3,20.0,1728981.6250000447,0.7060329193666853,0.9986619711654926,6268961.809571359
TLJ1,REF,10.0,1291554.4276234508,0.9999999999999999,1.0,5427588.562490367
TLJ1,LU,10.0,8965958.008650288,0.18480459968361346,0.6822123880530969,22291277.30672175
TLJ1,GNN,10.0,17774147.4210103,0.2723320150272165,0.8898689269672319,11230527.048853595
TLJ1,PERM-R,10.0,1346701.269405663,0.5112927716330334,0.9659983949995987,10366370.419619732
TLJ1,PERM-3R,10.0,1094506.269405663,0.24855462152353291,0.8050356257589064,18113772.974493407
TLJ1,SMOOTH-0.5,10.0,408871.269405663,0.8394988717198506,0.8612555228138807,19324384.00675746
TLJ1,SMOOTH-1,10.0,2816226.269405663,0.8319092495243733,0.7944904596226149,25374027.67591318
TLJ1,SMOOTH-2,10.0,6429516.269405678,0.5562881815687947,0.5232100893025223,30609782.824597653
TLJ1,PERM-R/3,10.0,1372394.4276234433,0.8136037971835088,0.9989032717258178,6066482.717272366
TLJ1,REF,20.0,1351430.8641762808,0.9999999999999999,1.0,5253623.123043638
TLJ1,LU,20.0,5570621.493443746,0.18480459968361346,0.6695560778890195,25579709.84512126
TLJ1,GNN,20.0,3384866.635865122,0.2723320150272165,0.9469052952263237,14642579.896678168
TLJ1,PERM-R,20.0,9565546.62859838,0.3224393469669151,0.94160567990142,15795077.257689806
TLJ1,PERM-3R,20.0,3142484.891426105,0.13538463800136122,0.8189058817264705,21761368.351241052
TLJ1,SMOOTH-0.5,20.0,11209950.30762769,0.954542124745994,0.9619195129798783,20601141.27738883
TLJ1,SMOOTH-1,20.0,17284372.07592861,0.8170536347439081,0.863004628251157,28961809.310607225
TLJ1,SMOOTH-2,20.0,5691719.440303139,0.5810367002062141,0.530759259689815,68612075.46657778
TLJ1,PERM-R/3,20.0,1853292.4749381635,0.6448949573917409,0.9974206173551543,7366381.27751752
TLF1,REF,10.0,1296450.0,0.9999999999999999,1.0,5179227.76196596
TLF1,LU,10.0,6469565.0,0.23626770634555058,0.8599432009858001,19295739.344052266
TLF1,GNN,10.0,1041460.0,0.31281707775125744,0.9230132832533208,11136602.833502226
TLF1,PERM-R,10.0,5979150.0,0.6345962530069073,0.9864700686175172,9826037.406729165
TLF1,PERM-3R,10.0,29171199.999999985,0.24708151190901761,0.8245394976348744,22674403.807952296
TLF1,SMOOTH-0.5,10.0,34130399.53222655,0.9537666143131788,0.9608094782023694,10145323.328520084
TLF1,SMOOTH-1,10.0,33870885.0,0.8629993958668096,0.8784312936078233,21220101.3901314
TLF1,SMOOTH-2,10.0,32829854.999999985,0.7889035391873059,0.8401023450255862,32109253.04345583
TLF1,PERM-R/3,10.0,1483285.0,0.8420792899264308,0.9993850328462582,5735011.48069933
TLF1,REF,20.0,3957719.9999999963,0.9999999999999999,1.0,4347701.219060507
TLF1,LU,20.0,31443320.0,0.23626770634555058,0.9779066294766574,21204728.31253171
TLF1,GNN,20.0,3807649.9999999953,0.31281707775125744,0.986111748527937,11120511.55614955
TLF1,PERM-R,20.0,44938440.0,0.49369139663550954,0.9746097216524304,14981743.88659293
TLF1,PERM-3R,20.0,47708715.00000001,0.16174041053137475,0.8651555417888854,32082357.469688132
TLF1,SMOOTH-0.5,20.0,35153145.000000015,0.952772987010367,0.9660893340223337,16603716.339721905
TLF1,SMOOTH-1,20.0,45865090.000000015,0.7877716353000274,0.7984217371054342,37742318.40177085
TLF1,SMOOTH-2,20.0,50282480.0,0.6103591717273193,0.5413367943341986,64757200.334756605
TLF1,PERM-R/3,20.0,6496869.999999996,0.6865689727939949,0.9990403732600932,5922451.887840457
TLF2,REF,10.0,4590035.0,1.0,1.0,6095022.934088651
TLF2,LU,10.0,2592685.0,0.017244134130196678,0.6340610620152655,16720517.551780557
TLF2,GNN,10.0,539220.0,0.19209506930012138,0.852034632008658,9327798.986205922
TLF2,PERM-R,10.0,5658585.0,0.4944445194686667,0.9619563004890751,11019776.650381211
TLF2,PERM-3R,10.0,10608530.0,0.19814286583481053,0.7970475762618942,19142697.68155554
TLF2,SMOOTH-0.5,10.0,13646694.99999997,0.9162905770992681,0.9131436407859103,11139371.386359598
TLF2,SMOOTH-1,10.0,1313650.0,0.8687322045991508,0.8958411514602879,13557838.820616592
TLF2,SMOOTH-2,10.0,26332125.0,0.4082571767218573,0.30095650073912517,27611985.375193175
TLF2,PERM-R/3,10.0,5032720.0,0.8185854993139128,0.9983635715908928,6931309.2010046765
TLF2,REF,20.0,3429250.0000000037,1.0,1.0,7811747.271140044
TLF2,LU,20.0,31991785.000000007,0.017244134130196678,0.8680461580115395,26142519.779601865
TLF2,GNN,20.0,24325100.000000022,0.19209506930012138,0.9748034452008613,14123266.854832469
TLF2,PERM-R,20.0,29513480.000000022,0.2841565735944815,0.8643846000961499,26678857.637151565
TLF2,PERM-3R,20.0,26649250.000000015,0.07565557603897387,0.840360912090228,30490088.476364974
TLF2,SMOOTH-0.5,20.0,1647115.0000000026,0.9575573166536507,0.9863152910788225,13046569.053685023
TLF2,SMOOTH-1,20.0,57611400.0,0.8654318047191988,0.8445286541321635,56028663.36676678
TLF2,SMOOTH-2,20.0,56139080.0,0.48944014395097396,0.1246144676536169,61611756.614966065
TLF2,PERM-R/3,20.0,3114275.000000003,0.6551163663378816,0.9939960579990145,11669405.908004392
TLC1,REF,10.0,1921230.803710945,1.0,0.9999999999999998,5126508.726302085
TLC1,LU,10.0,13156415.676757812,0.33730256510500833,0.6257275693704836,15987923.427011393
TLC1,GNN,10.0,8856622.761230469,0.3243701278430147,0.9421631444540308,8419918.44358565
TLC1,PERM-R,10.0,10675463.069335938,0.7898159590104089,0.9930894540119976,6193091.275089533
TLC1,PERM-3R,10.0,17380899.15234375,0.6863897997532349,0.961208000493812,9161211.231768804
TLC1,SMOOTH-0.5,10.0,24954842.537597656,0.9487823873616328,0.9015958930013669,11944253.741802352
TLC1,SMOOTH-1,10.0,27643327.80029297,0.900938383825644,0.8937603845307366,12033826.002479307
TLC1,SMOOTH-2,10.0,25670741.89501953,0.9075364491818911,0.9161076826510822,15349604.905453209
TLC1,PERM-R/3,10.0,1395397.871093765,0.9074685080244562,0.9997071031763365,5196707.277659629
TLC1,REF,20.0,2645939.177246091,1.0,1.0,5000227.099613523
TLC1,LU,20.0,9602411.737792978,0.33730256510500833,0.84293228023307,22643235.766186547
TLC1,GNN,20.0,0.0,0.3243701278430147,0.9804361956090488,10901224.246804023
TLC1,PERM-R,20.0,10082933.042480478,0.7007057171285542,0.9910976987744244,9967375.989559883
TLC1,PERM-3R,20.0,17199244.686523445,0.5917439024693246,0.8938123934530984,23133699.388850722
TLC1,SMOOTH-0.5,20.0,0.0,0.9861183580948167,0.9940416085104021,8044414.654821366
TLC1,SMOOTH-1,20.0,2559674.353515626,0.9678247164296373,0.9828539667134918,18418107.266114805
TLC1,SMOOTH-2,20.0,22909267.680664066,0.8660017329365384,0.9134741793685448,22529184.491809785
TLC1,PERM-R/3,20.0,3776857.80078125,0.8568875155311964,0.9996774009193502,5482470.87341093
TLC2,REF,10.0,1818886.7304687544,1.0,1.0,3476049.1090609776
TLC2,LU,10.0,4315364.248535166,0.5955743370730353,0.8687991458057124,6629027.948236928
TLC2,GNN,10.0,4931006.859375009,0.3103027725680091,0.8541184787690435,5064484.082601656
TLC2,PERM-R,10.0,3009111.382324226,0.8824534530024698,0.9952111684666728,4283322.306811375
TLC2,PERM-3R,10.0,11988506.681152355,0.6548715951337414,0.9402608255142653,10682359.610518776
TLC2,SMOOTH-0.5,10.0,11177972.554199226,0.9650209851038264,0.9816454517113948,4776141.483475304
TLC2,SMOOTH-1,10.0,8274339.248046878,0.8606505361356384,0.8882857154721886,6402826.811853848
TLC2,SMOOTH-2,10.0,24791415.326660164,0.7367722924795006,0.7332404291684196,11568245.380116856
TLC2,PERM-R/3,10.0,1818886.7304687544,0.9630218455846421,0.9993832551962671,3602362.0708923424
TLC2,REF,20.0,33751.54614257892,1.0,1.0,4394067.288611121
TLC2,LU,20.0,33751.54614257892,0.5955743370730353,0.9343241331937483,11771258.488948
TLC2,GNN,20.0,33751.54614257892,0.3103027725680091,0.9468653960621144,8418971.617794544
TLC2,PERM-R,20.0,33751.54614257892,0.7425984039497754,0.9856602031097115,12872657.732549887
TLC2,PERM-3R,20.0,4235076.235839845,0.5226703263774615,0.9331511594825614,33559819.18254667
TLC2,SMOOTH-0.5,20.0,0.0,0.9008436117824428,0.94219043094923,8448939.25182428
TLC2,SMOOTH-1,20.0,0.0,0.8688522744204582,0.8883390086835089,5357541.493442681
TLC2,SMOOTH-2,20.0,0.0,0.9153033304435145,0.955413303364008,7514617.422998992
TLC2,PERM-R/3,20.0,0.0,0.9250735110980605,0.9994712134301034,5046461.282382984
TLD6,REF,10.0,2360241.784309253,1.0,1.0,4166441.409636442
TLD6,LU,10.0,15012664.799410798,-0.027406626750319397,0.4991062217765554,13542847.412164172
TLD6,GNN,10.0,12555129.054517366,0.11795036417781887,0.9156596979149243,7982274.585485671
TLD6,PERM-R,10.0,3637141.3702388257,0.5392363308636839,0.9548436077109019,7299159.935008034
TLD6,PERM-3R,10.0,1806622.579185374,0.14171452873813384,0.5194962353740588,14691045.601580903
TLD6,SMOOTH-0.5,10.0,81768.09530608356,0.9289897992837067,0.8401895055473764,11885960.80652012
TLD6,SMOOTH-1,10.0,354020.35471304506,0.48420355961607175,0.5919190524797632,22995147.792999323
TLD6,SMOOTH-2,10.0,667146.8143945709,0.47805104460233494,0.3414169783542446,25429953.69544168
TLD6,PERM-R/3,10.0,1479149.6963567361,0.8236965284269337,0.9974185068546269,4565487.322078493
TLD6,REF,20.0,5569260.486678751,1.0,1.0,3573756.384110051
TLD6,LU,20.0,18268005.19697584,-0.027406626750319397,0.9210665932666484,10869881.243544802
TLD6,GNN,20.0,1624976.7571379025,0.11795036417781887,0.9787634536908633,8982367.903126959
TLD6,PERM-R,20.0,15431879.549417745,0.3143373893310551,0.9450108982527246,9913691.047713863
TLD6,PERM-3R,20.0,10038980.910003912,0.03759879377571356,0.8258751339687834,18749531.922368784
TLD6,SMOOTH-0.5,20.0,7783383.826290089,0.9820628953144701,0.9887818256954564,5868149.925854446
TLD6,SMOOTH-1,20.0,51013525.859506354,0.8524891456565536,0.5896855609213901,40074800.45954347
TLD6,SMOOTH-2,20.0,63046302.81176259,0.7640176583893349,0.36260237465059364,58102403.65733023
TLD6,PERM-R/3,20.0,7106486.942981703,0.6663681373931158,0.9963688875922219,4954532.967232889
TLG1,REF,10.0,4722307.366180718,1.0,1.0,5021910.03467929
TLG1,LU,10.0,5504716.049271092,0.41705695349362704,0.6955824481564555,11879832.627998982
TLG1,GNN,10.0,5316686.707725897,0.038182695253489315,0.8747189186797296,7678469.5952200405
TLG1,PERM-R,10.0,4065363.0246355534,0.6801500377490846,0.9854582208645551,6166492.56506785
TLG1,PERM-3R,10.0,6964374.732361436,0.3690542644928925,0.8439169314792327,9596829.349764256
TLG1,SMOOTH-0.5,10.0,7357824.732361436,0.975035144615772,0.9786509626627407,5920379.324487264
TLG1,SMOOTH-1,10.0,1339020.0,0.7733096297498772,0.8530254617563655,10256812.326944936
TLG1,SMOOTH-2,10.0,8443909.073906615,0.4420467471363874,0.4520376050094012,21014099.426321927
TLG1,PERM-R/3,10.0,4545947.695408136,0.8769713756544081,0.999418436354609,5164300.986335548
TLG1,REF,20.0,2318189.6707725897,1.0,1.0,6944079.651635107
TLG1,LU,20.0,3592972.0369533114,0.41705695349362704,0.8460513600128401,18032670.858658247
TLG1,GNN,20.0,4237912.366180722,0.038182695253489315,0.9369211097302775,11750442.556257902
TLG1,PERM-R,20.0,3305314.3415451758,0.49797542744310364,0.9801464465366116,10673678.35503172
TLG1,PERM-3R,20.0,4296452.036953304,0.263198076865948,0.9266912361728089,14188338.786006268
TLG1,SMOOTH-0.5,20.0,11972669.012317766,0.9211525018409531,0.8192894618223654,19261227.035428222
TLG1,SMOOTH-1,20.0,11198263.621501517,0.9316901265951405,0.9187492876873218,23490971.71262335
TLG1,SMOOTH-2,20.0,40504172.0369533,0.8349465452665167,0.8652857778214443,32513403.08609579
TLG1,PERM-R/3,20.0,2248899.9999999963,0.7757779204886908,0.9964816726204181,7875698.789074462
TLG2,REF,10.0,5410475.0,1.0,1.0,5041450.8716257345
TLG2,LU,10.0,3972125.0,0.4628830753269911,0.772501336125334,11776157.469023868
TLG2,GNN,10.0,2835205.0,0.1949554314201844,0.9445048401262099,6246218.645648122
TLG2,PERM-R,10.0,5914435.0,0.6714222629100859,0.980476935619234,6853513.77216355
TLG2,PERM-3R,10.0,11935510.0,0.37432271151592733,0.7796905274226318,13058729.69200752
TLG2,SMOOTH-0.5,10.0,9975785.0,0.9712169447205536,0.9723501450875364,6465416.983402131
TLG2,SMOOTH-1,10.0,1484145.0,0.9125252034449134,0.8834626368656592,12713064.82761398
TLG2,SMOOTH-2,10.0,11102384.999999985,0.6634311911610046,0.6412616608154152,22221088.359884806
TLG2,PERM-R/3,10.0,4649590.0,0.8584589396875685,0.9989843437460858,5233361.514061225
TLG2,REF,20.0,1851424.6707725879,1.0,1.0,4909450.642041771
TLG2,LU,20.0,29373407.036953308,0.4628830753269911,0.887329528332382,15689617.369988605
TLG2,GNN,20.0,12495644.67077258,0.1949554314201844,0.9732698508174625,7748354.7358771525
TLG2,PERM-R,20.0,14195279.341545166,0.4023381703271372,0.9591307662826916,10946770.516707366
TLG2,PERM-3R,20.0,18770252.036953315,0.22592157446496794,0.8960734880183719,16081186.212214086
TLG2,SMOOTH-0.5,20.0,13170613.024635525,0.9889381944573805,0.9670640822660206,8915160.946292752
TLG2,SMOOTH-1,20.0,31658780.37445064,0.882365834510227,0.9002459460614866,25927592.855323598
TLG2,SMOOTH-2,20.0,40006613.74467919,0.4747792823057283,0.2986879931719983,48158994.38128898
TLG2,PERM-R/3,20.0,4701464.670772586,0.72131967449959,0.9970547357636839,6069096.336485947
TLE4,REF,10.0,3652255.3958740295,1.0,1.0,4191026.2689047977
TLE4,LU,10.0,41753777.97875977,0.1923610434176598,0.7708503427125856,22624442.24378161
TLE4,GNN,10.0,17358701.457397483,0.1981891871129961,0.9747399291849822,10670181.37505546
TLE4,PERM-R,10.0,6119476.920166022,0.46347102750158065,0.9832710628177657,9563896.31400094
TLE4,PERM-3R,10.0,20360879.787841816,0.2731069251837905,0.9200778335194584,17018594.962621544
TLE4,SMOOTH-0.5,10.0,24015965.194702134,0.9754973401144554,0.9746356926589232,10832583.757538775
TLE4,SMOOTH-1,10.0,16410938.662109386,0.6881286679899383,0.5962509545627386,28124705.854702387
TLE4,SMOOTH-2,10.0,59507378.23486328,0.2583264782675412,0.25478924019731003,57475441.29951721
TLE4,PERM-R/3,10.0,5041299.528808603,0.8029216851468369,0.9995799473949868,4691195.645249335
TLE4,REF,20.0,256192.98693847665,1.0,1.0,768607.0725312367
TLE4,LU,20.0,6568186.418579106,0.1923610434176598,0.9502969550742387,8573348.011387352
TLE4,GNN,20.0,3227123.7443847666,0.1981891871129961,0.9948996417249103,2101673.8948187823
TLE4,PERM-R,20.0,0.0,0.3414185816262955,0.9458755164688792,6428403.591681423
TLE4,PERM-3R,20.0,256192.98693847665,0.2550267933274709,0.9604680331170082,4203087.368447615
TLE4,SMOOTH-0.5,20.0,256192.98693847665,0.9905257768349548,0.9956015069003767,2395338.3526266287
TLE4,SMOOTH-1,20.0,809163.0715332028,0.9929950578324022,0.9987740061935015,721118.9670964382
TLE4,SMOOTH-2,20.0,256192.98693847665,0.9668374692748376,0.9766214966553741,3640151.275926086
TLE4,PERM-R/3,20.0,256192.98693847665,0.6479031634477568,0.9967473616868403,1801965.7231285411
TLH1,REF,10.0,323533.28999999166,1.0,1.0,3052409.448003409
TLH1,LU,10.0,9403912.169845924,0.2741820834117924,0.6466909359077522,7927345.378236442
TLH1,GNN,10.0,6382858.725000009,0.08669708404250343,0.8479381084845271,4396868.184345144
TLH1,PERM-R,10.0,180589.46499998868,0.5327352474111312,0.9797662459415615,4099655.2876971834
TLH1,PERM-3R,10.0,3100254.850000009,0.17068729424454257,0.6308742992185747,8088716.607847653
TLH1,SMOOTH-0.5,10.0,11366512.794845894,0.8591066202894649,0.8149752807438201,5730844.241688125
TLH1,SMOOTH-1,10.0,12338749.244845867,0.6017991609595178,0.602024180006045,12729290.287544487
TLH1,SMOOTH-2,10.0,2000471.5850000232,0.3432714524117867,0.025591947397986845,17696875.938320257
TLH1,PERM-R/3,10.0,323533.28999999166,0.8214466911478815,0.9991916632979158,3180508.4342732704
TLH1,REF,20.0,2086101.287422955,1.0,1.0,4017020.492149193
TLH1,LU,20.0,7935299.052422956,0.2741820834117924,0.7957440219360055,15119912.737666141
TLH1,GNN,20.0,12808634.17742294,0.08669708404250343,0.939723567930892,7357562.709272874
TLH1,PERM-R,20.0,9221143.815000013,0.3269823870129844,0.929517412379353,9109320.764717275
TLH1,PERM-3R,20.0,9757095.317422941,0.057934167735735384,0.6155859098964774,18923492.14431129
TLH1,SMOOTH-0.5,20.0,2975180.8974229395,0.9909779334236801,0.9891496887874222,5464973.686358285
TLH1,SMOOTH-1,20.0,8774516.077422932,0.44696660691602813,0.09534188833547208,45104009.31104711
TLH1,SMOOTH-2,20.0,8252410.937422946,0.6185845130645867,0.5151939687984922,59988475.71700638
TLH1,PERM-R/3,20.0,3185055.512422979,0.6612702482750492,0.9966872971718244,4867331.935022327
TLE3,REF,10.0,334387.3321533193,1.0,1.0,4498056.828750013
TLE3,LU,10.0,7302580.227172849,0.2250854979160903,0.6776102744025685,20379569.32424535
TLE3,GNN,10.0,3828686.086059568,0.25119028591792364,0.9560987225246806,10876931.748867583
TLE3,PERM-R,10.0,19631787.345947266,0.6272385435843248,0.9589549677387419,11477400.698316716
TLE3,PERM-3R,10.0,19631787.345947266,0.07973356784471977,0.588028908007227,21206679.615052395
TLE3,SMOOTH-0.5,10.0,11269285.090820309,0.8446043275759185,0.8052325218081305,24290751.150670737
TLE3,SMOOTH-1,10.0,15740141.102905273,0.9586803752572719,0.9105663236415807,14351145.842382044
TLE3,SMOOTH-2,10.0,30883903.264282227,0.6253793219852627,0.427507104376776,33148896.477835633
TLE3,PERM-R/3,10.0,334387.3321533193,0.8225615136924838,0.9981713390428347,5357808.925945668
TLE3,REF,20.0,0.0,1.0,1.0,1342323.2048890938
TLE3,LU,20.0,0.0,0.2250854979160903,0.9192169383042347,6767960.246677733
TLE3,GNN,20.0,0.0,0.25119028591792364,0.9935730833932709,3698197.146928808
TLE3,PERM-R,20.0,0.0,0.4276327463615466,0.8964077076019269,11840810.664135562
TLE3,PERM-3R,20.0,0.0,0.03837198875372366,0.8980833415208355,14242234.649253322
TLE3,SMOOTH-0.5,20.0,0.0,0.9623341732186055,0.9864513531128382,5017348.930392873
TLE3,SMOOTH-1,20.0,0.0,0.9550339969723604,0.9826088276522068,3045466.052451798
TLE3,SMOOTH-2,20.0,0.0,0.4183652051638195,0.3231783492945873,25081873.43497458
TLE3,PERM-R/3,20.0,0.0,0.6976973657303465,0.9961937580484393,3312349.8888372746
TLD3,REF,10.0,1822501.8648572713,0.9999999999999999,1.0,3126391.2097401205
TLD3,LU,10.0,0.0,0.39251473299739614,0.9720578400144598,9638273.6722895
TLD3,GNN,10.0,0.0,0.43067418059374285,0.9922011530502882,5683179.121913608
TLD3,PERM-R,10.0,655716.1219338077,0.47771177594938435,0.9804681966170492,8759585.92906586
TLD3,PERM-3R,10.0,6818528.211755003,0.1181770422455744,0.8996314289078572,17204112.47610356
TLD3,SMOOTH-0.5,10.0,4568727.1804467905,0.9753330437502092,0.9860812190203047,6271337.267376866
TLD3,SMOOTH-1,10.0,68671.40365705456,0.7509697528787435,0.7968740742185185,29795795.90318663
TLD3,SMOOTH-2,10.0,29094021.967772342,0.3189052028051185,0.4189724277431069,66738602.95009039
TLD3,PERM-R/3,10.0,406659.97845591453,0.7213814812006515,0.9994801343700337,3535266.8871752303
TLD3,REF,20.0,0.0,0.9999999999999999,1.0,379393.70174233505
TLD3,LU,20.0,0.0,0.39251473299739614,0.9900114660028664,668956.7575394466
TLD3,GNN,20.0,0.0,0.43067418059374285,0.9954781993695498,402843.5622527647
TLD3,PERM-R,20.0,0.0,0.39966815688250795,0.990149971537493,1346707.1066879074
TLD3,PERM-3R,20.0,0.0,0.10122357758066095,0.9889211757302938,4408562.713322937
TLD3,SMOOTH-0.5,20.0,0.0,0.995248742737012,0.9984971616242904,343381.01868583035
TLD3,SMOOTH-1,20.0,0.0,0.8466808638149432,0.9131294342823585,8998276.43839868
TLD3,SMOOTH-2,20.0,0.0,0.9727681947600328,0.9817562019390504,917538.4985159468
TLD3,PERM-R/3,20.0,0.0,0.5652886169949147,0.9981956090489023,553231.0244786771
TLD4,REF,10.0,13143.922641083598,0.9999999999999999,1.0,5459429.973858691
TLD4,LU,10.0,26840996.676919565,0.1656092808997677,0.6746190291547572,19498214.985713612
TLD4,GNN,10.0,7095004.778634734,0.33770704760603404,0.9390338092584523,11239642.652099503
TLD4,PERM-R,10.0,1410961.3275243565,0.6456891025796198,0.9757258884314721,9656348.414915368
TLD4,PERM-3R,10.0,14376935.58370851,0.39180777587923027,0.825452907863227,16820765.88838196
TLD4,SMOOTH-0.5,10.0,1312180.5121449009,0.9642679555225993,0.960552772638193,10714856.038556337
TLD4,SMOOTH-1,10.0,27187041.110859886,0.9223982752097162,0.9294099448524861,15057803.70268648
TLD4,SMOOTH-2,10.0,38665087.005162515,0.6803536230459233,0.47603438300859574,31807840.538300034
TLD4,PERM-R/3,10.0,85831.12023363262,0.8632902325744669,0.999229244307311,5901680.025876856
TLD4,REF,20.0,2132391.1861679666,0.9999999999999999,1.0,3458801.102377452
TLD4,LU,20.0,17896193.51253974,0.1656092808997677,0.7903946680986671,18661433.65051209
TLD4,GNN,20.0,12324939.116671499,0.33770704760603404,0.9796641169160294,6371538.292399587
TLD4,PERM-R,20.0,2517284.567497755,0.37592918206435877,0.9688007992001998,10555649.258188318
TLD4,PERM-3R,20.0,4380643.830248696,0.03597308685048402,0.6295685908921477,25765965.348224428
TLD4,SMOOTH-0.5,20.0,0.0,0.9841435462683747,0.9777285734321434,7277932.425434693
TLD4,SMOOTH-1,20.0,25394116.210516326,0.9135429169986383,0.6951908352977088,24412910.020743072
TLD4,SMOOTH-2,20.0,36809230.97726762,0.8508288660093866,0.767329684332421,27200138.32877032
TLD4,PERM-R/3,20.0,2229208.361725883,0.7347901525664491,0.9967746286936573,4963864.748296083
