task_group,stage,country,family,config,signal,parameter_name,parameter_values,seeds,folds,logical_coordinates,reuse_coordinates,new_train_coordinates,compute_threads,depends_on,reuse_source
B-UK-GNN,base,uk,gnn,base,none,fixed,default,42|123|456,1|2|3|4,12,0,12,8,S3.2,none
B-UK-MLP,base,uk,mlp,base,none,fixed,default,42|123|456,1|2|3|4,12,0,12,8,S3.2,none
B-AU-GNN,base,au,gnn,base,none,fixed,default,42|123|456,1|2|3|4,12,0,12,8,S3.2,none
B-AU-MLP,base,au,mlp,base,none,fixed,default,42|123|456,1|2|3|4,12,0,12,8,S3.2,none
P-UK-N,production_prior,uk,gnn,priorN,N,lambda,0.05,42|123|456,1|2|3|4,12,0,12,8,S3.3,none
P-UK-P,production_prior,uk,gnn,priorP,P,lambda,0.05,42|123|456,1|2|3|4,12,0,12,8,S3.3,none
P-UK-NP,production_prior,uk,gnn,priorNP,NP,lambda,0.05,42|123|456,1|2|3|4,12,0,12,8,S3.3,none
P-AU-N,production_prior,au,gnn,priorN,N,lambda,0.05,42|123|456,1|2|3|4,12,0,12,8,S3.3,none
P-AU-P,production_prior,au,gnn,priorP,P,lambda,0.05,42|123|456,1|2|3|4,12,0,12,8,S3.3+S1.2,none
P-AU-NP,production_prior,au,gnn,priorNP,NP,lambda,0.05,42|123|456,1|2|3|4,12,0,12,8,S3.3+S1.2,none
F-UK-N,production_fusion,uk,gnn,fusionN,N,input_dimension,6,42|123|456,1|2|3|4,12,0,12,8,S3.3,none
F-UK-P,production_fusion,uk,gnn,fusionP,P,input_dimension,6,42|123|456,1|2|3|4,12,0,12,8,S3.3,none
F-UK-NP,production_fusion,uk,gnn,fusionNP,NP,input_dimension,7,42|123|456,1|2|3|4,12,0,12,8,S3.3,none
F-AU-N,production_fusion,au,gnn,fusionN,N,input_dimension,6,42|123|456,1|2|3|4,12,0,12,8,S3.3,none
F-AU-P,production_fusion,au,gnn,fusionP,P,input_dimension,6,42|123|456,1|2|3|4,12,0,12,8,S3.3+S1.2,none
F-AU-NP,production_fusion,au,gnn,fusionNP,NP,input_dimension,7,42|123|456,1|2|3|4,12,0,12,8,S3.3+S1.2,none
L-UK-N,lambda_sweep,uk,gnn,priorN,N,lambda,0.01|0.05|0.10|0.20|0.50,42,1,5,1,4,8,S3.4,P-UK-N_lambda0.05_seed42_fold1
L-UK-P,lambda_sweep,uk,gnn,priorP,P,lambda,0.01|0.05|0.10|0.20|0.50,42,1,5,1,4,8,S3.4,P-UK-P_lambda0.05_seed42_fold1
L-AU-N,lambda_sweep,au,gnn,priorN,N,lambda,0.01|0.05|0.10|0.20|0.50,42,1,5,1,4,8,S3.4,P-AU-N_lambda0.05_seed42_fold1
L-AU-P,lambda_sweep,au,gnn,priorP,P,lambda,0.01|0.05|0.10|0.20|0.50,42,1,5,1,4,8,S3.4+S1.2,P-AU-P_lambda0.05_seed42_fold1
T-UK,tau_sweep,uk,gnn,base,none,tau,0.005|0.01|0.05|0.5|2.0,42,1|2|3|4,20,4,16,8,S3.3,B-UK-GNN_tau0.01_seed42_allfolds
T-AU,tau_sweep,au,gnn,base,none,tau,0.005|0.01|0.05|0.5|2.0,42,1|2|3|4,20,4,16,8,S3.3,B-AU-GNN_tau0.01_seed42_allfolds
B-NL-GNN,base,nl,gnn,base,none,fixed,default,42|123|456,1|2|3|4,12,0,12,8,S4.6,none
B-NL-MLP,base,nl,mlp,base,none,fixed,default,42|123|456,1|2|3|4,12,0,12,8,S4.6,none
P-NL-N,production_prior,nl,gnn,priorN,N,lambda,0.05,42|123|456,1|2|3|4,12,0,12,8,S4.7,none
P-NL-P,production_prior,nl,gnn,priorP,P,lambda,0.05,42|123|456,1|2|3|4,12,0,12,8,S4.7,none
P-NL-NP,production_prior,nl,gnn,priorNP,NP,lambda,0.05,42|123|456,1|2|3|4,12,0,12,8,S4.7,none
F-NL-N,production_fusion,nl,gnn,fusionN,N,input_dimension,6,42|123|456,1|2|3|4,12,0,12,8,S4.7,none
F-NL-P,production_fusion,nl,gnn,fusionP,P,input_dimension,6,42|123|456,1|2|3|4,12,0,12,8,S4.7,none
F-NL-NP,production_fusion,nl,gnn,fusionNP,NP,input_dimension,7,42|123|456,1|2|3|4,12,0,12,8,S4.7,none
L-NL-N,lambda_sweep,nl,gnn,priorN,N,lambda,0.01|0.05|0.10|0.20|0.50,42,1,5,1,4,8,S4.7,P-NL-N_lambda0.05_seed42_fold1
L-NL-P,lambda_sweep,nl,gnn,priorP,P,lambda,0.01|0.05|0.10|0.20|0.50,42,1,5,1,4,8,S4.7,P-NL-P_lambda0.05_seed42_fold1
T-NL,tau_sweep,nl,gnn,base,none,tau,0.005|0.01|0.05|0.5|2.0,42,1|2|3|4,20,4,16,8,S4.7,B-NL-GNN_tau0.01_seed42_allfolds
B-NZ-GNN,base,nz,gnn,base,none,fixed,default,42|123|456,1|2|3|4,12,0,12,8,S4.6,none
B-NZ-MLP,base,nz,mlp,base,none,fixed,default,42|123|456,1|2|3|4,12,0,12,8,S4.6,none
P-NZ-N,production_prior,nz,gnn,priorN,N,lambda,0.05,42|123|456,1|2|3|4,12,0,12,8,S4.7,none
P-NZ-P,production_prior,nz,gnn,priorP,P,lambda,0.05,42|123|456,1|2|3|4,12,0,12,8,S4.7,none
P-NZ-NP,production_prior,nz,gnn,priorNP,NP,lambda,0.05,42|123|456,1|2|3|4,12,0,12,8,S4.7,none
F-NZ-N,production_fusion,nz,gnn,fusionN,N,input_dimension,6,42|123|456,1|2|3|4,12,0,12,8,S4.7,none
F-NZ-P,production_fusion,nz,gnn,fusionP,P,input_dimension,6,42|123|456,1|2|3|4,12,0,12,8,S4.7,none
F-NZ-NP,production_fusion,nz,gnn,fusionNP,NP,input_dimension,7,42|123|456,1|2|3|4,12,0,12,8,S4.7,none
L-NZ-N,lambda_sweep,nz,gnn,priorN,N,lambda,0.01|0.05|0.10|0.20|0.50,42,1,5,1,4,8,S4.7,P-NZ-N_lambda0.05_seed42_fold1
L-NZ-P,lambda_sweep,nz,gnn,priorP,P,lambda,0.01|0.05|0.10|0.20|0.50,42,1,5,1,4,8,S4.7,P-NZ-P_lambda0.05_seed42_fold1
T-NZ,tau_sweep,nz,gnn,base,none,tau,0.005|0.01|0.05|0.5|2.0,42,1|2|3|4,20,4,16,8,S4.7,B-NZ-GNN_tau0.01_seed42_allfolds
