task_group,stage,country,family,config,signal,parameter_name,parameter_values,seeds,folds,logical_coordinates,reuse_coordinates,new_train_coordinates,execution_policy,gres,cpus,time_limit,array_formula,max_concurrent,depends_on,output_pattern,reuse_source
B-UK-GNN,base,uk,gnn,base,none,fixed,default,42|123|456,1|2|3|4,12,0,12,USER_SELECTED_LOCAL_OR_HPC,gpu:2g.10gb:1,8,01:30:00,index=seed_index*4+fold_minus_1,3,S3.2,2_Generator/1_UK/2_Weighter/base/gnn/seed_{seed}/fold{fold},none
B-UK-MLP,base,uk,mlp,base,none,fixed,default,42|123|456,1|2|3|4,12,0,12,USER_SELECTED_LOCAL_OR_HPC,gpu:1g.5gb:1,8,00:45:00,index=seed_index*4+fold_minus_1,3,S3.2,2_Generator/1_UK/2_Weighter/base/mlp/seed_{seed}/fold{fold},none
B-AU-GNN,base,au,gnn,base,none,fixed,default,42|123|456,1|2|3|4,12,0,12,USER_SELECTED_LOCAL_OR_HPC,gpu:4g.20gb:1,8,01:30:00,index=seed_index*4+fold_minus_1,3,S3.2,2_Generator/2_AU/2_Weighter/base/gnn/seed_{seed}/fold{fold},none
B-AU-MLP,base,au,mlp,base,none,fixed,default,42|123|456,1|2|3|4,12,0,12,USER_SELECTED_LOCAL_OR_HPC,gpu:1g.5gb:1,8,00:45:00,index=seed_index*4+fold_minus_1,3,S3.2,2_Generator/2_AU/2_Weighter/base/mlp/seed_{seed}/fold{fold},none
P-UK-N,production_prior,uk,gnn,priorN,N,lambda,0.05,42|123|456,1|2|3|4,12,0,12,USER_SELECTED_LOCAL_OR_HPC,gpu:2g.10gb:1,8,02:30:00,index=seed_index*4+fold_minus_1,3,S3.3,2_Generator/1_UK/2_Weighter/priorN/seed_{seed}/fold{fold},none
P-UK-P,production_prior,uk,gnn,priorP,P,lambda,0.05,42|123|456,1|2|3|4,12,0,12,USER_SELECTED_LOCAL_OR_HPC,gpu:2g.10gb:1,8,02:30:00,index=seed_index*4+fold_minus_1,3,S3.3,2_Generator/1_UK/2_Weighter/priorP/seed_{seed}/fold{fold},none
P-UK-NP,production_prior,uk,gnn,priorNP,NP,lambda,0.05,42|123|456,1|2|3|4,12,0,12,USER_SELECTED_LOCAL_OR_HPC,gpu:2g.10gb:1,8,02:30:00,index=seed_index*4+fold_minus_1,3,S3.3,2_Generator/1_UK/2_Weighter/priorNP/seed_{seed}/fold{fold},none
P-AU-N,production_prior,au,gnn,priorN,N,lambda,0.05,42|123|456,1|2|3|4,12,0,12,USER_SELECTED_LOCAL_OR_HPC,gpu:4g.20gb:1,8,02:30:00,index=seed_index*4+fold_minus_1,3,S3.3,2_Generator/2_AU/2_Weighter/priorN/seed_{seed}/fold{fold},none
P-AU-P,production_prior,au,gnn,priorP,P,lambda,0.05,42|123|456,1|2|3|4,12,0,12,USER_SELECTED_LOCAL_OR_HPC,gpu:4g.20gb:1,8,02:30:00,index=seed_index*4+fold_minus_1,3,S3.3+S1.2,2_Generator/2_AU/2_Weighter/priorP/seed_{seed}/fold{fold},none
P-AU-NP,production_prior,au,gnn,priorNP,NP,lambda,0.05,42|123|456,1|2|3|4,12,0,12,USER_SELECTED_LOCAL_OR_HPC,gpu:4g.20gb:1,8,02:30:00,index=seed_index*4+fold_minus_1,3,S3.3+S1.2,2_Generator/2_AU/2_Weighter/priorNP/seed_{seed}/fold{fold},none
F-UK-N,production_fusion,uk,gnn,fusionN,N,input_dimension,6,42|123|456,1|2|3|4,12,0,12,USER_SELECTED_LOCAL_OR_HPC,gpu:2g.10gb:1,8,01:30:00,index=seed_index*4+fold_minus_1,3,S3.3,2_Generator/1_UK/2_Weighter/fusionN/seed_{seed}/fold{fold},none
F-UK-P,production_fusion,uk,gnn,fusionP,P,input_dimension,6,42|123|456,1|2|3|4,12,0,12,USER_SELECTED_LOCAL_OR_HPC,gpu:2g.10gb:1,8,01:30:00,index=seed_index*4+fold_minus_1,3,S3.3,2_Generator/1_UK/2_Weighter/fusionP/seed_{seed}/fold{fold},none
F-UK-NP,production_fusion,uk,gnn,fusionNP,NP,input_dimension,7,42|123|456,1|2|3|4,12,0,12,USER_SELECTED_LOCAL_OR_HPC,gpu:2g.10gb:1,8,01:30:00,index=seed_index*4+fold_minus_1,3,S3.3,2_Generator/1_UK/2_Weighter/fusionNP/seed_{seed}/fold{fold},none
F-AU-N,production_fusion,au,gnn,fusionN,N,input_dimension,6,42|123|456,1|2|3|4,12,0,12,USER_SELECTED_LOCAL_OR_HPC,gpu:4g.20gb:1,8,01:30:00,index=seed_index*4+fold_minus_1,3,S3.3,2_Generator/2_AU/2_Weighter/fusionN/seed_{seed}/fold{fold},none
F-AU-P,production_fusion,au,gnn,fusionP,P,input_dimension,6,42|123|456,1|2|3|4,12,0,12,USER_SELECTED_LOCAL_OR_HPC,gpu:4g.20gb:1,8,01:30:00,index=seed_index*4+fold_minus_1,3,S3.3+S1.2,2_Generator/2_AU/2_Weighter/fusionP/seed_{seed}/fold{fold},none
F-AU-NP,production_fusion,au,gnn,fusionNP,NP,input_dimension,7,42|123|456,1|2|3|4,12,0,12,USER_SELECTED_LOCAL_OR_HPC,gpu:4g.20gb:1,8,01:30:00,index=seed_index*4+fold_minus_1,3,S3.3+S1.2,2_Generator/2_AU/2_Weighter/fusionNP/seed_{seed}/fold{fold},none
L-UK-N,lambda_sweep,uk,gnn,priorN,N,lambda,0.01|0.05|0.10|0.20|0.50,42,1,5,1,4,USER_SELECTED_LOCAL_OR_HPC,gpu:2g.10gb:1,8,02:30:00,index=new_lambda_index,3,S3.4,2_Generator/1_UK/2_Weighter/sweeps/lambda/priorN/lambda_{value}/seed_42/fold1,P-UK-N_lambda0.05_seed42_fold1
L-UK-P,lambda_sweep,uk,gnn,priorP,P,lambda,0.01|0.05|0.10|0.20|0.50,42,1,5,1,4,USER_SELECTED_LOCAL_OR_HPC,gpu:2g.10gb:1,8,02:30:00,index=new_lambda_index,3,S3.4,2_Generator/1_UK/2_Weighter/sweeps/lambda/priorP/lambda_{value}/seed_42/fold1,P-UK-P_lambda0.05_seed42_fold1
L-AU-N,lambda_sweep,au,gnn,priorN,N,lambda,0.01|0.05|0.10|0.20|0.50,42,1,5,1,4,USER_SELECTED_LOCAL_OR_HPC,gpu:4g.20gb:1,8,02:30:00,index=new_lambda_index,3,S3.4,2_Generator/2_AU/2_Weighter/sweeps/lambda/priorN/lambda_{value}/seed_42/fold1,P-AU-N_lambda0.05_seed42_fold1
L-AU-P,lambda_sweep,au,gnn,priorP,P,lambda,0.01|0.05|0.10|0.20|0.50,42,1,5,1,4,USER_SELECTED_LOCAL_OR_HPC,gpu:4g.20gb:1,8,02:30:00,index=new_lambda_index,3,S3.4+S1.2,2_Generator/2_AU/2_Weighter/sweeps/lambda/priorP/lambda_{value}/seed_42/fold1,P-AU-P_lambda0.05_seed42_fold1
T-UK,tau_sweep,uk,gnn,base,none,tau,0.005|0.01|0.05|0.5|2.0,42,1|2|3|4,20,4,16,USER_SELECTED_LOCAL_OR_HPC,gpu:2g.10gb:1,8,01:30:00,index=new_tau_index*4+fold_minus_1,3,S3.3,2_Generator/1_UK/2_Weighter/sweeps/tau/tau_{value}/seed_42/fold{fold},B-UK-GNN_tau0.01_seed42_allfolds
T-AU,tau_sweep,au,gnn,base,none,tau,0.005|0.01|0.05|0.5|2.0,42,1|2|3|4,20,4,16,USER_SELECTED_LOCAL_OR_HPC,gpu:4g.20gb:1,8,01:30:00,index=new_tau_index*4+fold_minus_1,3,S3.3,2_Generator/2_AU/2_Weighter/sweeps/tau/tau_{value}/seed_42/fold{fold},B-AU-GNN_tau0.01_seed42_allfolds
B-NL-GNN,base,nl,gnn,base,none,fixed,default,42|123|456,1|2|3|4,12,0,12,USER_SELECTED_LOCAL_OR_HPC,gpu:2g.10gb:1,8,01:30:00,index=seed_index*4+fold_minus_1,3,S4.6,2_Generator/4_NL/2_Weighter/base/gnn/seed_{seed}/fold{fold},none
B-NL-MLP,base,nl,mlp,base,none,fixed,default,42|123|456,1|2|3|4,12,0,12,USER_SELECTED_LOCAL_OR_HPC,gpu:1g.5gb:1,8,00:45:00,index=seed_index*4+fold_minus_1,3,S4.6,2_Generator/4_NL/2_Weighter/base/mlp/seed_{seed}/fold{fold},none
P-NL-N,production_prior,nl,gnn,priorN,N,lambda,0.05,42|123|456,1|2|3|4,12,0,12,USER_SELECTED_LOCAL_OR_HPC,gpu:2g.10gb:1,8,02:30:00,index=seed_index*4+fold_minus_1,3,S4.7,2_Generator/4_NL/2_Weighter/priorN/seed_{seed}/fold{fold},none
P-NL-P,production_prior,nl,gnn,priorP,P,lambda,0.05,42|123|456,1|2|3|4,12,0,12,USER_SELECTED_LOCAL_OR_HPC,gpu:2g.10gb:1,8,02:30:00,index=seed_index*4+fold_minus_1,3,S4.7,2_Generator/4_NL/2_Weighter/priorP/seed_{seed}/fold{fold},none
P-NL-NP,production_prior,nl,gnn,priorNP,NP,lambda,0.05,42|123|456,1|2|3|4,12,0,12,USER_SELECTED_LOCAL_OR_HPC,gpu:2g.10gb:1,8,02:30:00,index=seed_index*4+fold_minus_1,3,S4.7,2_Generator/4_NL/2_Weighter/priorNP/seed_{seed}/fold{fold},none
F-NL-N,production_fusion,nl,gnn,fusionN,N,input_dimension,6,42|123|456,1|2|3|4,12,0,12,USER_SELECTED_LOCAL_OR_HPC,gpu:2g.10gb:1,8,01:30:00,index=seed_index*4+fold_minus_1,3,S4.7,2_Generator/4_NL/2_Weighter/fusionN/seed_{seed}/fold{fold},none
F-NL-P,production_fusion,nl,gnn,fusionP,P,input_dimension,6,42|123|456,1|2|3|4,12,0,12,USER_SELECTED_LOCAL_OR_HPC,gpu:2g.10gb:1,8,01:30:00,index=seed_index*4+fold_minus_1,3,S4.7,2_Generator/4_NL/2_Weighter/fusionP/seed_{seed}/fold{fold},none
F-NL-NP,production_fusion,nl,gnn,fusionNP,NP,input_dimension,7,42|123|456,1|2|3|4,12,0,12,USER_SELECTED_LOCAL_OR_HPC,gpu:2g.10gb:1,8,01:30:00,index=seed_index*4+fold_minus_1,3,S4.7,2_Generator/4_NL/2_Weighter/fusionNP/seed_{seed}/fold{fold},none
L-NL-N,lambda_sweep,nl,gnn,priorN,N,lambda,0.01|0.05|0.10|0.20|0.50,42,1,5,1,4,USER_SELECTED_LOCAL_OR_HPC,gpu:2g.10gb:1,8,02:30:00,index=new_lambda_index,3,S4.7,2_Generator/4_NL/2_Weighter/sweeps/lambda/priorN/lambda_{value}/seed_42/fold1,P-NL-N_lambda0.05_seed42_fold1
L-NL-P,lambda_sweep,nl,gnn,priorP,P,lambda,0.01|0.05|0.10|0.20|0.50,42,1,5,1,4,USER_SELECTED_LOCAL_OR_HPC,gpu:2g.10gb:1,8,02:30:00,index=new_lambda_index,3,S4.7,2_Generator/4_NL/2_Weighter/sweeps/lambda/priorP/lambda_{value}/seed_42/fold1,P-NL-P_lambda0.05_seed42_fold1
T-NL,tau_sweep,nl,gnn,base,none,tau,0.005|0.01|0.05|0.5|2.0,42,1|2|3|4,20,4,16,USER_SELECTED_LOCAL_OR_HPC,gpu:2g.10gb:1,8,01:30:00,index=new_tau_index*4+fold_minus_1,3,S4.7,2_Generator/4_NL/2_Weighter/sweeps/tau/tau_{value}/seed_42/fold{fold},B-NL-GNN_tau0.01_seed42_allfolds
B-NZ-GNN,base,nz,gnn,base,none,fixed,default,42|123|456,1|2|3|4,12,0,12,USER_SELECTED_LOCAL_OR_HPC,gpu:2g.10gb:1,8,01:30:00,index=seed_index*4+fold_minus_1,3,S4.6,2_Generator/5_NZ/2_Weighter/base/gnn/seed_{seed}/fold{fold},none
B-NZ-MLP,base,nz,mlp,base,none,fixed,default,42|123|456,1|2|3|4,12,0,12,USER_SELECTED_LOCAL_OR_HPC,gpu:1g.5gb:1,8,00:45:00,index=seed_index*4+fold_minus_1,3,S4.6,2_Generator/5_NZ/2_Weighter/base/mlp/seed_{seed}/fold{fold},none
P-NZ-N,production_prior,nz,gnn,priorN,N,lambda,0.05,42|123|456,1|2|3|4,12,0,12,USER_SELECTED_LOCAL_OR_HPC,gpu:2g.10gb:1,8,02:30:00,index=seed_index*4+fold_minus_1,3,S4.7,2_Generator/5_NZ/2_Weighter/priorN/seed_{seed}/fold{fold},none
P-NZ-P,production_prior,nz,gnn,priorP,P,lambda,0.05,42|123|456,1|2|3|4,12,0,12,USER_SELECTED_LOCAL_OR_HPC,gpu:2g.10gb:1,8,02:30:00,index=seed_index*4+fold_minus_1,3,S4.7,2_Generator/5_NZ/2_Weighter/priorP/seed_{seed}/fold{fold},none
P-NZ-NP,production_prior,nz,gnn,priorNP,NP,lambda,0.05,42|123|456,1|2|3|4,12,0,12,USER_SELECTED_LOCAL_OR_HPC,gpu:2g.10gb:1,8,02:30:00,index=seed_index*4+fold_minus_1,3,S4.7,2_Generator/5_NZ/2_Weighter/priorNP/seed_{seed}/fold{fold},none
F-NZ-N,production_fusion,nz,gnn,fusionN,N,input_dimension,6,42|123|456,1|2|3|4,12,0,12,USER_SELECTED_LOCAL_OR_HPC,gpu:2g.10gb:1,8,01:30:00,index=seed_index*4+fold_minus_1,3,S4.7,2_Generator/5_NZ/2_Weighter/fusionN/seed_{seed}/fold{fold},none
F-NZ-P,production_fusion,nz,gnn,fusionP,P,input_dimension,6,42|123|456,1|2|3|4,12,0,12,USER_SELECTED_LOCAL_OR_HPC,gpu:2g.10gb:1,8,01:30:00,index=seed_index*4+fold_minus_1,3,S4.7,2_Generator/5_NZ/2_Weighter/fusionP/seed_{seed}/fold{fold},none
F-NZ-NP,production_fusion,nz,gnn,fusionNP,NP,input_dimension,7,42|123|456,1|2|3|4,12,0,12,USER_SELECTED_LOCAL_OR_HPC,gpu:2g.10gb:1,8,01:30:00,index=seed_index*4+fold_minus_1,3,S4.7,2_Generator/5_NZ/2_Weighter/fusionNP/seed_{seed}/fold{fold},none
L-NZ-N,lambda_sweep,nz,gnn,priorN,N,lambda,0.01|0.05|0.10|0.20|0.50,42,1,5,1,4,USER_SELECTED_LOCAL_OR_HPC,gpu:2g.10gb:1,8,02:30:00,index=new_lambda_index,3,S4.7,2_Generator/5_NZ/2_Weighter/sweeps/lambda/priorN/lambda_{value}/seed_42/fold1,P-NZ-N_lambda0.05_seed42_fold1
L-NZ-P,lambda_sweep,nz,gnn,priorP,P,lambda,0.01|0.05|0.10|0.20|0.50,42,1,5,1,4,USER_SELECTED_LOCAL_OR_HPC,gpu:2g.10gb:1,8,02:30:00,index=new_lambda_index,3,S4.7,2_Generator/5_NZ/2_Weighter/sweeps/lambda/priorP/lambda_{value}/seed_42/fold1,P-NZ-P_lambda0.05_seed42_fold1
T-NZ,tau_sweep,nz,gnn,base,none,tau,0.005|0.01|0.05|0.5|2.0,42,1|2|3|4,20,4,16,USER_SELECTED_LOCAL_OR_HPC,gpu:2g.10gb:1,8,01:30:00,index=new_tau_index*4+fold_minus_1,3,S4.7,2_Generator/5_NZ/2_Weighter/sweeps/tau/tau_{value}/seed_42/fold{fold},B-NZ-GNN_tau0.01_seed42_allfolds

