country,region,module,metric,matching,method,value,n_seeds,unit
au,Central_Coast,reconstruction,mae,,GNN,27.021290256037265,3,MW
au,Central_Coast,reconstruction,mae,,LU,21.273912572655647,1,MW
au,Central_Coast,reconstruction,mae,,Uni,24.093600666218894,1,MW
au,Central_Coast,reconstruction,rmse,,GNN,44.658610802571367,3,MW
au,Central_Coast,reconstruction,rmse,,LU,34.539458565803976,1,MW
au,Central_Coast,reconstruction,rmse,,Uni,38.513162028496886,1,MW
au,Central_Coast,siting,WSD,,GNN,4.312276795429244,3,km
au,Central_Coast,siting,WSD,,LU,3.7395962135671992,1,km
au,Central_Coast,siting,WSD,,Uni,3.9054220407220654,1,km
au,Central_Coast,sizing,RSD_mean,many_to_one,GNN,126.17615242939742,3,percent
au,Central_Coast,sizing,RSD_mean,many_to_one,LU,58.652097160777373,1,percent
au,Central_Coast,sizing,RSD_mean,many_to_one,Uni,46.84406856185629,1,percent
au,Central_Coast,sizing,RSD_mean,one_to_one,GNN,56.708981467017871,3,percent
au,Central_Coast,sizing,RSD_mean,one_to_one,LU,39.144399136134581,1,percent
au,Central_Coast,sizing,RSD_mean,one_to_one,Uni,40.410650047835105,1,percent
au,Central_Coast,sizing,RSD_median,many_to_one,GNN,79.515608470784287,3,percent
au,Central_Coast,sizing,RSD_median,many_to_one,LU,28.929790625592439,1,percent
au,Central_Coast,sizing,RSD_median,many_to_one,Uni,33.817432996335562,1,percent
au,Central_Coast,sizing,RSD_median,one_to_one,GNN,42.696722813809181,3,percent
au,Central_Coast,sizing,RSD_median,one_to_one,LU,23.124804585660684,1,percent
au,Central_Coast,sizing,RSD_median,one_to_one,Uni,36.630231876731742,1,percent
au,Hunter_Valley_exc_Newcastle,reconstruction,mae,,GNN,12.024371346107143,3,MW
au,Hunter_Valley_exc_Newcastle,reconstruction,mae,,LU,9.6826695402347607,1,MW
au,Hunter_Valley_exc_Newcastle,reconstruction,mae,,Uni,10.057540569436837,1,MW
au,Hunter_Valley_exc_Newcastle,reconstruction,rmse,,GNN,16.56804081223558,3,MW
au,Hunter_Valley_exc_Newcastle,reconstruction,rmse,,LU,12.899826556077166,1,MW
au,Hunter_Valley_exc_Newcastle,reconstruction,rmse,,Uni,12.506012399833903,1,MW
au,Hunter_Valley_exc_Newcastle,siting,WSD,,GNN,6.8209153536714382,3,km
au,Hunter_Valley_exc_Newcastle,siting,WSD,,LU,6.2427062406663625,1,km
au,Hunter_Valley_exc_Newcastle,siting,WSD,,Uni,6.4442117276933883,1,km
au,Hunter_Valley_exc_Newcastle,sizing,RSD_mean,many_to_one,GNN,128.58035807367074,3,percent
au,Hunter_Valley_exc_Newcastle,sizing,RSD_mean,many_to_one,LU,122.7880302054031,1,percent
au,Hunter_Valley_exc_Newcastle,sizing,RSD_mean,many_to_one,Uni,93.308993158909871,1,percent
au,Hunter_Valley_exc_Newcastle,sizing,RSD_mean,one_to_one,GNN,102.20598780105881,3,percent
au,Hunter_Valley_exc_Newcastle,sizing,RSD_mean,one_to_one,LU,88.862065588117275,1,percent
au,Hunter_Valley_exc_Newcastle,sizing,RSD_mean,one_to_one,Uni,63.112557132944637,1,percent
au,Hunter_Valley_exc_Newcastle,sizing,RSD_median,many_to_one,GNN,49.480227502000638,3,percent
au,Hunter_Valley_exc_Newcastle,sizing,RSD_median,many_to_one,LU,46.747611851579897,1,percent
au,Hunter_Valley_exc_Newcastle,sizing,RSD_median,many_to_one,Uni,39.71640001687922,1,percent
au,Hunter_Valley_exc_Newcastle,sizing,RSD_median,one_to_one,GNN,39.719287211022738,3,percent
au,Hunter_Valley_exc_Newcastle,sizing,RSD_median,one_to_one,LU,43.187051125512077,1,percent
au,Hunter_Valley_exc_Newcastle,sizing,RSD_median,one_to_one,Uni,38.48462848200748,1,percent
au,Newcastle_and_Lake_Macquarie,reconstruction,mae,,GNN,20.452912691760702,3,MW
au,Newcastle_and_Lake_Macquarie,reconstruction,mae,,LU,9.4754410699586735,1,MW
au,Newcastle_and_Lake_Macquarie,reconstruction,mae,,Uni,9.3900509080469323,1,MW
au,Newcastle_and_Lake_Macquarie,reconstruction,rmse,,GNN,39.239267710239346,3,MW
au,Newcastle_and_Lake_Macquarie,reconstruction,rmse,,LU,12.225429290782795,1,MW
au,Newcastle_and_Lake_Macquarie,reconstruction,rmse,,Uni,12.078284471021322,1,MW
au,Newcastle_and_Lake_Macquarie,siting,WSD,,GNN,2.628182967705087,3,km
au,Newcastle_and_Lake_Macquarie,siting,WSD,,LU,2.2879588610951735,1,km
au,Newcastle_and_Lake_Macquarie,siting,WSD,,Uni,2.2580800282438163,1,km
au,Newcastle_and_Lake_Macquarie,sizing,RSD_mean,many_to_one,GNN,75.451347035897513,3,percent
au,Newcastle_and_Lake_Macquarie,sizing,RSD_mean,many_to_one,LU,40.328967810231319,1,percent
au,Newcastle_and_Lake_Macquarie,sizing,RSD_mean,many_to_one,Uni,41.434202964663207,1,percent
au,Newcastle_and_Lake_Macquarie,sizing,RSD_mean,one_to_one,GNN,49.434218334216403,3,percent
au,Newcastle_and_Lake_Macquarie,sizing,RSD_mean,one_to_one,LU,40.120622994606791,1,percent
au,Newcastle_and_Lake_Macquarie,sizing,RSD_mean,one_to_one,Uni,46.244117225977988,1,percent
au,Newcastle_and_Lake_Macquarie,sizing,RSD_median,many_to_one,GNN,49.813666509634878,3,percent
au,Newcastle_and_Lake_Macquarie,sizing,RSD_median,many_to_one,LU,36.881478555002751,1,percent
au,Newcastle_and_Lake_Macquarie,sizing,RSD_median,many_to_one,Uni,40.220463139012089,1,percent
au,Newcastle_and_Lake_Macquarie,sizing,RSD_median,one_to_one,GNN,48.641436689343813,3,percent
au,Newcastle_and_Lake_Macquarie,sizing,RSD_median,one_to_one,LU,37.553650068028048,1,percent
au,Newcastle_and_Lake_Macquarie,sizing,RSD_median,one_to_one,Uni,45.346222563245476,1,percent
au,Sydney_City_and_Inner_South,reconstruction,mae,,GNN,29.623227322402865,3,MW
au,Sydney_City_and_Inner_South,reconstruction,mae,,LU,32.501540005808799,1,MW
au,Sydney_City_and_Inner_South,reconstruction,mae,,Uni,33.581482296083273,1,MW
au,Sydney_City_and_Inner_South,reconstruction,rmse,,GNN,35.239634047180054,3,MW
au,Sydney_City_and_Inner_South,reconstruction,rmse,,LU,42.26508039809373,1,MW
au,Sydney_City_and_Inner_South,reconstruction,rmse,,Uni,42.984227015476897,1,MW
au,Sydney_City_and_Inner_South,siting,WSD,,GNN,0.68159144766656554,3,km
au,Sydney_City_and_Inner_South,siting,WSD,,LU,0.67919322788946934,1,km
au,Sydney_City_and_Inner_South,siting,WSD,,Uni,0.67938685297701085,1,km
au,Sydney_City_and_Inner_South,sizing,RSD_mean,many_to_one,GNN,60.743322231705697,3,percent
au,Sydney_City_and_Inner_South,sizing,RSD_mean,many_to_one,LU,55.738672086579683,1,percent
au,Sydney_City_and_Inner_South,sizing,RSD_mean,many_to_one,Uni,53.50678854665238,1,percent
au,Sydney_City_and_Inner_South,sizing,RSD_mean,one_to_one,GNN,55.725120699058515,3,percent
au,Sydney_City_and_Inner_South,sizing,RSD_mean,one_to_one,LU,57.41438183966028,1,percent
au,Sydney_City_and_Inner_South,sizing,RSD_mean,one_to_one,Uni,54.978782632922496,1,percent
au,Sydney_City_and_Inner_South,sizing,RSD_median,many_to_one,GNN,40.446917813551977,3,percent
au,Sydney_City_and_Inner_South,sizing,RSD_median,many_to_one,LU,34.2228347119975,1,percent
au,Sydney_City_and_Inner_South,sizing,RSD_median,many_to_one,Uni,29.535673512323395,1,percent
au,Sydney_City_and_Inner_South,sizing,RSD_median,one_to_one,GNN,30.822062834303154,3,percent
au,Sydney_City_and_Inner_South,sizing,RSD_median,one_to_one,LU,48.251297955051967,1,percent
au,Sydney_City_and_Inner_South,sizing,RSD_median,one_to_one,Uni,47.439269917459697,1,percent
au,Sydney_Eastern_Suburbs,reconstruction,mae,,GNN,28.720739351456601,3,MW
au,Sydney_Eastern_Suburbs,reconstruction,mae,,LU,13.314688272128954,1,MW
au,Sydney_Eastern_Suburbs,reconstruction,mae,,Uni,13.08299184920166,1,MW
au,Sydney_Eastern_Suburbs,reconstruction,rmse,,GNN,33.939858667460285,3,MW
au,Sydney_Eastern_Suburbs,reconstruction,rmse,,LU,14.76833649635517,1,MW
au,Sydney_Eastern_Suburbs,reconstruction,rmse,,Uni,14.872569053654852,1,MW
au,Sydney_Eastern_Suburbs,siting,WSD,,GNN,1.2838916180553819,3,km
au,Sydney_Eastern_Suburbs,siting,WSD,,LU,1.0816654963192254,1,km
au,Sydney_Eastern_Suburbs,siting,WSD,,Uni,1.1055153329089831,1,km
au,Sydney_Eastern_Suburbs,sizing,RSD_mean,many_to_one,GNN,40.316558926261052,3,percent
au,Sydney_Eastern_Suburbs,sizing,RSD_mean,many_to_one,LU,26.714531572082674,1,percent
au,Sydney_Eastern_Suburbs,sizing,RSD_mean,many_to_one,Uni,21.034887830205385,1,percent
au,Sydney_Eastern_Suburbs,sizing,RSD_mean,one_to_one,GNN,36.745977119032567,3,percent
au,Sydney_Eastern_Suburbs,sizing,RSD_mean,one_to_one,LU,25.935826147771266,1,percent
au,Sydney_Eastern_Suburbs,sizing,RSD_mean,one_to_one,Uni,29.711225922238373,1,percent
au,Sydney_Eastern_Suburbs,sizing,RSD_median,many_to_one,GNN,31.833496287044429,3,percent
au,Sydney_Eastern_Suburbs,sizing,RSD_median,many_to_one,LU,27.129727815833867,1,percent
au,Sydney_Eastern_Suburbs,sizing,RSD_median,many_to_one,Uni,17.047083156840831,1,percent
au,Sydney_Eastern_Suburbs,sizing,RSD_median,one_to_one,GNN,31.579310948028876,3,percent
au,Sydney_Eastern_Suburbs,sizing,RSD_median,one_to_one,LU,24.086995993992137,1,percent
au,Sydney_Eastern_Suburbs,sizing,RSD_median,one_to_one,Uni,20.42473941168852,1,percent
au,Sydney_Inner_South_West,reconstruction,mae,,GNN,21.409856333545964,3,MW
au,Sydney_Inner_South_West,reconstruction,mae,,LU,13.770358273927929,1,MW
au,Sydney_Inner_South_West,reconstruction,mae,,Uni,13.758535911208437,1,MW
au,Sydney_Inner_South_West,reconstruction,rmse,,GNN,28.706212373296399,3,MW
au,Sydney_Inner_South_West,reconstruction,rmse,,LU,18.097024279173503,1,MW
au,Sydney_Inner_South_West,reconstruction,rmse,,Uni,18.001263750473921,1,MW
au,Sydney_Inner_South_West,siting,WSD,,GNN,1.4721249331388895,3,km
au,Sydney_Inner_South_West,siting,WSD,,LU,1.279973504524262,1,km
au,Sydney_Inner_South_West,siting,WSD,,Uni,1.3021751157290427,1,km
au,Sydney_Inner_South_West,sizing,RSD_mean,many_to_one,GNN,47.668615492318601,3,percent
au,Sydney_Inner_South_West,sizing,RSD_mean,many_to_one,LU,38.54253949501161,1,percent
au,Sydney_Inner_South_West,sizing,RSD_mean,many_to_one,Uni,43.523043654134234,1,percent
au,Sydney_Inner_South_West,sizing,RSD_mean,one_to_one,GNN,55.016594227582203,3,percent
au,Sydney_Inner_South_West,sizing,RSD_mean,one_to_one,LU,37.612859404857986,1,percent
au,Sydney_Inner_South_West,sizing,RSD_mean,one_to_one,Uni,38.480408004127504,1,percent
au,Sydney_Inner_South_West,sizing,RSD_median,many_to_one,GNN,36.062810738153402,3,percent
au,Sydney_Inner_South_West,sizing,RSD_median,many_to_one,LU,30.38409792139138,1,percent
au,Sydney_Inner_South_West,sizing,RSD_median,many_to_one,Uni,37.590499248528133,1,percent
au,Sydney_Inner_South_West,sizing,RSD_median,one_to_one,GNN,31.592304977049025,3,percent
au,Sydney_Inner_South_West,sizing,RSD_median,one_to_one,LU,30.026729157509948,1,percent
au,Sydney_Inner_South_West,sizing,RSD_median,one_to_one,Uni,28.248278606438188,1,percent
au,Sydney_Inner_West,reconstruction,mae,,GNN,15.950489506303851,3,MW
au,Sydney_Inner_West,reconstruction,mae,,LU,9.0799441135742889,1,MW
au,Sydney_Inner_West,reconstruction,mae,,Uni,9.1298849021624608,1,MW
au,Sydney_Inner_West,reconstruction,rmse,,GNN,21.696501522787646,3,MW
au,Sydney_Inner_West,reconstruction,rmse,,LU,11.15822550760813,1,MW
au,Sydney_Inner_West,reconstruction,rmse,,Uni,11.307633007186478,1,MW
au,Sydney_Inner_West,siting,WSD,,GNN,1.469728216993478,3,km
au,Sydney_Inner_West,siting,WSD,,LU,1.2803357295734694,1,km
au,Sydney_Inner_West,siting,WSD,,Uni,1.2753040349405855,1,km
au,Sydney_Inner_West,sizing,RSD_mean,many_to_one,GNN,34.881701995490808,3,percent
au,Sydney_Inner_West,sizing,RSD_mean,many_to_one,LU,11.997061774339652,1,percent
au,Sydney_Inner_West,sizing,RSD_mean,many_to_one,Uni,7.8574152072320098,1,percent
au,Sydney_Inner_West,sizing,RSD_mean,one_to_one,GNN,36.102727358161957,3,percent
au,Sydney_Inner_West,sizing,RSD_mean,one_to_one,LU,11.997061774339652,1,percent
au,Sydney_Inner_West,sizing,RSD_mean,one_to_one,Uni,16.91070908993813,1,percent
au,Sydney_Inner_West,sizing,RSD_median,many_to_one,GNN,22.388393335493799,3,percent
au,Sydney_Inner_West,sizing,RSD_median,many_to_one,LU,9.8507588129916055,1,percent
au,Sydney_Inner_West,sizing,RSD_median,many_to_one,Uni,5.0973665294542085,1,percent
au,Sydney_Inner_West,sizing,RSD_median,one_to_one,GNN,21.119237378531942,3,percent
au,Sydney_Inner_West,sizing,RSD_median,one_to_one,LU,9.8507588129916055,1,percent
au,Sydney_Inner_West,sizing,RSD_median,one_to_one,Uni,5.7199707857929116,1,percent
au,Sydney_North_Sydney_and_Hornsby,reconstruction,mae,,GNN,15.686302454815291,3,MW
au,Sydney_North_Sydney_and_Hornsby,reconstruction,mae,,LU,9.0034700711283655,1,MW
au,Sydney_North_Sydney_and_Hornsby,reconstruction,mae,,Uni,9.1421036710717303,1,MW
au,Sydney_North_Sydney_and_Hornsby,reconstruction,rmse,,GNN,19.242151677242344,3,MW
au,Sydney_North_Sydney_and_Hornsby,reconstruction,rmse,,LU,12.07940805574794,1,MW
au,Sydney_North_Sydney_and_Hornsby,reconstruction,rmse,,Uni,12.035640171908955,1,MW
au,Sydney_North_Sydney_and_Hornsby,siting,WSD,,GNN,1.7355068007234664,3,km
au,Sydney_North_Sydney_and_Hornsby,siting,WSD,,LU,1.6036826635481052,1,km
au,Sydney_North_Sydney_and_Hornsby,siting,WSD,,Uni,1.6023431892227449,1,km
au,Sydney_North_Sydney_and_Hornsby,sizing,RSD_mean,many_to_one,GNN,60.876641599168124,3,percent
au,Sydney_North_Sydney_and_Hornsby,sizing,RSD_mean,many_to_one,LU,32.012547163262582,1,percent
au,Sydney_North_Sydney_and_Hornsby,sizing,RSD_mean,many_to_one,Uni,22.356866542142743,1,percent
au,Sydney_North_Sydney_and_Hornsby,sizing,RSD_mean,one_to_one,GNN,63.539919046198328,3,percent
au,Sydney_North_Sydney_and_Hornsby,sizing,RSD_mean,one_to_one,LU,51.005861113817808,1,percent
au,Sydney_North_Sydney_and_Hornsby,sizing,RSD_mean,one_to_one,Uni,54.511464789508075,1,percent
au,Sydney_North_Sydney_and_Hornsby,sizing,RSD_median,many_to_one,GNN,30.779251298993273,3,percent
au,Sydney_North_Sydney_and_Hornsby,sizing,RSD_median,many_to_one,LU,28.45368534665969,1,percent
au,Sydney_North_Sydney_and_Hornsby,sizing,RSD_median,many_to_one,Uni,25.727698721584524,1,percent
au,Sydney_North_Sydney_and_Hornsby,sizing,RSD_median,one_to_one,GNN,32.260713326936347,3,percent
au,Sydney_North_Sydney_and_Hornsby,sizing,RSD_median,one_to_one,LU,24.931959020766307,1,percent
au,Sydney_North_Sydney_and_Hornsby,sizing,RSD_median,one_to_one,Uni,28.363902899686604,1,percent
au,Sydney_Northern_Beaches,reconstruction,mae,,GNN,16.073789767230778,3,MW
au,Sydney_Northern_Beaches,reconstruction,mae,,LU,7.3611094682885083,1,MW
au,Sydney_Northern_Beaches,reconstruction,mae,,Uni,7.800635361234904,1,MW
au,Sydney_Northern_Beaches,reconstruction,rmse,,GNN,25.228470437347323,3,MW
au,Sydney_Northern_Beaches,reconstruction,rmse,,LU,8.8247350397025333,1,MW
au,Sydney_Northern_Beaches,reconstruction,rmse,,Uni,9.3256070854121784,1,MW
au,Sydney_Northern_Beaches,siting,WSD,,GNN,2.2102086756730972,3,km
au,Sydney_Northern_Beaches,siting,WSD,,LU,1.9047603200998604,1,km
au,Sydney_Northern_Beaches,siting,WSD,,Uni,1.9116395349175197,1,km
au,Sydney_Northern_Beaches,sizing,RSD_mean,many_to_one,GNN,53.949398147314888,3,percent
au,Sydney_Northern_Beaches,sizing,RSD_mean,many_to_one,LU,25.873142562303393,1,percent
au,Sydney_Northern_Beaches,sizing,RSD_mean,many_to_one,Uni,24.251133615209778,1,percent
au,Sydney_Northern_Beaches,sizing,RSD_mean,one_to_one,GNN,43.293904012674311,3,percent
au,Sydney_Northern_Beaches,sizing,RSD_mean,one_to_one,LU,29.407001149934956,1,percent
au,Sydney_Northern_Beaches,sizing,RSD_mean,one_to_one,Uni,28.564050947912783,1,percent
au,Sydney_Northern_Beaches,sizing,RSD_median,many_to_one,GNN,35.253832164936888,3,percent
au,Sydney_Northern_Beaches,sizing,RSD_median,many_to_one,LU,24.934173918565314,1,percent
au,Sydney_Northern_Beaches,sizing,RSD_median,many_to_one,Uni,19.596030657998377,1,percent
au,Sydney_Northern_Beaches,sizing,RSD_median,one_to_one,GNN,27.821596852496544,3,percent
au,Sydney_Northern_Beaches,sizing,RSD_median,one_to_one,LU,25.775678487312199,1,percent
au,Sydney_Northern_Beaches,sizing,RSD_median,one_to_one,Uni,23.230466620141996,1,percent
au,Sydney_Parramatta,reconstruction,mae,,GNN,18.793457310336958,3,MW
au,Sydney_Parramatta,reconstruction,mae,,LU,23.863203298857457,1,MW
au,Sydney_Parramatta,reconstruction,mae,,Uni,20.693935472320049,1,MW
au,Sydney_Parramatta,reconstruction,rmse,,GNN,20.923621790939279,3,MW
au,Sydney_Parramatta,reconstruction,rmse,,LU,29.097295742703281,1,MW
au,Sydney_Parramatta,reconstruction,rmse,,Uni,25.156910793736383,1,MW
au,Sydney_Parramatta,siting,WSD,,GNN,1.5457415823787783,3,km
au,Sydney_Parramatta,siting,WSD,,LU,1.5221417674180699,1,km
au,Sydney_Parramatta,siting,WSD,,Uni,1.4481298642676361,1,km
au,Sydney_Parramatta,sizing,RSD_mean,many_to_one,GNN,36.654935619021053,3,percent
au,Sydney_Parramatta,sizing,RSD_mean,many_to_one,LU,48.132082247206839,1,percent
au,Sydney_Parramatta,sizing,RSD_mean,many_to_one,Uni,47.07477492854904,1,percent
au,Sydney_Parramatta,sizing,RSD_mean,one_to_one,GNN,33.352909131261619,3,percent
au,Sydney_Parramatta,sizing,RSD_mean,one_to_one,LU,37.227368218626829,1,percent
au,Sydney_Parramatta,sizing,RSD_mean,one_to_one,Uni,34.034870439052931,1,percent
au,Sydney_Parramatta,sizing,RSD_median,many_to_one,GNN,36.130696020311404,3,percent
au,Sydney_Parramatta,sizing,RSD_median,many_to_one,LU,39.867927033354526,1,percent
au,Sydney_Parramatta,sizing,RSD_median,many_to_one,Uni,37.008003444677428,1,percent
au,Sydney_Parramatta,sizing,RSD_median,one_to_one,GNN,27.137241203524088,3,percent
au,Sydney_Parramatta,sizing,RSD_median,one_to_one,LU,30.737410991385623,1,percent
au,Sydney_Parramatta,sizing,RSD_median,one_to_one,Uni,24.88826551171222,1,percent
au,Sydney_Ryde,reconstruction,mae,,GNN,33.35582701176866,3,MW
au,Sydney_Ryde,reconstruction,mae,,LU,13.471217721763166,1,MW
au,Sydney_Ryde,reconstruction,mae,,Uni,13.724478163370071,1,MW
au,Sydney_Ryde,reconstruction,rmse,,GNN,45.545152278628187,3,MW
au,Sydney_Ryde,reconstruction,rmse,,LU,18.166202135289051,1,MW
au,Sydney_Ryde,reconstruction,rmse,,Uni,18.395578107642756,1,MW
au,Sydney_Ryde,siting,WSD,,GNN,1.4675183744798386,3,km
au,Sydney_Ryde,siting,WSD,,LU,1.3506700642188529,1,km
au,Sydney_Ryde,siting,WSD,,Uni,1.3506700642188529,1,km
au,Sydney_Ryde,sizing,RSD_mean,many_to_one,GNN,39.33102810171075,3,percent
au,Sydney_Ryde,sizing,RSD_mean,many_to_one,LU,13.451592236896616,1,percent
au,Sydney_Ryde,sizing,RSD_mean,many_to_one,Uni,13.278366901726301,1,percent
au,Sydney_Ryde,sizing,RSD_mean,one_to_one,GNN,46.819593891564701,3,percent
au,Sydney_Ryde,sizing,RSD_mean,one_to_one,LU,13.451592236896616,1,percent
au,Sydney_Ryde,sizing,RSD_mean,one_to_one,Uni,13.278366901726301,1,percent
au,Sydney_Ryde,sizing,RSD_median,many_to_one,GNN,41.500383472102421,3,percent
au,Sydney_Ryde,sizing,RSD_median,many_to_one,LU,4.895651036643855,1,percent
au,Sydney_Ryde,sizing,RSD_median,many_to_one,Uni,4.4369035903928635,1,percent
au,Sydney_Ryde,sizing,RSD_median,one_to_one,GNN,47.009963120026924,3,percent
au,Sydney_Ryde,sizing,RSD_median,one_to_one,LU,4.895651036643855,1,percent
au,Sydney_Ryde,sizing,RSD_median,one_to_one,Uni,4.4369035903928635,1,percent
au,Sydney_Sutherland,reconstruction,mae,,GNN,14.049532067491903,3,MW
au,Sydney_Sutherland,reconstruction,mae,,LU,10.234232326210021,1,MW
au,Sydney_Sutherland,reconstruction,mae,,Uni,9.2262261669883081,1,MW
au,Sydney_Sutherland,reconstruction,rmse,,GNN,17.105911720625127,3,MW
au,Sydney_Sutherland,reconstruction,rmse,,LU,12.506868750949934,1,MW
au,Sydney_Sutherland,reconstruction,rmse,,Uni,11.048396265774043,1,MW
au,Sydney_Sutherland,siting,WSD,,GNN,2.8822803204751213,3,km
au,Sydney_Sutherland,siting,WSD,,LU,2.7655422566289083,1,km
au,Sydney_Sutherland,siting,WSD,,Uni,2.6524927450178937,1,km
au,Sydney_Sutherland,sizing,RSD_mean,many_to_one,GNN,111.78611568729953,3,percent
au,Sydney_Sutherland,sizing,RSD_mean,many_to_one,LU,64.353022167268094,1,percent
au,Sydney_Sutherland,sizing,RSD_mean,many_to_one,Uni,75.589633693589917,1,percent
au,Sydney_Sutherland,sizing,RSD_mean,one_to_one,GNN,94.41284452013798,3,percent
au,Sydney_Sutherland,sizing,RSD_mean,one_to_one,LU,64.839994595794536,1,percent
au,Sydney_Sutherland,sizing,RSD_mean,one_to_one,Uni,75.952729922250953,1,percent
au,Sydney_Sutherland,sizing,RSD_median,many_to_one,GNN,35.730453300140461,3,percent
au,Sydney_Sutherland,sizing,RSD_median,many_to_one,LU,29.992216399310713,1,percent
au,Sydney_Sutherland,sizing,RSD_median,many_to_one,Uni,32.068815738932983,1,percent
au,Sydney_Sutherland,sizing,RSD_median,one_to_one,GNN,31.698103774246182,3,percent
au,Sydney_Sutherland,sizing,RSD_median,one_to_one,LU,29.992216399310713,1,percent
au,Sydney_Sutherland,sizing,RSD_median,one_to_one,Uni,32.068815738932983,1,percent
