country,region,module,metric,matching,method,seed,fold,value,unit,status,n_valid,n_requested,source
uk,London,reconstruction,rmse,,GNN,42,1,16.795189834452334,MVA,VALID,219,219,inputs/release_r2/3_Experiment/1_UK/observations/London/reconstruction/metrics.csv
uk,London,reconstruction,mae,,GNN,42,1,11.400775266733092,MVA,VALID,219,219,inputs/release_r2/3_Experiment/1_UK/observations/London/reconstruction/metrics.csv
uk,London,reconstruction,rmse,,GNN,123,1,16.846251645066531,MVA,VALID,219,219,inputs/release_r2/3_Experiment/1_UK/observations/London/reconstruction/metrics.csv
uk,London,reconstruction,mae,,GNN,123,1,11.433660390828704,MVA,VALID,219,219,inputs/release_r2/3_Experiment/1_UK/observations/London/reconstruction/metrics.csv
uk,London,reconstruction,rmse,,GNN,456,2,17.290423671732455,MVA,VALID,219,219,inputs/release_r2/3_Experiment/1_UK/observations/London/reconstruction/metrics.csv
uk,London,reconstruction,mae,,GNN,456,2,11.756517246640481,MVA,VALID,219,219,inputs/release_r2/3_Experiment/1_UK/observations/London/reconstruction/metrics.csv
uk,London,reconstruction,rmse,,LU,,,16.52347117045182,MVA,VALID,219,219,inputs/release_r2/3_Experiment/1_UK/observations/London/reconstruction/metrics.csv
uk,London,reconstruction,mae,,LU,,,11.239968847706347,MVA,VALID,219,219,inputs/release_r2/3_Experiment/1_UK/observations/London/reconstruction/metrics.csv
uk,London,reconstruction,rmse,,Uni,,,20.58741694039502,MVA,VALID,219,219,inputs/release_r2/3_Experiment/1_UK/observations/London/reconstruction/metrics.csv
uk,London,reconstruction,mae,,Uni,,,13.278548231742567,MVA,VALID,219,219,inputs/release_r2/3_Experiment/1_UK/observations/London/reconstruction/metrics.csv
uk,London,siting,WSD,,Uni,,,0.95642898437928037,km,VALID,219,219,inputs/release_r2/3_Experiment/1_UK/planning/London/Uni/seed_0/metrics.csv
uk,London,sizing,RSD_mean,many_to_one,Uni,,,70.064625957886975,percent,VALID,219,219,inputs/release_r2/3_Experiment/1_UK/planning/London/Uni/seed_0/metrics.csv
uk,London,sizing,RSD_median,many_to_one,Uni,,,43.134335668408134,percent,VALID,219,219,inputs/release_r2/3_Experiment/1_UK/planning/London/Uni/seed_0/metrics.csv
uk,London,sizing,RSD_mean,one_to_one,Uni,,,80.430121000784581,percent,VALID,207,219,inputs/release_r2/3_Experiment/1_UK/planning/London/Uni/seed_0/metrics.csv
uk,London,sizing,RSD_median,one_to_one,Uni,,,50.45708070471369,percent,VALID,207,219,inputs/release_r2/3_Experiment/1_UK/planning/London/Uni/seed_0/metrics.csv
uk,London,siting,WSD,,LU,,,0.94870036271496738,km,VALID,219,219,inputs/release_r2/3_Experiment/1_UK/planning/London/GPM/seed_0/metrics.csv
uk,London,sizing,RSD_mean,many_to_one,LU,,,66.628300174127574,percent,VALID,219,219,inputs/release_r2/3_Experiment/1_UK/planning/London/GPM/seed_0/metrics.csv
uk,London,sizing,RSD_median,many_to_one,LU,,,40.341226114050961,percent,VALID,219,219,inputs/release_r2/3_Experiment/1_UK/planning/London/GPM/seed_0/metrics.csv
uk,London,sizing,RSD_mean,one_to_one,LU,,,76.115068620773002,percent,VALID,214,219,inputs/release_r2/3_Experiment/1_UK/planning/London/GPM/seed_0/metrics.csv
uk,London,sizing,RSD_median,one_to_one,LU,,,45.70438449715877,percent,VALID,214,219,inputs/release_r2/3_Experiment/1_UK/planning/London/GPM/seed_0/metrics.csv
uk,London,siting,WSD,,GNN,123,1,0.95833146623383536,km,VALID,219,219,inputs/release_r2/3_Experiment/1_UK/planning/London/GNN/seed_123/metrics.csv
uk,London,sizing,RSD_mean,many_to_one,GNN,123,1,67.393228542999424,percent,VALID,219,219,inputs/release_r2/3_Experiment/1_UK/planning/London/GNN/seed_123/metrics.csv
uk,London,sizing,RSD_median,many_to_one,GNN,123,1,45.600340499976689,percent,VALID,219,219,inputs/release_r2/3_Experiment/1_UK/planning/London/GNN/seed_123/metrics.csv
uk,London,sizing,RSD_mean,one_to_one,GNN,123,1,77.30064677211864,percent,VALID,211,219,inputs/release_r2/3_Experiment/1_UK/planning/London/GNN/seed_123/metrics.csv
uk,London,sizing,RSD_median,one_to_one,GNN,123,1,47.375836576896141,percent,VALID,211,219,inputs/release_r2/3_Experiment/1_UK/planning/London/GNN/seed_123/metrics.csv
uk,London,siting,WSD,,GNN,42,1,0.96964086541583849,km,VALID,219,219,inputs/release_r2/3_Experiment/1_UK/planning/London/GNN/seed_42/metrics.csv
uk,London,sizing,RSD_mean,many_to_one,GNN,42,1,65.341689199419662,percent,VALID,219,219,inputs/release_r2/3_Experiment/1_UK/planning/London/GNN/seed_42/metrics.csv
uk,London,sizing,RSD_median,many_to_one,GNN,42,1,42.537654123853223,percent,VALID,219,219,inputs/release_r2/3_Experiment/1_UK/planning/London/GNN/seed_42/metrics.csv
uk,London,sizing,RSD_mean,one_to_one,GNN,42,1,75.006205876537919,percent,VALID,209,219,inputs/release_r2/3_Experiment/1_UK/planning/London/GNN/seed_42/metrics.csv
uk,London,sizing,RSD_median,one_to_one,GNN,42,1,43.024641525250715,percent,VALID,209,219,inputs/release_r2/3_Experiment/1_UK/planning/London/GNN/seed_42/metrics.csv
uk,London,siting,WSD,,GNN,456,2,0.9658599159575274,km,VALID,219,219,inputs/release_r2/3_Experiment/1_UK/planning/London/GNN/seed_456/metrics.csv
uk,London,sizing,RSD_mean,many_to_one,GNN,456,2,69.080888070061491,percent,VALID,219,219,inputs/release_r2/3_Experiment/1_UK/planning/London/GNN/seed_456/metrics.csv
uk,London,sizing,RSD_median,many_to_one,GNN,456,2,44.263973946859714,percent,VALID,219,219,inputs/release_r2/3_Experiment/1_UK/planning/London/GNN/seed_456/metrics.csv
uk,London,sizing,RSD_mean,one_to_one,GNN,456,2,79.384582476955259,percent,VALID,212,219,inputs/release_r2/3_Experiment/1_UK/planning/London/GNN/seed_456/metrics.csv
uk,London,sizing,RSD_median,one_to_one,GNN,456,2,46.056782038583677,percent,VALID,212,219,inputs/release_r2/3_Experiment/1_UK/planning/London/GNN/seed_456/metrics.csv
uk,TLC1,reconstruction,rmse,,GNN,42,4,11.855585800428045,MVA,VALID,50,50,inputs/release_r2/3_Experiment/1_UK/observations/TLC1/reconstruction/metrics.csv
uk,TLC1,reconstruction,mae,,GNN,42,4,8.3722423842703364,MVA,VALID,50,50,inputs/release_r2/3_Experiment/1_UK/observations/TLC1/reconstruction/metrics.csv
uk,TLC1,reconstruction,rmse,,GNN,123,3,10.620620016683459,MVA,VALID,50,50,inputs/release_r2/3_Experiment/1_UK/observations/TLC1/reconstruction/metrics.csv
uk,TLC1,reconstruction,mae,,GNN,123,3,8.3601702041114567,MVA,VALID,50,50,inputs/release_r2/3_Experiment/1_UK/observations/TLC1/reconstruction/metrics.csv
uk,TLC1,reconstruction,rmse,,GNN,456,1,11.585942304528983,MVA,VALID,50,50,inputs/release_r2/3_Experiment/1_UK/observations/TLC1/reconstruction/metrics.csv
uk,TLC1,reconstruction,mae,,GNN,456,1,8.8346165746954277,MVA,VALID,50,50,inputs/release_r2/3_Experiment/1_UK/observations/TLC1/reconstruction/metrics.csv
uk,TLC1,reconstruction,rmse,,LU,,,14.451075581998582,MVA,VALID,50,50,inputs/release_r2/3_Experiment/1_UK/observations/TLC1/reconstruction/metrics.csv
uk,TLC1,reconstruction,mae,,LU,,,9.5578702738963717,MVA,VALID,50,50,inputs/release_r2/3_Experiment/1_UK/observations/TLC1/reconstruction/metrics.csv
uk,TLC1,reconstruction,rmse,,Uni,,,15.676502384437773,MVA,VALID,50,50,inputs/release_r2/3_Experiment/1_UK/observations/TLC1/reconstruction/metrics.csv
uk,TLC1,reconstruction,mae,,Uni,,,9.8198595303008354,MVA,VALID,50,50,inputs/release_r2/3_Experiment/1_UK/observations/TLC1/reconstruction/metrics.csv
uk,TLC1,siting,WSD,,Uni,,,2.8204619888006004,km,VALID,50,50,inputs/release_r2/3_Experiment/1_UK/planning/TLC1/Uni/seed_0/metrics.csv
uk,TLC1,sizing,RSD_mean,many_to_one,Uni,,,82.974199031404652,percent,VALID,43,50,inputs/release_r2/3_Experiment/1_UK/planning/TLC1/Uni/seed_0/metrics.csv
uk,TLC1,sizing,RSD_median,many_to_one,Uni,,,21.571136608014388,percent,VALID,43,50,inputs/release_r2/3_Experiment/1_UK/planning/TLC1/Uni/seed_0/metrics.csv
uk,TLC1,sizing,RSD_mean,one_to_one,Uni,,,115.94654923539304,percent,VALID,31,50,inputs/release_r2/3_Experiment/1_UK/planning/TLC1/Uni/seed_0/metrics.csv
uk,TLC1,sizing,RSD_median,one_to_one,Uni,,,30.744154638344565,percent,VALID,31,50,inputs/release_r2/3_Experiment/1_UK/planning/TLC1/Uni/seed_0/metrics.csv
uk,TLC1,siting,WSD,,LU,,,2.8747253607223717,km,VALID,50,50,inputs/release_r2/3_Experiment/1_UK/planning/TLC1/GPM/seed_0/metrics.csv
uk,TLC1,sizing,RSD_mean,many_to_one,LU,,,28.851106421280118,percent,VALID,43,50,inputs/release_r2/3_Experiment/1_UK/planning/TLC1/GPM/seed_0/metrics.csv
uk,TLC1,sizing,RSD_median,many_to_one,LU,,,19.206669195637136,percent,VALID,43,50,inputs/release_r2/3_Experiment/1_UK/planning/TLC1/GPM/seed_0/metrics.csv
uk,TLC1,sizing,RSD_mean,one_to_one,LU,,,145.14806019845196,percent,VALID,32,50,inputs/release_r2/3_Experiment/1_UK/planning/TLC1/GPM/seed_0/metrics.csv
uk,TLC1,sizing,RSD_median,one_to_one,LU,,,18.763607881356091,percent,VALID,32,50,inputs/release_r2/3_Experiment/1_UK/planning/TLC1/GPM/seed_0/metrics.csv
uk,TLC1,siting,WSD,,GNN,123,3,2.8597257222741397,km,VALID,50,50,inputs/release_r2/3_Experiment/1_UK/planning/TLC1/GNN/seed_123/metrics.csv
uk,TLC1,sizing,RSD_mean,many_to_one,GNN,123,3,126.19511739117397,percent,VALID,44,50,inputs/release_r2/3_Experiment/1_UK/planning/TLC1/GNN/seed_123/metrics.csv
uk,TLC1,sizing,RSD_median,many_to_one,GNN,123,3,28.173254936758248,percent,VALID,44,50,inputs/release_r2/3_Experiment/1_UK/planning/TLC1/GNN/seed_123/metrics.csv
uk,TLC1,sizing,RSD_mean,one_to_one,GNN,123,3,160.41588463213654,percent,VALID,35,50,inputs/release_r2/3_Experiment/1_UK/planning/TLC1/GNN/seed_123/metrics.csv
uk,TLC1,sizing,RSD_median,one_to_one,GNN,123,3,25.637949900625244,percent,VALID,35,50,inputs/release_r2/3_Experiment/1_UK/planning/TLC1/GNN/seed_123/metrics.csv
uk,TLC1,siting,WSD,,GNN,42,4,2.9019985198478402,km,VALID,50,50,inputs/release_r2/3_Experiment/1_UK/planning/TLC1/GNN/seed_42/metrics.csv
uk,TLC1,sizing,RSD_mean,many_to_one,GNN,42,4,109.16128837069662,percent,VALID,45,50,inputs/release_r2/3_Experiment/1_UK/planning/TLC1/GNN/seed_42/metrics.csv
uk,TLC1,sizing,RSD_median,many_to_one,GNN,42,4,24.120627197618884,percent,VALID,45,50,inputs/release_r2/3_Experiment/1_UK/planning/TLC1/GNN/seed_42/metrics.csv
uk,TLC1,sizing,RSD_mean,one_to_one,GNN,42,4,31.150708723622795,percent,VALID,39,50,inputs/release_r2/3_Experiment/1_UK/planning/TLC1/GNN/seed_42/metrics.csv
uk,TLC1,sizing,RSD_median,one_to_one,GNN,42,4,24.17249744216209,percent,VALID,39,50,inputs/release_r2/3_Experiment/1_UK/planning/TLC1/GNN/seed_42/metrics.csv
uk,TLC1,siting,WSD,,GNN,456,1,2.9460974480461108,km,VALID,50,50,inputs/release_r2/3_Experiment/1_UK/planning/TLC1/GNN/seed_456/metrics.csv
uk,TLC1,sizing,RSD_mean,many_to_one,GNN,456,1,30.416055091596739,percent,VALID,42,50,inputs/release_r2/3_Experiment/1_UK/planning/TLC1/GNN/seed_456/metrics.csv
uk,TLC1,sizing,RSD_median,many_to_one,GNN,456,1,21.127671681402042,percent,VALID,42,50,inputs/release_r2/3_Experiment/1_UK/planning/TLC1/GNN/seed_456/metrics.csv
uk,TLC1,sizing,RSD_mean,one_to_one,GNN,456,1,39.299580507474111,percent,VALID,33,50,inputs/release_r2/3_Experiment/1_UK/planning/TLC1/GNN/seed_456/metrics.csv
uk,TLC1,sizing,RSD_median,one_to_one,GNN,456,1,23.900859434058422,percent,VALID,33,50,inputs/release_r2/3_Experiment/1_UK/planning/TLC1/GNN/seed_456/metrics.csv
uk,TLC2,reconstruction,rmse,,GNN,42,3,10.671548957611721,MVA,VALID,73,73,inputs/release_r2/3_Experiment/1_UK/observations/TLC2/reconstruction/metrics.csv
uk,TLC2,reconstruction,mae,,GNN,42,3,7.9723844744125696,MVA,VALID,73,73,inputs/release_r2/3_Experiment/1_UK/observations/TLC2/reconstruction/metrics.csv
uk,TLC2,reconstruction,rmse,,GNN,123,1,10.519140660521593,MVA,VALID,73,73,inputs/release_r2/3_Experiment/1_UK/observations/TLC2/reconstruction/metrics.csv
uk,TLC2,reconstruction,mae,,GNN,123,1,8.106918759494059,MVA,VALID,73,73,inputs/release_r2/3_Experiment/1_UK/observations/TLC2/reconstruction/metrics.csv
uk,TLC2,reconstruction,rmse,,GNN,456,1,11.373764915334196,MVA,VALID,73,73,inputs/release_r2/3_Experiment/1_UK/observations/TLC2/reconstruction/metrics.csv
uk,TLC2,reconstruction,mae,,GNN,456,1,8.2432121464289949,MVA,VALID,73,73,inputs/release_r2/3_Experiment/1_UK/observations/TLC2/reconstruction/metrics.csv
uk,TLC2,reconstruction,rmse,,LU,,,11.599553898251207,MVA,VALID,73,73,inputs/release_r2/3_Experiment/1_UK/observations/TLC2/reconstruction/metrics.csv
uk,TLC2,reconstruction,mae,,LU,,,8.358416547653043,MVA,VALID,73,73,inputs/release_r2/3_Experiment/1_UK/observations/TLC2/reconstruction/metrics.csv
uk,TLC2,reconstruction,rmse,,Uni,,,13.087361237827476,MVA,VALID,73,73,inputs/release_r2/3_Experiment/1_UK/observations/TLC2/reconstruction/metrics.csv
uk,TLC2,reconstruction,mae,,Uni,,,9.0470420192933663,MVA,VALID,73,73,inputs/release_r2/3_Experiment/1_UK/observations/TLC2/reconstruction/metrics.csv
uk,TLC2,siting,WSD,,Uni,,,2.1251216571093225,km,VALID,73,73,inputs/release_r2/3_Experiment/1_UK/planning/TLC2/Uni/seed_0/metrics.csv
uk,TLC2,sizing,RSD_mean,many_to_one,Uni,,,44.957576580182284,percent,VALID,54,73,inputs/release_r2/3_Experiment/1_UK/planning/TLC2/Uni/seed_0/metrics.csv
uk,TLC2,sizing,RSD_median,many_to_one,Uni,,,29.067099667925142,percent,VALID,54,73,inputs/release_r2/3_Experiment/1_UK/planning/TLC2/Uni/seed_0/metrics.csv
uk,TLC2,sizing,RSD_mean,one_to_one,Uni,,,65.946383835158841,percent,VALID,41,73,inputs/release_r2/3_Experiment/1_UK/planning/TLC2/Uni/seed_0/metrics.csv
uk,TLC2,sizing,RSD_median,one_to_one,Uni,,,31.160275060296254,percent,VALID,41,73,inputs/release_r2/3_Experiment/1_UK/planning/TLC2/Uni/seed_0/metrics.csv
uk,TLC2,siting,WSD,,LU,,,2.1973521698221732,km,VALID,73,73,inputs/release_r2/3_Experiment/1_UK/planning/TLC2/GPM/seed_0/metrics.csv
uk,TLC2,sizing,RSD_mean,many_to_one,LU,,,69.727578993546146,percent,VALID,50,73,inputs/release_r2/3_Experiment/1_UK/planning/TLC2/GPM/seed_0/metrics.csv
uk,TLC2,sizing,RSD_median,many_to_one,LU,,,37.366196360865395,percent,VALID,50,73,inputs/release_r2/3_Experiment/1_UK/planning/TLC2/GPM/seed_0/metrics.csv
uk,TLC2,sizing,RSD_mean,one_to_one,LU,,,106.77698026679592,percent,VALID,37,73,inputs/release_r2/3_Experiment/1_UK/planning/TLC2/GPM/seed_0/metrics.csv
uk,TLC2,sizing,RSD_median,one_to_one,LU,,,47.228547550859695,percent,VALID,37,73,inputs/release_r2/3_Experiment/1_UK/planning/TLC2/GPM/seed_0/metrics.csv
uk,TLC2,siting,WSD,,GNN,123,1,1.9813457161832049,km,VALID,73,73,inputs/release_r2/3_Experiment/1_UK/planning/TLC2/GNN/seed_123/metrics.csv
uk,TLC2,sizing,RSD_mean,many_to_one,GNN,123,1,125.67033240923388,percent,VALID,53,73,inputs/release_r2/3_Experiment/1_UK/planning/TLC2/GNN/seed_123/metrics.csv
uk,TLC2,sizing,RSD_median,many_to_one,GNN,123,1,49.875319324003456,percent,VALID,53,73,inputs/release_r2/3_Experiment/1_UK/planning/TLC2/GNN/seed_123/metrics.csv
uk,TLC2,sizing,RSD_mean,one_to_one,GNN,123,1,190.08227094590046,percent,VALID,43,73,inputs/release_r2/3_Experiment/1_UK/planning/TLC2/GNN/seed_123/metrics.csv
uk,TLC2,sizing,RSD_median,one_to_one,GNN,123,1,46.83515019179054,percent,VALID,43,73,inputs/release_r2/3_Experiment/1_UK/planning/TLC2/GNN/seed_123/metrics.csv
uk,TLC2,siting,WSD,,GNN,42,3,2.0450543855060697,km,VALID,73,73,inputs/release_r2/3_Experiment/1_UK/planning/TLC2/GNN/seed_42/metrics.csv
uk,TLC2,sizing,RSD_mean,many_to_one,GNN,42,3,131.61940486320188,percent,VALID,52,73,inputs/release_r2/3_Experiment/1_UK/planning/TLC2/GNN/seed_42/metrics.csv
uk,TLC2,sizing,RSD_median,many_to_one,GNN,42,3,49.140335994949936,percent,VALID,52,73,inputs/release_r2/3_Experiment/1_UK/planning/TLC2/GNN/seed_42/metrics.csv
uk,TLC2,sizing,RSD_mean,one_to_one,GNN,42,3,205.9696585686234,percent,VALID,41,73,inputs/release_r2/3_Experiment/1_UK/planning/TLC2/GNN/seed_42/metrics.csv
uk,TLC2,sizing,RSD_median,one_to_one,GNN,42,3,47.368535193242678,percent,VALID,41,73,inputs/release_r2/3_Experiment/1_UK/planning/TLC2/GNN/seed_42/metrics.csv
uk,TLC2,siting,WSD,,GNN,456,1,2.1113315067408784,km,VALID,73,73,inputs/release_r2/3_Experiment/1_UK/planning/TLC2/GNN/seed_456/metrics.csv
uk,TLC2,sizing,RSD_mean,many_to_one,GNN,456,1,128.80513871184604,percent,VALID,51,73,inputs/release_r2/3_Experiment/1_UK/planning/TLC2/GNN/seed_456/metrics.csv
uk,TLC2,sizing,RSD_median,many_to_one,GNN,456,1,51.122907843693028,percent,VALID,51,73,inputs/release_r2/3_Experiment/1_UK/planning/TLC2/GNN/seed_456/metrics.csv
uk,TLC2,sizing,RSD_mean,one_to_one,GNN,456,1,194.17398795496078,percent,VALID,39,73,inputs/release_r2/3_Experiment/1_UK/planning/TLC2/GNN/seed_456/metrics.csv
uk,TLC2,sizing,RSD_median,one_to_one,GNN,456,1,51.122907843693028,percent,VALID,39,73,inputs/release_r2/3_Experiment/1_UK/planning/TLC2/GNN/seed_456/metrics.csv
uk,TLD3,reconstruction,rmse,,GNN,42,1,7.1427280213797948,MVA,VALID,173,173,inputs/release_r2/3_Experiment/1_UK/observations/TLD3/reconstruction/metrics.csv
uk,TLD3,reconstruction,mae,,GNN,42,1,5.269730778143102,MVA,VALID,173,173,inputs/release_r2/3_Experiment/1_UK/observations/TLD3/reconstruction/metrics.csv
uk,TLD3,reconstruction,rmse,,GNN,123,4,6.9356870317939068,MVA,VALID,173,173,inputs/release_r2/3_Experiment/1_UK/observations/TLD3/reconstruction/metrics.csv
uk,TLD3,reconstruction,mae,,GNN,123,4,5.1507058721710859,MVA,VALID,173,173,inputs/release_r2/3_Experiment/1_UK/observations/TLD3/reconstruction/metrics.csv
uk,TLD3,reconstruction,rmse,,GNN,456,3,7.1417681887657745,MVA,VALID,173,173,inputs/release_r2/3_Experiment/1_UK/observations/TLD3/reconstruction/metrics.csv
uk,TLD3,reconstruction,mae,,GNN,456,3,5.4003604978389221,MVA,VALID,173,173,inputs/release_r2/3_Experiment/1_UK/observations/TLD3/reconstruction/metrics.csv
uk,TLD3,reconstruction,rmse,,LU,,,7.1905044013912285,MVA,VALID,173,173,inputs/release_r2/3_Experiment/1_UK/observations/TLD3/reconstruction/metrics.csv
uk,TLD3,reconstruction,mae,,LU,,,5.4010497204855712,MVA,VALID,173,173,inputs/release_r2/3_Experiment/1_UK/observations/TLD3/reconstruction/metrics.csv
uk,TLD3,reconstruction,rmse,,Uni,,,8.9917374127907426,MVA,VALID,173,173,inputs/release_r2/3_Experiment/1_UK/observations/TLD3/reconstruction/metrics.csv
uk,TLD3,reconstruction,mae,,Uni,,,6.6423930434447165,MVA,VALID,173,173,inputs/release_r2/3_Experiment/1_UK/observations/TLD3/reconstruction/metrics.csv
uk,TLD3,siting,WSD,,Uni,,,1.1018197576195357,km,VALID,173,173,inputs/release_r2/3_Experiment/1_UK/planning/TLD3/Uni/seed_0/metrics.csv
uk,TLD3,sizing,RSD_mean,many_to_one,Uni,,,47.673943397052987,percent,VALID,171,173,inputs/release_r2/3_Experiment/1_UK/planning/TLD3/Uni/seed_0/metrics.csv
uk,TLD3,sizing,RSD_median,many_to_one,Uni,,,30.79540975590664,percent,VALID,171,173,inputs/release_r2/3_Experiment/1_UK/planning/TLD3/Uni/seed_0/metrics.csv
uk,TLD3,sizing,RSD_mean,one_to_one,Uni,,,47.892845265204031,percent,VALID,138,173,inputs/release_r2/3_Experiment/1_UK/planning/TLD3/Uni/seed_0/metrics.csv
uk,TLD3,sizing,RSD_median,one_to_one,Uni,,,28.052452311421419,percent,VALID,138,173,inputs/release_r2/3_Experiment/1_UK/planning/TLD3/Uni/seed_0/metrics.csv
uk,TLD3,siting,WSD,,LU,,,1.0785349518642131,km,VALID,173,173,inputs/release_r2/3_Experiment/1_UK/planning/TLD3/GPM/seed_0/metrics.csv
uk,TLD3,sizing,RSD_mean,many_to_one,LU,,,40.909959265134006,percent,VALID,171,173,inputs/release_r2/3_Experiment/1_UK/planning/TLD3/GPM/seed_0/metrics.csv
uk,TLD3,sizing,RSD_median,many_to_one,LU,,,27.053612037545847,percent,VALID,171,173,inputs/release_r2/3_Experiment/1_UK/planning/TLD3/GPM/seed_0/metrics.csv
uk,TLD3,sizing,RSD_mean,one_to_one,LU,,,39.424692369752343,percent,VALID,161,173,inputs/release_r2/3_Experiment/1_UK/planning/TLD3/GPM/seed_0/metrics.csv
uk,TLD3,sizing,RSD_median,one_to_one,LU,,,27.189363003534432,percent,VALID,161,173,inputs/release_r2/3_Experiment/1_UK/planning/TLD3/GPM/seed_0/metrics.csv
uk,TLD3,siting,WSD,,GNN,123,4,1.080637637765103,km,VALID,173,173,inputs/release_r2/3_Experiment/1_UK/planning/TLD3/GNN/seed_123/metrics.csv
uk,TLD3,sizing,RSD_mean,many_to_one,GNN,123,4,42.521266029546588,percent,VALID,169,173,inputs/release_r2/3_Experiment/1_UK/planning/TLD3/GNN/seed_123/metrics.csv
uk,TLD3,sizing,RSD_median,many_to_one,GNN,123,4,28.201612640709481,percent,VALID,169,173,inputs/release_r2/3_Experiment/1_UK/planning/TLD3/GNN/seed_123/metrics.csv
uk,TLD3,sizing,RSD_mean,one_to_one,GNN,123,4,46.364014567289274,percent,VALID,161,173,inputs/release_r2/3_Experiment/1_UK/planning/TLD3/GNN/seed_123/metrics.csv
uk,TLD3,sizing,RSD_median,one_to_one,GNN,123,4,28.532097189289427,percent,VALID,161,173,inputs/release_r2/3_Experiment/1_UK/planning/TLD3/GNN/seed_123/metrics.csv
uk,TLD3,siting,WSD,,GNN,42,1,1.0743573997469671,km,VALID,173,173,inputs/release_r2/3_Experiment/1_UK/planning/TLD3/GNN/seed_42/metrics.csv
uk,TLD3,sizing,RSD_mean,many_to_one,GNN,42,1,45.703652237532808,percent,VALID,172,173,inputs/release_r2/3_Experiment/1_UK/planning/TLD3/GNN/seed_42/metrics.csv
uk,TLD3,sizing,RSD_median,many_to_one,GNN,42,1,26.885956339190937,percent,VALID,172,173,inputs/release_r2/3_Experiment/1_UK/planning/TLD3/GNN/seed_42/metrics.csv
uk,TLD3,sizing,RSD_mean,one_to_one,GNN,42,1,48.313162113842644,percent,VALID,162,173,inputs/release_r2/3_Experiment/1_UK/planning/TLD3/GNN/seed_42/metrics.csv
uk,TLD3,sizing,RSD_median,one_to_one,GNN,42,1,30.773120121924329,percent,VALID,162,173,inputs/release_r2/3_Experiment/1_UK/planning/TLD3/GNN/seed_42/metrics.csv
uk,TLD3,siting,WSD,,GNN,456,3,1.0760671346597133,km,VALID,173,173,inputs/release_r2/3_Experiment/1_UK/planning/TLD3/GNN/seed_456/metrics.csv
uk,TLD3,sizing,RSD_mean,many_to_one,GNN,456,3,43.23815591096006,percent,VALID,172,173,inputs/release_r2/3_Experiment/1_UK/planning/TLD3/GNN/seed_456/metrics.csv
uk,TLD3,sizing,RSD_median,many_to_one,GNN,456,3,29.805231254445278,percent,VALID,172,173,inputs/release_r2/3_Experiment/1_UK/planning/TLD3/GNN/seed_456/metrics.csv
uk,TLD3,sizing,RSD_mean,one_to_one,GNN,456,3,45.528974639009746,percent,VALID,160,173,inputs/release_r2/3_Experiment/1_UK/planning/TLD3/GNN/seed_456/metrics.csv
uk,TLD3,sizing,RSD_median,one_to_one,GNN,456,3,31.758169433607648,percent,VALID,160,173,inputs/release_r2/3_Experiment/1_UK/planning/TLD3/GNN/seed_456/metrics.csv
uk,TLD4,reconstruction,rmse,,GNN,42,3,5.7964780728853738,MVA,VALID,111,111,inputs/release_r2/3_Experiment/1_UK/observations/TLD4/reconstruction/metrics.csv
uk,TLD4,reconstruction,mae,,GNN,42,3,4.5917699957628599,MVA,VALID,111,111,inputs/release_r2/3_Experiment/1_UK/observations/TLD4/reconstruction/metrics.csv
uk,TLD4,reconstruction,rmse,,GNN,123,3,5.9485388725316399,MVA,VALID,111,111,inputs/release_r2/3_Experiment/1_UK/observations/TLD4/reconstruction/metrics.csv
uk,TLD4,reconstruction,mae,,GNN,123,3,4.592636828811572,MVA,VALID,111,111,inputs/release_r2/3_Experiment/1_UK/observations/TLD4/reconstruction/metrics.csv
uk,TLD4,reconstruction,rmse,,GNN,456,4,8.4955402639247044,MVA,VALID,111,111,inputs/release_r2/3_Experiment/1_UK/observations/TLD4/reconstruction/metrics.csv
uk,TLD4,reconstruction,mae,,GNN,456,4,5.7096562617726168,MVA,VALID,111,111,inputs/release_r2/3_Experiment/1_UK/observations/TLD4/reconstruction/metrics.csv
uk,TLD4,reconstruction,rmse,,LU,,,7.6703164759248361,MVA,VALID,111,111,inputs/release_r2/3_Experiment/1_UK/observations/TLD4/reconstruction/metrics.csv
uk,TLD4,reconstruction,mae,,LU,,,5.9873437989650498,MVA,VALID,111,111,inputs/release_r2/3_Experiment/1_UK/observations/TLD4/reconstruction/metrics.csv
uk,TLD4,reconstruction,rmse,,Uni,,,8.6659166064461139,MVA,VALID,111,111,inputs/release_r2/3_Experiment/1_UK/observations/TLD4/reconstruction/metrics.csv
uk,TLD4,reconstruction,mae,,Uni,,,6.7134856660110511,MVA,VALID,111,111,inputs/release_r2/3_Experiment/1_UK/observations/TLD4/reconstruction/metrics.csv
uk,TLD4,siting,WSD,,Uni,,,1.9848369637782972,km,VALID,111,111,inputs/release_r2/3_Experiment/1_UK/planning/TLD4/Uni/seed_0/metrics.csv
uk,TLD4,sizing,RSD_mean,many_to_one,Uni,,,63.554157937140985,percent,VALID,96,111,inputs/release_r2/3_Experiment/1_UK/planning/TLD4/Uni/seed_0/metrics.csv
uk,TLD4,sizing,RSD_median,many_to_one,Uni,,,29.045652842076166,percent,VALID,96,111,inputs/release_r2/3_Experiment/1_UK/planning/TLD4/Uni/seed_0/metrics.csv
uk,TLD4,sizing,RSD_mean,one_to_one,Uni,,,60.247672269160695,percent,VALID,69,111,inputs/release_r2/3_Experiment/1_UK/planning/TLD4/Uni/seed_0/metrics.csv
uk,TLD4,sizing,RSD_median,one_to_one,Uni,,,31.154407060952121,percent,VALID,69,111,inputs/release_r2/3_Experiment/1_UK/planning/TLD4/Uni/seed_0/metrics.csv
uk,TLD4,siting,WSD,,LU,,,1.9368535942272884,km,VALID,111,111,inputs/release_r2/3_Experiment/1_UK/planning/TLD4/GPM/seed_0/metrics.csv
uk,TLD4,sizing,RSD_mean,many_to_one,LU,,,57.608915675587205,percent,VALID,98,111,inputs/release_r2/3_Experiment/1_UK/planning/TLD4/GPM/seed_0/metrics.csv
uk,TLD4,sizing,RSD_median,many_to_one,LU,,,30.933522280765672,percent,VALID,98,111,inputs/release_r2/3_Experiment/1_UK/planning/TLD4/GPM/seed_0/metrics.csv
uk,TLD4,sizing,RSD_mean,one_to_one,LU,,,53.585523446809262,percent,VALID,82,111,inputs/release_r2/3_Experiment/1_UK/planning/TLD4/GPM/seed_0/metrics.csv
uk,TLD4,sizing,RSD_median,one_to_one,LU,,,30.10524087654472,percent,VALID,82,111,inputs/release_r2/3_Experiment/1_UK/planning/TLD4/GPM/seed_0/metrics.csv
uk,TLD4,siting,WSD,,GNN,123,3,1.9045186881687106,km,VALID,111,111,inputs/release_r2/3_Experiment/1_UK/planning/TLD4/GNN/seed_123/metrics.csv
uk,TLD4,sizing,RSD_mean,many_to_one,GNN,123,3,54.743588738888,percent,VALID,100,111,inputs/release_r2/3_Experiment/1_UK/planning/TLD4/GNN/seed_123/metrics.csv
uk,TLD4,sizing,RSD_median,many_to_one,GNN,123,3,34.094987639257326,percent,VALID,100,111,inputs/release_r2/3_Experiment/1_UK/planning/TLD4/GNN/seed_123/metrics.csv
uk,TLD4,sizing,RSD_mean,one_to_one,GNN,123,3,60.345598414528133,percent,VALID,85,111,inputs/release_r2/3_Experiment/1_UK/planning/TLD4/GNN/seed_123/metrics.csv
uk,TLD4,sizing,RSD_median,one_to_one,GNN,123,3,35.678559738306319,percent,VALID,85,111,inputs/release_r2/3_Experiment/1_UK/planning/TLD4/GNN/seed_123/metrics.csv
uk,TLD4,siting,WSD,,GNN,42,3,1.8830960354178983,km,VALID,111,111,inputs/release_r2/3_Experiment/1_UK/planning/TLD4/GNN/seed_42/metrics.csv
uk,TLD4,sizing,RSD_mean,many_to_one,GNN,42,3,49.52041540722675,percent,VALID,98,111,inputs/release_r2/3_Experiment/1_UK/planning/TLD4/GNN/seed_42/metrics.csv
uk,TLD4,sizing,RSD_median,many_to_one,GNN,42,3,35.458308487516646,percent,VALID,98,111,inputs/release_r2/3_Experiment/1_UK/planning/TLD4/GNN/seed_42/metrics.csv
uk,TLD4,sizing,RSD_mean,one_to_one,GNN,42,3,55.909908815230267,percent,VALID,83,111,inputs/release_r2/3_Experiment/1_UK/planning/TLD4/GNN/seed_42/metrics.csv
uk,TLD4,sizing,RSD_median,one_to_one,GNN,42,3,36.995375745107275,percent,VALID,83,111,inputs/release_r2/3_Experiment/1_UK/planning/TLD4/GNN/seed_42/metrics.csv
uk,TLD4,siting,WSD,,GNN,456,4,1.8957578490522451,km,VALID,111,111,inputs/release_r2/3_Experiment/1_UK/planning/TLD4/GNN/seed_456/metrics.csv
uk,TLD4,sizing,RSD_mean,many_to_one,GNN,456,4,58.258486814988089,percent,VALID,98,111,inputs/release_r2/3_Experiment/1_UK/planning/TLD4/GNN/seed_456/metrics.csv
uk,TLD4,sizing,RSD_median,many_to_one,GNN,456,4,37.82069410576144,percent,VALID,98,111,inputs/release_r2/3_Experiment/1_UK/planning/TLD4/GNN/seed_456/metrics.csv
uk,TLD4,sizing,RSD_mean,one_to_one,GNN,456,4,64.519517967467209,percent,VALID,78,111,inputs/release_r2/3_Experiment/1_UK/planning/TLD4/GNN/seed_456/metrics.csv
uk,TLD4,sizing,RSD_median,one_to_one,GNN,456,4,39.71567897920869,percent,VALID,78,111,inputs/release_r2/3_Experiment/1_UK/planning/TLD4/GNN/seed_456/metrics.csv
uk,TLD6,reconstruction,rmse,,GNN,42,2,5.9950670757221491,MVA,VALID,94,94,inputs/release_r2/3_Experiment/1_UK/observations/TLD6/reconstruction/metrics.csv
uk,TLD6,reconstruction,mae,,GNN,42,2,4.4324241278694707,MVA,VALID,94,94,inputs/release_r2/3_Experiment/1_UK/observations/TLD6/reconstruction/metrics.csv
uk,TLD6,reconstruction,rmse,,GNN,123,2,6.5542593723250908,MVA,VALID,94,94,inputs/release_r2/3_Experiment/1_UK/observations/TLD6/reconstruction/metrics.csv
uk,TLD6,reconstruction,mae,,GNN,123,2,4.9953851376569132,MVA,VALID,94,94,inputs/release_r2/3_Experiment/1_UK/observations/TLD6/reconstruction/metrics.csv
uk,TLD6,reconstruction,rmse,,GNN,456,1,6.2221718003781321,MVA,VALID,94,94,inputs/release_r2/3_Experiment/1_UK/observations/TLD6/reconstruction/metrics.csv
uk,TLD6,reconstruction,mae,,GNN,456,1,4.6790804010020706,MVA,VALID,94,94,inputs/release_r2/3_Experiment/1_UK/observations/TLD6/reconstruction/metrics.csv
uk,TLD6,reconstruction,rmse,,LU,,,7.5791745290803796,MVA,VALID,94,94,inputs/release_r2/3_Experiment/1_UK/observations/TLD6/reconstruction/metrics.csv
uk,TLD6,reconstruction,mae,,LU,,,5.7837137239063043,MVA,VALID,94,94,inputs/release_r2/3_Experiment/1_UK/observations/TLD6/reconstruction/metrics.csv
uk,TLD6,reconstruction,rmse,,Uni,,,7.7202794032284183,MVA,VALID,94,94,inputs/release_r2/3_Experiment/1_UK/observations/TLD6/reconstruction/metrics.csv
uk,TLD6,reconstruction,mae,,Uni,,,5.9283522631255119,MVA,VALID,94,94,inputs/release_r2/3_Experiment/1_UK/observations/TLD6/reconstruction/metrics.csv
uk,TLD6,siting,WSD,,Uni,,,1.9004080280804996,km,VALID,94,94,inputs/release_r2/3_Experiment/1_UK/planning/TLD6/Uni/seed_0/metrics.csv
uk,TLD6,sizing,RSD_mean,many_to_one,Uni,,,79.038278630492457,percent,VALID,92,94,inputs/release_r2/3_Experiment/1_UK/planning/TLD6/Uni/seed_0/metrics.csv
uk,TLD6,sizing,RSD_median,many_to_one,Uni,,,59.058741293431822,percent,VALID,92,94,inputs/release_r2/3_Experiment/1_UK/planning/TLD6/Uni/seed_0/metrics.csv
uk,TLD6,sizing,RSD_mean,one_to_one,Uni,,,84.056992415911665,percent,VALID,62,94,inputs/release_r2/3_Experiment/1_UK/planning/TLD6/Uni/seed_0/metrics.csv
uk,TLD6,sizing,RSD_median,one_to_one,Uni,,,46.056844071710074,percent,VALID,62,94,inputs/release_r2/3_Experiment/1_UK/planning/TLD6/Uni/seed_0/metrics.csv
uk,TLD6,siting,WSD,,LU,,,1.920683771193515,km,VALID,94,94,inputs/release_r2/3_Experiment/1_UK/planning/TLD6/GPM/seed_0/metrics.csv
uk,TLD6,sizing,RSD_mean,many_to_one,LU,,,78.182113145101866,percent,VALID,93,94,inputs/release_r2/3_Experiment/1_UK/planning/TLD6/GPM/seed_0/metrics.csv
uk,TLD6,sizing,RSD_median,many_to_one,LU,,,55.044532465003705,percent,VALID,93,94,inputs/release_r2/3_Experiment/1_UK/planning/TLD6/GPM/seed_0/metrics.csv
uk,TLD6,sizing,RSD_mean,one_to_one,LU,,,81.383295403472175,percent,VALID,67,94,inputs/release_r2/3_Experiment/1_UK/planning/TLD6/GPM/seed_0/metrics.csv
uk,TLD6,sizing,RSD_median,one_to_one,LU,,,55.044532465003705,percent,VALID,67,94,inputs/release_r2/3_Experiment/1_UK/planning/TLD6/GPM/seed_0/metrics.csv
uk,TLD6,siting,WSD,,GNN,123,2,1.8538032208411954,km,VALID,94,94,inputs/release_r2/3_Experiment/1_UK/planning/TLD6/GNN/seed_123/metrics.csv
uk,TLD6,sizing,RSD_mean,many_to_one,GNN,123,2,74.562541585479707,percent,VALID,88,94,inputs/release_r2/3_Experiment/1_UK/planning/TLD6/GNN/seed_123/metrics.csv
uk,TLD6,sizing,RSD_median,many_to_one,GNN,123,2,44.562416031692962,percent,VALID,88,94,inputs/release_r2/3_Experiment/1_UK/planning/TLD6/GNN/seed_123/metrics.csv
uk,TLD6,sizing,RSD_mean,one_to_one,GNN,123,2,78.397749602541026,percent,VALID,71,94,inputs/release_r2/3_Experiment/1_UK/planning/TLD6/GNN/seed_123/metrics.csv
uk,TLD6,sizing,RSD_median,one_to_one,GNN,123,2,48.752599136484754,percent,VALID,71,94,inputs/release_r2/3_Experiment/1_UK/planning/TLD6/GNN/seed_123/metrics.csv
uk,TLD6,siting,WSD,,GNN,42,2,1.8571399352037326,km,VALID,94,94,inputs/release_r2/3_Experiment/1_UK/planning/TLD6/GNN/seed_42/metrics.csv
uk,TLD6,sizing,RSD_mean,many_to_one,GNN,42,2,70.064924033104589,percent,VALID,91,94,inputs/release_r2/3_Experiment/1_UK/planning/TLD6/GNN/seed_42/metrics.csv
uk,TLD6,sizing,RSD_median,many_to_one,GNN,42,2,42.292267478674404,percent,VALID,91,94,inputs/release_r2/3_Experiment/1_UK/planning/TLD6/GNN/seed_42/metrics.csv
uk,TLD6,sizing,RSD_mean,one_to_one,GNN,42,2,84.915209280592279,percent,VALID,74,94,inputs/release_r2/3_Experiment/1_UK/planning/TLD6/GNN/seed_42/metrics.csv
uk,TLD6,sizing,RSD_median,one_to_one,GNN,42,2,44.249625422436154,percent,VALID,74,94,inputs/release_r2/3_Experiment/1_UK/planning/TLD6/GNN/seed_42/metrics.csv
uk,TLD6,siting,WSD,,GNN,456,1,1.8400039072278502,km,VALID,94,94,inputs/release_r2/3_Experiment/1_UK/planning/TLD6/GNN/seed_456/metrics.csv
uk,TLD6,sizing,RSD_mean,many_to_one,GNN,456,1,79.813577879462528,percent,VALID,91,94,inputs/release_r2/3_Experiment/1_UK/planning/TLD6/GNN/seed_456/metrics.csv
uk,TLD6,sizing,RSD_median,many_to_one,GNN,456,1,47.427233329334776,percent,VALID,91,94,inputs/release_r2/3_Experiment/1_UK/planning/TLD6/GNN/seed_456/metrics.csv
uk,TLD6,sizing,RSD_mean,one_to_one,GNN,456,1,90.234943354331818,percent,VALID,71,94,inputs/release_r2/3_Experiment/1_UK/planning/TLD6/GNN/seed_456/metrics.csv
uk,TLD6,sizing,RSD_median,one_to_one,GNN,456,1,50.619061041226288,percent,VALID,71,94,inputs/release_r2/3_Experiment/1_UK/planning/TLD6/GNN/seed_456/metrics.csv
uk,TLE3,reconstruction,rmse,,GNN,42,2,8.2675621133692552,MVA,VALID,92,92,inputs/release_r2/3_Experiment/1_UK/observations/TLE3/reconstruction/metrics.csv
uk,TLE3,reconstruction,mae,,GNN,42,2,6.0318262261415114,MVA,VALID,92,92,inputs/release_r2/3_Experiment/1_UK/observations/TLE3/reconstruction/metrics.csv
uk,TLE3,reconstruction,rmse,,GNN,123,4,8.0223652591249479,MVA,VALID,92,92,inputs/release_r2/3_Experiment/1_UK/observations/TLE3/reconstruction/metrics.csv
uk,TLE3,reconstruction,mae,,GNN,123,4,6.0626246556812688,MVA,VALID,92,92,inputs/release_r2/3_Experiment/1_UK/observations/TLE3/reconstruction/metrics.csv
uk,TLE3,reconstruction,rmse,,GNN,456,3,8.1520924810481965,MVA,VALID,92,92,inputs/release_r2/3_Experiment/1_UK/observations/TLE3/reconstruction/metrics.csv
uk,TLE3,reconstruction,mae,,GNN,456,3,6.1098074973928203,MVA,VALID,92,92,inputs/release_r2/3_Experiment/1_UK/observations/TLE3/reconstruction/metrics.csv
uk,TLE3,reconstruction,rmse,,LU,,,9.0864541978331932,MVA,VALID,92,92,inputs/release_r2/3_Experiment/1_UK/observations/TLE3/reconstruction/metrics.csv
uk,TLE3,reconstruction,mae,,LU,,,7.2019124103458187,MVA,VALID,92,92,inputs/release_r2/3_Experiment/1_UK/observations/TLE3/reconstruction/metrics.csv
uk,TLE3,reconstruction,rmse,,Uni,,,14.344117292471516,MVA,VALID,92,92,inputs/release_r2/3_Experiment/1_UK/observations/TLE3/reconstruction/metrics.csv
uk,TLE3,reconstruction,mae,,Uni,,,9.2735411028911532,MVA,VALID,92,92,inputs/release_r2/3_Experiment/1_UK/observations/TLE3/reconstruction/metrics.csv
uk,TLE3,siting,WSD,,Uni,,,1.5334387158488911,km,VALID,92,92,inputs/release_r2/3_Experiment/1_UK/planning/TLE3/Uni/seed_0/metrics.csv
uk,TLE3,sizing,RSD_mean,many_to_one,Uni,,,56.800085967802637,percent,VALID,87,92,inputs/release_r2/3_Experiment/1_UK/planning/TLE3/Uni/seed_0/metrics.csv
uk,TLE3,sizing,RSD_median,many_to_one,Uni,,,27.721983746435388,percent,VALID,87,92,inputs/release_r2/3_Experiment/1_UK/planning/TLE3/Uni/seed_0/metrics.csv
uk,TLE3,sizing,RSD_mean,one_to_one,Uni,,,52.011302082877542,percent,VALID,64,92,inputs/release_r2/3_Experiment/1_UK/planning/TLE3/Uni/seed_0/metrics.csv
uk,TLE3,sizing,RSD_median,one_to_one,Uni,,,25.404352578294542,percent,VALID,64,92,inputs/release_r2/3_Experiment/1_UK/planning/TLE3/Uni/seed_0/metrics.csv
uk,TLE3,siting,WSD,,LU,,,1.4603988725770305,km,VALID,92,92,inputs/release_r2/3_Experiment/1_UK/planning/TLE3/GPM/seed_0/metrics.csv
uk,TLE3,sizing,RSD_mean,many_to_one,LU,,,37.660439720248306,percent,VALID,87,92,inputs/release_r2/3_Experiment/1_UK/planning/TLE3/GPM/seed_0/metrics.csv
uk,TLE3,sizing,RSD_median,many_to_one,LU,,,26.474738943771456,percent,VALID,87,92,inputs/release_r2/3_Experiment/1_UK/planning/TLE3/GPM/seed_0/metrics.csv
uk,TLE3,sizing,RSD_mean,one_to_one,LU,,,45.196584089477383,percent,VALID,73,92,inputs/release_r2/3_Experiment/1_UK/planning/TLE3/GPM/seed_0/metrics.csv
uk,TLE3,sizing,RSD_median,one_to_one,LU,,,28.184076808212982,percent,VALID,73,92,inputs/release_r2/3_Experiment/1_UK/planning/TLE3/GPM/seed_0/metrics.csv
uk,TLE3,siting,WSD,,GNN,123,4,1.503147791752689,km,VALID,92,92,inputs/release_r2/3_Experiment/1_UK/planning/TLE3/GNN/seed_123/metrics.csv
uk,TLE3,sizing,RSD_mean,many_to_one,GNN,123,4,56.811889327698928,percent,VALID,90,92,inputs/release_r2/3_Experiment/1_UK/planning/TLE3/GNN/seed_123/metrics.csv
uk,TLE3,sizing,RSD_median,many_to_one,GNN,123,4,32.289794323699965,percent,VALID,90,92,inputs/release_r2/3_Experiment/1_UK/planning/TLE3/GNN/seed_123/metrics.csv
uk,TLE3,sizing,RSD_mean,one_to_one,GNN,123,4,58.307197095064218,percent,VALID,83,92,inputs/release_r2/3_Experiment/1_UK/planning/TLE3/GNN/seed_123/metrics.csv
uk,TLE3,sizing,RSD_median,one_to_one,GNN,123,4,35.514984960573599,percent,VALID,83,92,inputs/release_r2/3_Experiment/1_UK/planning/TLE3/GNN/seed_123/metrics.csv
uk,TLE3,siting,WSD,,GNN,42,2,1.4726092693857671,km,VALID,92,92,inputs/release_r2/3_Experiment/1_UK/planning/TLE3/GNN/seed_42/metrics.csv
uk,TLE3,sizing,RSD_mean,many_to_one,GNN,42,2,62.695192510570543,percent,VALID,91,92,inputs/release_r2/3_Experiment/1_UK/planning/TLE3/GNN/seed_42/metrics.csv
uk,TLE3,sizing,RSD_median,many_to_one,GNN,42,2,34.437393129851223,percent,VALID,91,92,inputs/release_r2/3_Experiment/1_UK/planning/TLE3/GNN/seed_42/metrics.csv
uk,TLE3,sizing,RSD_mean,one_to_one,GNN,42,2,55.09812919078442,percent,VALID,81,92,inputs/release_r2/3_Experiment/1_UK/planning/TLE3/GNN/seed_42/metrics.csv
uk,TLE3,sizing,RSD_median,one_to_one,GNN,42,2,35.665960075330105,percent,VALID,81,92,inputs/release_r2/3_Experiment/1_UK/planning/TLE3/GNN/seed_42/metrics.csv
uk,TLE3,siting,WSD,,GNN,456,3,1.4907985701263577,km,VALID,92,92,inputs/release_r2/3_Experiment/1_UK/planning/TLE3/GNN/seed_456/metrics.csv
uk,TLE3,sizing,RSD_mean,many_to_one,GNN,456,3,58.39259513969936,percent,VALID,90,92,inputs/release_r2/3_Experiment/1_UK/planning/TLE3/GNN/seed_456/metrics.csv
uk,TLE3,sizing,RSD_median,many_to_one,GNN,456,3,34.34202845408953,percent,VALID,90,92,inputs/release_r2/3_Experiment/1_UK/planning/TLE3/GNN/seed_456/metrics.csv
uk,TLE3,sizing,RSD_mean,one_to_one,GNN,456,3,58.946228493872454,percent,VALID,84,92,inputs/release_r2/3_Experiment/1_UK/planning/TLE3/GNN/seed_456/metrics.csv
uk,TLE3,sizing,RSD_median,one_to_one,GNN,456,3,31.596883536632333,percent,VALID,84,92,inputs/release_r2/3_Experiment/1_UK/planning/TLE3/GNN/seed_456/metrics.csv
uk,TLE4,reconstruction,rmse,,GNN,42,2,7.1184787191314642,MVA,VALID,151,151,inputs/release_r2/3_Experiment/1_UK/observations/TLE4/reconstruction/metrics.csv
uk,TLE4,reconstruction,mae,,GNN,42,2,5.5039522997456212,MVA,VALID,151,151,inputs/release_r2/3_Experiment/1_UK/observations/TLE4/reconstruction/metrics.csv
uk,TLE4,reconstruction,rmse,,GNN,123,2,7.312159651356259,MVA,VALID,151,151,inputs/release_r2/3_Experiment/1_UK/observations/TLE4/reconstruction/metrics.csv
uk,TLE4,reconstruction,mae,,GNN,123,2,5.5936141007189111,MVA,VALID,151,151,inputs/release_r2/3_Experiment/1_UK/observations/TLE4/reconstruction/metrics.csv
uk,TLE4,reconstruction,rmse,,GNN,456,4,8.0202262002497751,MVA,VALID,151,151,inputs/release_r2/3_Experiment/1_UK/observations/TLE4/reconstruction/metrics.csv
uk,TLE4,reconstruction,mae,,GNN,456,4,6.0823508922098206,MVA,VALID,151,151,inputs/release_r2/3_Experiment/1_UK/observations/TLE4/reconstruction/metrics.csv
uk,TLE4,reconstruction,rmse,,LU,,,8.2947933889051857,MVA,VALID,151,151,inputs/release_r2/3_Experiment/1_UK/observations/TLE4/reconstruction/metrics.csv
uk,TLE4,reconstruction,mae,,LU,,,6.3748239773630528,MVA,VALID,151,151,inputs/release_r2/3_Experiment/1_UK/observations/TLE4/reconstruction/metrics.csv
uk,TLE4,reconstruction,rmse,,Uni,,,12.351858900705803,MVA,VALID,151,151,inputs/release_r2/3_Experiment/1_UK/observations/TLE4/reconstruction/metrics.csv
uk,TLE4,reconstruction,mae,,Uni,,,8.9834152749834555,MVA,VALID,151,151,inputs/release_r2/3_Experiment/1_UK/observations/TLE4/reconstruction/metrics.csv
uk,TLE4,siting,WSD,,Uni,,,1.4105701125312902,km,VALID,151,151,inputs/release_r2/3_Experiment/1_UK/planning/TLE4/Uni/seed_0/metrics.csv
uk,TLE4,sizing,RSD_mean,many_to_one,Uni,,,59.327023811342116,percent,VALID,150,151,inputs/release_r2/3_Experiment/1_UK/planning/TLE4/Uni/seed_0/metrics.csv
uk,TLE4,sizing,RSD_median,many_to_one,Uni,,,25.937051945413607,percent,VALID,150,151,inputs/release_r2/3_Experiment/1_UK/planning/TLE4/Uni/seed_0/metrics.csv
uk,TLE4,sizing,RSD_mean,one_to_one,Uni,,,41.724708758555266,percent,VALID,109,151,inputs/release_r2/3_Experiment/1_UK/planning/TLE4/Uni/seed_0/metrics.csv
uk,TLE4,sizing,RSD_median,one_to_one,Uni,,,22.661921346500534,percent,VALID,109,151,inputs/release_r2/3_Experiment/1_UK/planning/TLE4/Uni/seed_0/metrics.csv
uk,TLE4,siting,WSD,,LU,,,1.3405778396533323,km,VALID,151,151,inputs/release_r2/3_Experiment/1_UK/planning/TLE4/GPM/seed_0/metrics.csv
uk,TLE4,sizing,RSD_mean,many_to_one,LU,,,53.951910239744308,percent,VALID,149,151,inputs/release_r2/3_Experiment/1_UK/planning/TLE4/GPM/seed_0/metrics.csv
uk,TLE4,sizing,RSD_median,many_to_one,LU,,,28.994671615686098,percent,VALID,149,151,inputs/release_r2/3_Experiment/1_UK/planning/TLE4/GPM/seed_0/metrics.csv
uk,TLE4,sizing,RSD_mean,one_to_one,LU,,,42.489348240182004,percent,VALID,128,151,inputs/release_r2/3_Experiment/1_UK/planning/TLE4/GPM/seed_0/metrics.csv
uk,TLE4,sizing,RSD_median,one_to_one,LU,,,30.641636361030102,percent,VALID,128,151,inputs/release_r2/3_Experiment/1_UK/planning/TLE4/GPM/seed_0/metrics.csv
uk,TLE4,siting,WSD,,GNN,123,2,1.3849145420625542,km,VALID,151,151,inputs/release_r2/3_Experiment/1_UK/planning/TLE4/GNN/seed_123/metrics.csv
uk,TLE4,sizing,RSD_mean,many_to_one,GNN,123,2,65.956696595951072,percent,VALID,148,151,inputs/release_r2/3_Experiment/1_UK/planning/TLE4/GNN/seed_123/metrics.csv
uk,TLE4,sizing,RSD_median,many_to_one,GNN,123,2,29.939371133395969,percent,VALID,148,151,inputs/release_r2/3_Experiment/1_UK/planning/TLE4/GNN/seed_123/metrics.csv
uk,TLE4,sizing,RSD_mean,one_to_one,GNN,123,2,63.586108179610783,percent,VALID,133,151,inputs/release_r2/3_Experiment/1_UK/planning/TLE4/GNN/seed_123/metrics.csv
uk,TLE4,sizing,RSD_median,one_to_one,GNN,123,2,28.374272735293665,percent,VALID,133,151,inputs/release_r2/3_Experiment/1_UK/planning/TLE4/GNN/seed_123/metrics.csv
uk,TLE4,siting,WSD,,GNN,42,2,1.3903906801791897,km,VALID,151,151,inputs/release_r2/3_Experiment/1_UK/planning/TLE4/GNN/seed_42/metrics.csv
uk,TLE4,sizing,RSD_mean,many_to_one,GNN,42,2,69.872976159682253,percent,VALID,149,151,inputs/release_r2/3_Experiment/1_UK/planning/TLE4/GNN/seed_42/metrics.csv
uk,TLE4,sizing,RSD_median,many_to_one,GNN,42,2,28.157991995951637,percent,VALID,149,151,inputs/release_r2/3_Experiment/1_UK/planning/TLE4/GNN/seed_42/metrics.csv
uk,TLE4,sizing,RSD_mean,one_to_one,GNN,42,2,58.21303918027084,percent,VALID,131,151,inputs/release_r2/3_Experiment/1_UK/planning/TLE4/GNN/seed_42/metrics.csv
uk,TLE4,sizing,RSD_median,one_to_one,GNN,42,2,29.730656621694695,percent,VALID,131,151,inputs/release_r2/3_Experiment/1_UK/planning/TLE4/GNN/seed_42/metrics.csv
uk,TLE4,siting,WSD,,GNN,456,4,1.3964588281937784,km,VALID,151,151,inputs/release_r2/3_Experiment/1_UK/planning/TLE4/GNN/seed_456/metrics.csv
uk,TLE4,sizing,RSD_mean,many_to_one,GNN,456,4,76.391013544746471,percent,VALID,147,151,inputs/release_r2/3_Experiment/1_UK/planning/TLE4/GNN/seed_456/metrics.csv
uk,TLE4,sizing,RSD_median,many_to_one,GNN,456,4,31.456215077545735,percent,VALID,147,151,inputs/release_r2/3_Experiment/1_UK/planning/TLE4/GNN/seed_456/metrics.csv
uk,TLE4,sizing,RSD_mean,one_to_one,GNN,456,4,53.851518109993137,percent,VALID,125,151,inputs/release_r2/3_Experiment/1_UK/planning/TLE4/GNN/seed_456/metrics.csv
uk,TLE4,sizing,RSD_median,one_to_one,GNN,456,4,31.188213629307437,percent,VALID,125,151,inputs/release_r2/3_Experiment/1_UK/planning/TLE4/GNN/seed_456/metrics.csv
uk,TLF1,reconstruction,rmse,,GNN,42,3,8.845074733677599,MVA,VALID,135,135,inputs/release_r2/3_Experiment/1_UK/observations/TLF1/reconstruction/metrics.csv
uk,TLF1,reconstruction,mae,,GNN,42,3,6.5105347947831618,MVA,VALID,135,135,inputs/release_r2/3_Experiment/1_UK/observations/TLF1/reconstruction/metrics.csv
uk,TLF1,reconstruction,rmse,,GNN,123,1,9.524255760374686,MVA,VALID,135,135,inputs/release_r2/3_Experiment/1_UK/observations/TLF1/reconstruction/metrics.csv
uk,TLF1,reconstruction,mae,,GNN,123,1,6.9905847029326971,MVA,VALID,135,135,inputs/release_r2/3_Experiment/1_UK/observations/TLF1/reconstruction/metrics.csv
uk,TLF1,reconstruction,rmse,,GNN,456,3,9.7704504488521913,MVA,VALID,135,135,inputs/release_r2/3_Experiment/1_UK/observations/TLF1/reconstruction/metrics.csv
uk,TLF1,reconstruction,mae,,GNN,456,3,7.295600846019707,MVA,VALID,135,135,inputs/release_r2/3_Experiment/1_UK/observations/TLF1/reconstruction/metrics.csv
uk,TLF1,reconstruction,rmse,,LU,,,10.888636794476994,MVA,VALID,135,135,inputs/release_r2/3_Experiment/1_UK/observations/TLF1/reconstruction/metrics.csv
uk,TLF1,reconstruction,mae,,LU,,,8.6196109316336322,MVA,VALID,135,135,inputs/release_r2/3_Experiment/1_UK/observations/TLF1/reconstruction/metrics.csv
uk,TLF1,reconstruction,rmse,,Uni,,,10.994452459569404,MVA,VALID,135,135,inputs/release_r2/3_Experiment/1_UK/observations/TLF1/reconstruction/metrics.csv
uk,TLF1,reconstruction,mae,,Uni,,,8.6111206096998725,MVA,VALID,135,135,inputs/release_r2/3_Experiment/1_UK/observations/TLF1/reconstruction/metrics.csv
uk,TLF1,siting,WSD,,Uni,,,2.2618011833820422,km,VALID,135,135,inputs/release_r2/3_Experiment/1_UK/planning/TLF1/Uni/seed_0/metrics.csv
uk,TLF1,sizing,RSD_mean,many_to_one,Uni,,,73.309442412787334,percent,VALID,133,135,inputs/release_r2/3_Experiment/1_UK/planning/TLF1/Uni/seed_0/metrics.csv
uk,TLF1,sizing,RSD_median,many_to_one,Uni,,,41.533932545349977,percent,VALID,133,135,inputs/release_r2/3_Experiment/1_UK/planning/TLF1/Uni/seed_0/metrics.csv
uk,TLF1,sizing,RSD_mean,one_to_one,Uni,,,78.584566929103872,percent,VALID,118,135,inputs/release_r2/3_Experiment/1_UK/planning/TLF1/Uni/seed_0/metrics.csv
uk,TLF1,sizing,RSD_median,one_to_one,Uni,,,43.126059706078223,percent,VALID,118,135,inputs/release_r2/3_Experiment/1_UK/planning/TLF1/Uni/seed_0/metrics.csv
uk,TLF1,siting,WSD,,LU,,,2.2386703048289918,km,VALID,135,135,inputs/release_r2/3_Experiment/1_UK/planning/TLF1/GPM/seed_0/metrics.csv
uk,TLF1,sizing,RSD_mean,many_to_one,LU,,,70.806619240252402,percent,VALID,132,135,inputs/release_r2/3_Experiment/1_UK/planning/TLF1/GPM/seed_0/metrics.csv
uk,TLF1,sizing,RSD_median,many_to_one,LU,,,42.592286858313486,percent,VALID,132,135,inputs/release_r2/3_Experiment/1_UK/planning/TLF1/GPM/seed_0/metrics.csv
uk,TLF1,sizing,RSD_mean,one_to_one,LU,,,76.905485330538568,percent,VALID,117,135,inputs/release_r2/3_Experiment/1_UK/planning/TLF1/GPM/seed_0/metrics.csv
uk,TLF1,sizing,RSD_median,one_to_one,LU,,,39.452067708712306,percent,VALID,117,135,inputs/release_r2/3_Experiment/1_UK/planning/TLF1/GPM/seed_0/metrics.csv
uk,TLF1,siting,WSD,,GNN,123,1,2.1520200389699449,km,VALID,135,135,inputs/release_r2/3_Experiment/1_UK/planning/TLF1/GNN/seed_123/metrics.csv
uk,TLF1,sizing,RSD_mean,many_to_one,GNN,123,1,63.092695434271761,percent,VALID,132,135,inputs/release_r2/3_Experiment/1_UK/planning/TLF1/GNN/seed_123/metrics.csv
uk,TLF1,sizing,RSD_median,many_to_one,GNN,123,1,40.158847899457037,percent,VALID,132,135,inputs/release_r2/3_Experiment/1_UK/planning/TLF1/GNN/seed_123/metrics.csv
uk,TLF1,sizing,RSD_mean,one_to_one,GNN,123,1,61.921880504191122,percent,VALID,113,135,inputs/release_r2/3_Experiment/1_UK/planning/TLF1/GNN/seed_123/metrics.csv
uk,TLF1,sizing,RSD_median,one_to_one,GNN,123,1,40.076087397891691,percent,VALID,113,135,inputs/release_r2/3_Experiment/1_UK/planning/TLF1/GNN/seed_123/metrics.csv
uk,TLF1,siting,WSD,,GNN,42,3,2.1184439185598514,km,VALID,135,135,inputs/release_r2/3_Experiment/1_UK/planning/TLF1/GNN/seed_42/metrics.csv
uk,TLF1,sizing,RSD_mean,many_to_one,GNN,42,3,65.548714070455006,percent,VALID,133,135,inputs/release_r2/3_Experiment/1_UK/planning/TLF1/GNN/seed_42/metrics.csv
uk,TLF1,sizing,RSD_median,many_to_one,GNN,42,3,40.126840437217609,percent,VALID,133,135,inputs/release_r2/3_Experiment/1_UK/planning/TLF1/GNN/seed_42/metrics.csv
uk,TLF1,sizing,RSD_mean,one_to_one,GNN,42,3,65.915237387014599,percent,VALID,123,135,inputs/release_r2/3_Experiment/1_UK/planning/TLF1/GNN/seed_42/metrics.csv
uk,TLF1,sizing,RSD_median,one_to_one,GNN,42,3,48.772345317263536,percent,VALID,123,135,inputs/release_r2/3_Experiment/1_UK/planning/TLF1/GNN/seed_42/metrics.csv
uk,TLF1,siting,WSD,,GNN,456,3,2.0896975419282504,km,VALID,135,135,inputs/release_r2/3_Experiment/1_UK/planning/TLF1/GNN/seed_456/metrics.csv
uk,TLF1,sizing,RSD_mean,many_to_one,GNN,456,3,68.203369910556518,percent,VALID,132,135,inputs/release_r2/3_Experiment/1_UK/planning/TLF1/GNN/seed_456/metrics.csv
uk,TLF1,sizing,RSD_median,many_to_one,GNN,456,3,41.34618752670589,percent,VALID,132,135,inputs/release_r2/3_Experiment/1_UK/planning/TLF1/GNN/seed_456/metrics.csv
uk,TLF1,sizing,RSD_mean,one_to_one,GNN,456,3,67.649813186252899,percent,VALID,116,135,inputs/release_r2/3_Experiment/1_UK/planning/TLF1/GNN/seed_456/metrics.csv
uk,TLF1,sizing,RSD_median,one_to_one,GNN,456,3,43.088309165324162,percent,VALID,116,135,inputs/release_r2/3_Experiment/1_UK/planning/TLF1/GNN/seed_456/metrics.csv
uk,TLF2,reconstruction,rmse,,GNN,42,1,9.9475854708032738,MVA,VALID,105,105,inputs/release_r2/3_Experiment/1_UK/observations/TLF2/reconstruction/metrics.csv
uk,TLF2,reconstruction,mae,,GNN,42,1,7.4326178516720658,MVA,VALID,105,105,inputs/release_r2/3_Experiment/1_UK/observations/TLF2/reconstruction/metrics.csv
uk,TLF2,reconstruction,rmse,,GNN,123,2,9.8719096236180484,MVA,VALID,105,105,inputs/release_r2/3_Experiment/1_UK/observations/TLF2/reconstruction/metrics.csv
uk,TLF2,reconstruction,mae,,GNN,123,2,7.1897603454426466,MVA,VALID,105,105,inputs/release_r2/3_Experiment/1_UK/observations/TLF2/reconstruction/metrics.csv
uk,TLF2,reconstruction,rmse,,GNN,456,4,9.4747668191563186,MVA,VALID,105,105,inputs/release_r2/3_Experiment/1_UK/observations/TLF2/reconstruction/metrics.csv
uk,TLF2,reconstruction,mae,,GNN,456,4,6.9735367390781748,MVA,VALID,105,105,inputs/release_r2/3_Experiment/1_UK/observations/TLF2/reconstruction/metrics.csv
uk,TLF2,reconstruction,rmse,,LU,,,12.09716871321926,MVA,VALID,105,105,inputs/release_r2/3_Experiment/1_UK/observations/TLF2/reconstruction/metrics.csv
uk,TLF2,reconstruction,mae,,LU,,,9.3581021334184982,MVA,VALID,105,105,inputs/release_r2/3_Experiment/1_UK/observations/TLF2/reconstruction/metrics.csv
uk,TLF2,reconstruction,rmse,,Uni,,,12.100464928101985,MVA,VALID,105,105,inputs/release_r2/3_Experiment/1_UK/observations/TLF2/reconstruction/metrics.csv
uk,TLF2,reconstruction,mae,,Uni,,,9.2617747466961156,MVA,VALID,105,105,inputs/release_r2/3_Experiment/1_UK/observations/TLF2/reconstruction/metrics.csv
uk,TLF2,siting,WSD,,Uni,,,2.5872366784832028,km,VALID,105,105,inputs/release_r2/3_Experiment/1_UK/planning/TLF2/Uni/seed_0/metrics.csv
uk,TLF2,sizing,RSD_mean,many_to_one,Uni,,,57.911686989411216,percent,VALID,101,105,inputs/release_r2/3_Experiment/1_UK/planning/TLF2/Uni/seed_0/metrics.csv
uk,TLF2,sizing,RSD_median,many_to_one,Uni,,,33.469171642068247,percent,VALID,101,105,inputs/release_r2/3_Experiment/1_UK/planning/TLF2/Uni/seed_0/metrics.csv
uk,TLF2,sizing,RSD_mean,one_to_one,Uni,,,57.901258093163499,percent,VALID,67,105,inputs/release_r2/3_Experiment/1_UK/planning/TLF2/Uni/seed_0/metrics.csv
uk,TLF2,sizing,RSD_median,one_to_one,Uni,,,32.35580511451289,percent,VALID,67,105,inputs/release_r2/3_Experiment/1_UK/planning/TLF2/Uni/seed_0/metrics.csv
uk,TLF2,siting,WSD,,LU,,,2.5048016921373457,km,VALID,105,105,inputs/release_r2/3_Experiment/1_UK/planning/TLF2/GPM/seed_0/metrics.csv
uk,TLF2,sizing,RSD_mean,many_to_one,LU,,,65.457728650537362,percent,VALID,101,105,inputs/release_r2/3_Experiment/1_UK/planning/TLF2/GPM/seed_0/metrics.csv
uk,TLF2,sizing,RSD_median,many_to_one,LU,,,37.536977520097992,percent,VALID,101,105,inputs/release_r2/3_Experiment/1_UK/planning/TLF2/GPM/seed_0/metrics.csv
uk,TLF2,sizing,RSD_mean,one_to_one,LU,,,56.682096812432412,percent,VALID,73,105,inputs/release_r2/3_Experiment/1_UK/planning/TLF2/GPM/seed_0/metrics.csv
uk,TLF2,sizing,RSD_median,one_to_one,LU,,,35.931097148225163,percent,VALID,73,105,inputs/release_r2/3_Experiment/1_UK/planning/TLF2/GPM/seed_0/metrics.csv
uk,TLF2,siting,WSD,,GNN,123,2,2.4719725698507746,km,VALID,105,105,inputs/release_r2/3_Experiment/1_UK/planning/TLF2/GNN/seed_123/metrics.csv
uk,TLF2,sizing,RSD_mean,many_to_one,GNN,123,2,50.533395999192763,percent,VALID,100,105,inputs/release_r2/3_Experiment/1_UK/planning/TLF2/GNN/seed_123/metrics.csv
uk,TLF2,sizing,RSD_median,many_to_one,GNN,123,2,32.242362264488712,percent,VALID,100,105,inputs/release_r2/3_Experiment/1_UK/planning/TLF2/GNN/seed_123/metrics.csv
uk,TLF2,sizing,RSD_mean,one_to_one,GNN,123,2,48.968120559613162,percent,VALID,82,105,inputs/release_r2/3_Experiment/1_UK/planning/TLF2/GNN/seed_123/metrics.csv
uk,TLF2,sizing,RSD_median,one_to_one,GNN,123,2,32.98601165735414,percent,VALID,82,105,inputs/release_r2/3_Experiment/1_UK/planning/TLF2/GNN/seed_123/metrics.csv
uk,TLF2,siting,WSD,,GNN,42,1,2.4564236399617507,km,VALID,105,105,inputs/release_r2/3_Experiment/1_UK/planning/TLF2/GNN/seed_42/metrics.csv
uk,TLF2,sizing,RSD_mean,many_to_one,GNN,42,1,51.612730039410685,percent,VALID,102,105,inputs/release_r2/3_Experiment/1_UK/planning/TLF2/GNN/seed_42/metrics.csv
uk,TLF2,sizing,RSD_median,many_to_one,GNN,42,1,37.394641432183917,percent,VALID,102,105,inputs/release_r2/3_Experiment/1_UK/planning/TLF2/GNN/seed_42/metrics.csv
uk,TLF2,sizing,RSD_mean,one_to_one,GNN,42,1,49.154781840183674,percent,VALID,85,105,inputs/release_r2/3_Experiment/1_UK/planning/TLF2/GNN/seed_42/metrics.csv
uk,TLF2,sizing,RSD_median,one_to_one,GNN,42,1,37.520544355808063,percent,VALID,85,105,inputs/release_r2/3_Experiment/1_UK/planning/TLF2/GNN/seed_42/metrics.csv
uk,TLF2,siting,WSD,,GNN,456,4,2.4852808770640324,km,VALID,105,105,inputs/release_r2/3_Experiment/1_UK/planning/TLF2/GNN/seed_456/metrics.csv
uk,TLF2,sizing,RSD_mean,many_to_one,GNN,456,4,49.799500483333539,percent,VALID,103,105,inputs/release_r2/3_Experiment/1_UK/planning/TLF2/GNN/seed_456/metrics.csv
uk,TLF2,sizing,RSD_median,many_to_one,GNN,456,4,34.746059764893879,percent,VALID,103,105,inputs/release_r2/3_Experiment/1_UK/planning/TLF2/GNN/seed_456/metrics.csv
uk,TLF2,sizing,RSD_mean,one_to_one,GNN,456,4,50.075204062672398,percent,VALID,85,105,inputs/release_r2/3_Experiment/1_UK/planning/TLF2/GNN/seed_456/metrics.csv
uk,TLF2,sizing,RSD_median,one_to_one,GNN,456,4,41.073995159511476,percent,VALID,85,105,inputs/release_r2/3_Experiment/1_UK/planning/TLF2/GNN/seed_456/metrics.csv
uk,TLG1,reconstruction,rmse,,GNN,42,2,17.591698961048586,MVA,VALID,65,65,inputs/release_r2/3_Experiment/1_UK/observations/TLG1/reconstruction/metrics.csv
uk,TLG1,reconstruction,mae,,GNN,42,2,10.825384380304165,MVA,VALID,65,65,inputs/release_r2/3_Experiment/1_UK/observations/TLG1/reconstruction/metrics.csv
uk,TLG1,reconstruction,rmse,,GNN,123,2,12.890062586431119,MVA,VALID,65,65,inputs/release_r2/3_Experiment/1_UK/observations/TLG1/reconstruction/metrics.csv
uk,TLG1,reconstruction,mae,,GNN,123,2,10.048775073834621,MVA,VALID,65,65,inputs/release_r2/3_Experiment/1_UK/observations/TLG1/reconstruction/metrics.csv
uk,TLG1,reconstruction,rmse,,GNN,456,4,18.05337245772704,MVA,VALID,65,65,inputs/release_r2/3_Experiment/1_UK/observations/TLG1/reconstruction/metrics.csv
uk,TLG1,reconstruction,mae,,GNN,456,4,10.663358987499523,MVA,VALID,65,65,inputs/release_r2/3_Experiment/1_UK/observations/TLG1/reconstruction/metrics.csv
uk,TLG1,reconstruction,rmse,,LU,,,14.558871818185558,MVA,VALID,65,65,inputs/release_r2/3_Experiment/1_UK/observations/TLG1/reconstruction/metrics.csv
uk,TLG1,reconstruction,mae,,LU,,,11.731644300303188,MVA,VALID,65,65,inputs/release_r2/3_Experiment/1_UK/observations/TLG1/reconstruction/metrics.csv
uk,TLG1,reconstruction,rmse,,Uni,,,14.761418806894627,MVA,VALID,65,65,inputs/release_r2/3_Experiment/1_UK/observations/TLG1/reconstruction/metrics.csv
uk,TLG1,reconstruction,mae,,Uni,,,11.907091078004305,MVA,VALID,65,65,inputs/release_r2/3_Experiment/1_UK/observations/TLG1/reconstruction/metrics.csv
uk,TLG1,siting,WSD,,Uni,,,3.6344090239856688,km,VALID,65,65,inputs/release_r2/3_Experiment/1_UK/planning/TLG1/Uni/seed_0/metrics.csv
uk,TLG1,sizing,RSD_mean,many_to_one,Uni,,,105.58187948889652,percent,VALID,65,65,inputs/release_r2/3_Experiment/1_UK/planning/TLG1/Uni/seed_0/metrics.csv
uk,TLG1,sizing,RSD_median,many_to_one,Uni,,,57.354092659149671,percent,VALID,65,65,inputs/release_r2/3_Experiment/1_UK/planning/TLG1/Uni/seed_0/metrics.csv
uk,TLG1,sizing,RSD_mean,one_to_one,Uni,,,69.437522833934921,percent,VALID,50,65,inputs/release_r2/3_Experiment/1_UK/planning/TLG1/Uni/seed_0/metrics.csv
uk,TLG1,sizing,RSD_median,one_to_one,Uni,,,53.176281663116285,percent,VALID,50,65,inputs/release_r2/3_Experiment/1_UK/planning/TLG1/Uni/seed_0/metrics.csv
uk,TLG1,siting,WSD,,LU,,,3.7324627491846551,km,VALID,65,65,inputs/release_r2/3_Experiment/1_UK/planning/TLG1/GPM/seed_0/metrics.csv
uk,TLG1,sizing,RSD_mean,many_to_one,LU,,,129.64261932615736,percent,VALID,65,65,inputs/release_r2/3_Experiment/1_UK/planning/TLG1/GPM/seed_0/metrics.csv
uk,TLG1,sizing,RSD_median,many_to_one,LU,,,63.25670174960139,percent,VALID,65,65,inputs/release_r2/3_Experiment/1_UK/planning/TLG1/GPM/seed_0/metrics.csv
uk,TLG1,sizing,RSD_mean,one_to_one,LU,,,67.574332297524293,percent,VALID,53,65,inputs/release_r2/3_Experiment/1_UK/planning/TLG1/GPM/seed_0/metrics.csv
uk,TLG1,sizing,RSD_median,one_to_one,LU,,,52.873955647897304,percent,VALID,53,65,inputs/release_r2/3_Experiment/1_UK/planning/TLG1/GPM/seed_0/metrics.csv
uk,TLG1,siting,WSD,,GNN,123,2,3.6544489407148517,km,VALID,65,65,inputs/release_r2/3_Experiment/1_UK/planning/TLG1/GNN/seed_123/metrics.csv
uk,TLG1,sizing,RSD_mean,many_to_one,GNN,123,2,91.08141281242051,percent,VALID,65,65,inputs/release_r2/3_Experiment/1_UK/planning/TLG1/GNN/seed_123/metrics.csv
uk,TLG1,sizing,RSD_median,many_to_one,GNN,123,2,56.81235624367087,percent,VALID,65,65,inputs/release_r2/3_Experiment/1_UK/planning/TLG1/GNN/seed_123/metrics.csv
uk,TLG1,sizing,RSD_mean,one_to_one,GNN,123,2,97.19459338682222,percent,VALID,49,65,inputs/release_r2/3_Experiment/1_UK/planning/TLG1/GNN/seed_123/metrics.csv
uk,TLG1,sizing,RSD_median,one_to_one,GNN,123,2,55.019956847370956,percent,VALID,49,65,inputs/release_r2/3_Experiment/1_UK/planning/TLG1/GNN/seed_123/metrics.csv
uk,TLG1,siting,WSD,,GNN,42,2,3.650405642478614,km,VALID,65,65,inputs/release_r2/3_Experiment/1_UK/planning/TLG1/GNN/seed_42/metrics.csv
uk,TLG1,sizing,RSD_mean,many_to_one,GNN,42,2,90.230046182925435,percent,VALID,65,65,inputs/release_r2/3_Experiment/1_UK/planning/TLG1/GNN/seed_42/metrics.csv
uk,TLG1,sizing,RSD_median,many_to_one,GNN,42,2,50.212300652744787,percent,VALID,65,65,inputs/release_r2/3_Experiment/1_UK/planning/TLG1/GNN/seed_42/metrics.csv
uk,TLG1,sizing,RSD_mean,one_to_one,GNN,42,2,79.186721943603814,percent,VALID,48,65,inputs/release_r2/3_Experiment/1_UK/planning/TLG1/GNN/seed_42/metrics.csv
uk,TLG1,sizing,RSD_median,one_to_one,GNN,42,2,47.910027022319667,percent,VALID,48,65,inputs/release_r2/3_Experiment/1_UK/planning/TLG1/GNN/seed_42/metrics.csv
uk,TLG1,siting,WSD,,GNN,456,4,3.5635461561729747,km,VALID,65,65,inputs/release_r2/3_Experiment/1_UK/planning/TLG1/GNN/seed_456/metrics.csv
uk,TLG1,sizing,RSD_mean,many_to_one,GNN,456,4,95.772107719425222,percent,VALID,65,65,inputs/release_r2/3_Experiment/1_UK/planning/TLG1/GNN/seed_456/metrics.csv
uk,TLG1,sizing,RSD_median,many_to_one,GNN,456,4,52.283143871042618,percent,VALID,65,65,inputs/release_r2/3_Experiment/1_UK/planning/TLG1/GNN/seed_456/metrics.csv
uk,TLG1,sizing,RSD_mean,one_to_one,GNN,456,4,72.91749276970468,percent,VALID,49,65,inputs/release_r2/3_Experiment/1_UK/planning/TLG1/GNN/seed_456/metrics.csv
uk,TLG1,sizing,RSD_median,one_to_one,GNN,456,4,43.675629801549753,percent,VALID,49,65,inputs/release_r2/3_Experiment/1_UK/planning/TLG1/GNN/seed_456/metrics.csv
uk,TLG2,reconstruction,rmse,,GNN,42,4,10.159308062991572,MVA,VALID,96,96,inputs/release_r2/3_Experiment/1_UK/observations/TLG2/reconstruction/metrics.csv
uk,TLG2,reconstruction,mae,,GNN,42,4,6.7411201221917834,MVA,VALID,96,96,inputs/release_r2/3_Experiment/1_UK/observations/TLG2/reconstruction/metrics.csv
uk,TLG2,reconstruction,rmse,,GNN,123,1,11.810717121362387,MVA,VALID,96,96,inputs/release_r2/3_Experiment/1_UK/observations/TLG2/reconstruction/metrics.csv
uk,TLG2,reconstruction,mae,,GNN,123,1,7.5721298193685298,MVA,VALID,96,96,inputs/release_r2/3_Experiment/1_UK/observations/TLG2/reconstruction/metrics.csv
uk,TLG2,reconstruction,rmse,,GNN,456,3,11.710546274095069,MVA,VALID,96,96,inputs/release_r2/3_Experiment/1_UK/observations/TLG2/reconstruction/metrics.csv
uk,TLG2,reconstruction,mae,,GNN,456,3,7.3796077647918041,MVA,VALID,96,96,inputs/release_r2/3_Experiment/1_UK/observations/TLG2/reconstruction/metrics.csv
uk,TLG2,reconstruction,rmse,,LU,,,12.48760413269471,MVA,VALID,96,96,inputs/release_r2/3_Experiment/1_UK/observations/TLG2/reconstruction/metrics.csv
uk,TLG2,reconstruction,mae,,LU,,,8.8836106629427487,MVA,VALID,96,96,inputs/release_r2/3_Experiment/1_UK/observations/TLG2/reconstruction/metrics.csv
uk,TLG2,reconstruction,rmse,,Uni,,,12.704447234263567,MVA,VALID,96,96,inputs/release_r2/3_Experiment/1_UK/observations/TLG2/reconstruction/metrics.csv
uk,TLG2,reconstruction,mae,,Uni,,,9.0560580187860307,MVA,VALID,96,96,inputs/release_r2/3_Experiment/1_UK/observations/TLG2/reconstruction/metrics.csv
uk,TLG2,siting,WSD,,Uni,,,3.0328979579828848,km,VALID,96,96,inputs/release_r2/3_Experiment/1_UK/planning/TLG2/Uni/seed_0/metrics.csv
uk,TLG2,sizing,RSD_mean,many_to_one,Uni,,,154.6614350871701,percent,VALID,95,96,inputs/release_r2/3_Experiment/1_UK/planning/TLG2/Uni/seed_0/metrics.csv
uk,TLG2,sizing,RSD_median,many_to_one,Uni,,,60.804873245192226,percent,VALID,95,96,inputs/release_r2/3_Experiment/1_UK/planning/TLG2/Uni/seed_0/metrics.csv
uk,TLG2,sizing,RSD_mean,one_to_one,Uni,,,156.34055495511672,percent,VALID,77,96,inputs/release_r2/3_Experiment/1_UK/planning/TLG2/Uni/seed_0/metrics.csv
uk,TLG2,sizing,RSD_median,one_to_one,Uni,,,67.891527677735624,percent,VALID,77,96,inputs/release_r2/3_Experiment/1_UK/planning/TLG2/Uni/seed_0/metrics.csv
uk,TLG2,siting,WSD,,LU,,,3.0400230295726058,km,VALID,96,96,inputs/release_r2/3_Experiment/1_UK/planning/TLG2/GPM/seed_0/metrics.csv
uk,TLG2,sizing,RSD_mean,many_to_one,LU,,,157.24104814166554,percent,VALID,95,96,inputs/release_r2/3_Experiment/1_UK/planning/TLG2/GPM/seed_0/metrics.csv
uk,TLG2,sizing,RSD_median,many_to_one,LU,,,63.344313763472172,percent,VALID,95,96,inputs/release_r2/3_Experiment/1_UK/planning/TLG2/GPM/seed_0/metrics.csv
uk,TLG2,sizing,RSD_mean,one_to_one,LU,,,161.2390365513948,percent,VALID,72,96,inputs/release_r2/3_Experiment/1_UK/planning/TLG2/GPM/seed_0/metrics.csv
uk,TLG2,sizing,RSD_median,one_to_one,LU,,,61.609904005074696,percent,VALID,72,96,inputs/release_r2/3_Experiment/1_UK/planning/TLG2/GPM/seed_0/metrics.csv
uk,TLG2,siting,WSD,,GNN,123,1,3.0572555722609311,km,VALID,96,96,inputs/release_r2/3_Experiment/1_UK/planning/TLG2/GNN/seed_123/metrics.csv
uk,TLG2,sizing,RSD_mean,many_to_one,GNN,123,1,128.57294135424104,percent,VALID,95,96,inputs/release_r2/3_Experiment/1_UK/planning/TLG2/GNN/seed_123/metrics.csv
uk,TLG2,sizing,RSD_median,many_to_one,GNN,123,1,55.034902320082566,percent,VALID,95,96,inputs/release_r2/3_Experiment/1_UK/planning/TLG2/GNN/seed_123/metrics.csv
uk,TLG2,sizing,RSD_mean,one_to_one,GNN,123,1,145.95345783630034,percent,VALID,69,96,inputs/release_r2/3_Experiment/1_UK/planning/TLG2/GNN/seed_123/metrics.csv
uk,TLG2,sizing,RSD_median,one_to_one,GNN,123,1,55.343082687164056,percent,VALID,69,96,inputs/release_r2/3_Experiment/1_UK/planning/TLG2/GNN/seed_123/metrics.csv
uk,TLG2,siting,WSD,,GNN,42,4,2.9868223750669527,km,VALID,96,96,inputs/release_r2/3_Experiment/1_UK/planning/TLG2/GNN/seed_42/metrics.csv
uk,TLG2,sizing,RSD_mean,many_to_one,GNN,42,4,123.17594250197561,percent,VALID,95,96,inputs/release_r2/3_Experiment/1_UK/planning/TLG2/GNN/seed_42/metrics.csv
uk,TLG2,sizing,RSD_median,many_to_one,GNN,42,4,55.15032818261048,percent,VALID,95,96,inputs/release_r2/3_Experiment/1_UK/planning/TLG2/GNN/seed_42/metrics.csv
uk,TLG2,sizing,RSD_mean,one_to_one,GNN,42,4,145.21993419182934,percent,VALID,66,96,inputs/release_r2/3_Experiment/1_UK/planning/TLG2/GNN/seed_42/metrics.csv
uk,TLG2,sizing,RSD_median,one_to_one,GNN,42,4,54.005166287070153,percent,VALID,66,96,inputs/release_r2/3_Experiment/1_UK/planning/TLG2/GNN/seed_42/metrics.csv
uk,TLG2,siting,WSD,,GNN,456,3,3.0340506865737407,km,VALID,96,96,inputs/release_r2/3_Experiment/1_UK/planning/TLG2/GNN/seed_456/metrics.csv
uk,TLG2,sizing,RSD_mean,many_to_one,GNN,456,3,116.34768328042837,percent,VALID,95,96,inputs/release_r2/3_Experiment/1_UK/planning/TLG2/GNN/seed_456/metrics.csv
uk,TLG2,sizing,RSD_median,many_to_one,GNN,456,3,53.709189777263802,percent,VALID,95,96,inputs/release_r2/3_Experiment/1_UK/planning/TLG2/GNN/seed_456/metrics.csv
uk,TLG2,sizing,RSD_mean,one_to_one,GNN,456,3,122.85761999888354,percent,VALID,66,96,inputs/release_r2/3_Experiment/1_UK/planning/TLG2/GNN/seed_456/metrics.csv
uk,TLG2,sizing,RSD_median,one_to_one,GNN,456,3,58.52703475133282,percent,VALID,66,96,inputs/release_r2/3_Experiment/1_UK/planning/TLG2/GNN/seed_456/metrics.csv
uk,TLH1,reconstruction,rmse,,GNN,42,4,6.9322817520755997,MVA,VALID,183,183,inputs/release_r2/3_Experiment/1_UK/observations/TLH1/reconstruction/metrics.csv
uk,TLH1,reconstruction,mae,,GNN,42,4,4.6077884646309144,MVA,VALID,183,183,inputs/release_r2/3_Experiment/1_UK/observations/TLH1/reconstruction/metrics.csv
uk,TLH1,reconstruction,rmse,,GNN,123,4,7.387562032469555,MVA,VALID,183,183,inputs/release_r2/3_Experiment/1_UK/observations/TLH1/reconstruction/metrics.csv
uk,TLH1,reconstruction,mae,,GNN,123,4,4.9618147615100083,MVA,VALID,183,183,inputs/release_r2/3_Experiment/1_UK/observations/TLH1/reconstruction/metrics.csv
uk,TLH1,reconstruction,rmse,,GNN,456,2,6.7003097017483775,MVA,VALID,183,183,inputs/release_r2/3_Experiment/1_UK/observations/TLH1/reconstruction/metrics.csv
uk,TLH1,reconstruction,mae,,GNN,456,2,4.6017396250629634,MVA,VALID,183,183,inputs/release_r2/3_Experiment/1_UK/observations/TLH1/reconstruction/metrics.csv
uk,TLH1,reconstruction,rmse,,LU,,,7.4434527445150431,MVA,VALID,183,183,inputs/release_r2/3_Experiment/1_UK/observations/TLH1/reconstruction/metrics.csv
uk,TLH1,reconstruction,mae,,LU,,,6.0598104630364773,MVA,VALID,183,183,inputs/release_r2/3_Experiment/1_UK/observations/TLH1/reconstruction/metrics.csv
uk,TLH1,reconstruction,rmse,,Uni,,,7.4232245195041822,MVA,VALID,183,183,inputs/release_r2/3_Experiment/1_UK/observations/TLH1/reconstruction/metrics.csv
uk,TLH1,reconstruction,mae,,Uni,,,5.9637370860135581,MVA,VALID,183,183,inputs/release_r2/3_Experiment/1_UK/observations/TLH1/reconstruction/metrics.csv
uk,TLH1,siting,WSD,,Uni,,,3.3448800163134158,km,VALID,183,183,inputs/release_r2/3_Experiment/1_UK/planning/TLH1/Uni/seed_0/metrics.csv
uk,TLH1,sizing,RSD_mean,many_to_one,Uni,,,64.756721664209891,percent,VALID,183,183,inputs/release_r2/3_Experiment/1_UK/planning/TLH1/Uni/seed_0/metrics.csv
uk,TLH1,sizing,RSD_median,many_to_one,Uni,,,40.120445747031333,percent,VALID,183,183,inputs/release_r2/3_Experiment/1_UK/planning/TLH1/Uni/seed_0/metrics.csv
uk,TLH1,sizing,RSD_mean,one_to_one,Uni,,,71.560352765957859,percent,VALID,142,183,inputs/release_r2/3_Experiment/1_UK/planning/TLH1/Uni/seed_0/metrics.csv
uk,TLH1,sizing,RSD_median,one_to_one,Uni,,,38.728856284824495,percent,VALID,142,183,inputs/release_r2/3_Experiment/1_UK/planning/TLH1/Uni/seed_0/metrics.csv
uk,TLH1,siting,WSD,,LU,,,3.499187958579844,km,VALID,183,183,inputs/release_r2/3_Experiment/1_UK/planning/TLH1/GPM/seed_0/metrics.csv
uk,TLH1,sizing,RSD_mean,many_to_one,LU,,,63.708551872597688,percent,VALID,183,183,inputs/release_r2/3_Experiment/1_UK/planning/TLH1/GPM/seed_0/metrics.csv
uk,TLH1,sizing,RSD_median,many_to_one,LU,,,37.508008699230942,percent,VALID,183,183,inputs/release_r2/3_Experiment/1_UK/planning/TLH1/GPM/seed_0/metrics.csv
uk,TLH1,sizing,RSD_mean,one_to_one,LU,,,67.821477396338622,percent,VALID,148,183,inputs/release_r2/3_Experiment/1_UK/planning/TLH1/GPM/seed_0/metrics.csv
uk,TLH1,sizing,RSD_median,one_to_one,LU,,,41.68637617427261,percent,VALID,148,183,inputs/release_r2/3_Experiment/1_UK/planning/TLH1/GPM/seed_0/metrics.csv
uk,TLH1,siting,WSD,,GNN,123,4,3.3788251357713404,km,VALID,183,183,inputs/release_r2/3_Experiment/1_UK/planning/TLH1/GNN/seed_123/metrics.csv
uk,TLH1,sizing,RSD_mean,many_to_one,GNN,123,4,53.709997902357166,percent,VALID,183,183,inputs/release_r2/3_Experiment/1_UK/planning/TLH1/GNN/seed_123/metrics.csv
uk,TLH1,sizing,RSD_median,many_to_one,GNN,123,4,40.558181080316793,percent,VALID,183,183,inputs/release_r2/3_Experiment/1_UK/planning/TLH1/GNN/seed_123/metrics.csv
uk,TLH1,sizing,RSD_mean,one_to_one,GNN,123,4,75.016123927426548,percent,VALID,173,183,inputs/release_r2/3_Experiment/1_UK/planning/TLH1/GNN/seed_123/metrics.csv
uk,TLH1,sizing,RSD_median,one_to_one,GNN,123,4,39.170202410757845,percent,VALID,173,183,inputs/release_r2/3_Experiment/1_UK/planning/TLH1/GNN/seed_123/metrics.csv
uk,TLH1,siting,WSD,,GNN,42,4,3.2787886784909244,km,VALID,183,183,inputs/release_r2/3_Experiment/1_UK/planning/TLH1/GNN/seed_42/metrics.csv
uk,TLH1,sizing,RSD_mean,many_to_one,GNN,42,4,57.334637880111657,percent,VALID,183,183,inputs/release_r2/3_Experiment/1_UK/planning/TLH1/GNN/seed_42/metrics.csv
uk,TLH1,sizing,RSD_median,many_to_one,GNN,42,4,43.922618642284561,percent,VALID,183,183,inputs/release_r2/3_Experiment/1_UK/planning/TLH1/GNN/seed_42/metrics.csv
uk,TLH1,sizing,RSD_mean,one_to_one,GNN,42,4,70.83337885751645,percent,VALID,180,183,inputs/release_r2/3_Experiment/1_UK/planning/TLH1/GNN/seed_42/metrics.csv
uk,TLH1,sizing,RSD_median,one_to_one,GNN,42,4,47.100268813837445,percent,VALID,180,183,inputs/release_r2/3_Experiment/1_UK/planning/TLH1/GNN/seed_42/metrics.csv
uk,TLH1,siting,WSD,,GNN,456,2,3.3042111887764629,km,VALID,183,183,inputs/release_r2/3_Experiment/1_UK/planning/TLH1/GNN/seed_456/metrics.csv
uk,TLH1,sizing,RSD_mean,many_to_one,GNN,456,2,58.781862715799235,percent,VALID,183,183,inputs/release_r2/3_Experiment/1_UK/planning/TLH1/GNN/seed_456/metrics.csv
uk,TLH1,sizing,RSD_median,many_to_one,GNN,456,2,43.772680332222677,percent,VALID,183,183,inputs/release_r2/3_Experiment/1_UK/planning/TLH1/GNN/seed_456/metrics.csv
uk,TLH1,sizing,RSD_mean,one_to_one,GNN,456,2,76.206441830036624,percent,VALID,178,183,inputs/release_r2/3_Experiment/1_UK/planning/TLH1/GNN/seed_456/metrics.csv
uk,TLH1,sizing,RSD_median,one_to_one,GNN,456,2,43.77750597251049,percent,VALID,178,183,inputs/release_r2/3_Experiment/1_UK/planning/TLH1/GNN/seed_456/metrics.csv
uk,TLH2,reconstruction,rmse,,GNN,42,1,7.3523693899905469,MVA,VALID,94,94,inputs/release_r2/3_Experiment/1_UK/observations/TLH2/reconstruction/metrics.csv
uk,TLH2,reconstruction,mae,,GNN,42,1,5.650241711836439,MVA,VALID,94,94,inputs/release_r2/3_Experiment/1_UK/observations/TLH2/reconstruction/metrics.csv
uk,TLH2,reconstruction,rmse,,GNN,123,3,7.145732581352191,MVA,VALID,94,94,inputs/release_r2/3_Experiment/1_UK/observations/TLH2/reconstruction/metrics.csv
uk,TLH2,reconstruction,mae,,GNN,123,3,5.3284717351606856,MVA,VALID,94,94,inputs/release_r2/3_Experiment/1_UK/observations/TLH2/reconstruction/metrics.csv
uk,TLH2,reconstruction,rmse,,GNN,456,2,6.8995208403626256,MVA,VALID,94,94,inputs/release_r2/3_Experiment/1_UK/observations/TLH2/reconstruction/metrics.csv
uk,TLH2,reconstruction,mae,,GNN,456,2,5.1789872087910016,MVA,VALID,94,94,inputs/release_r2/3_Experiment/1_UK/observations/TLH2/reconstruction/metrics.csv
uk,TLH2,reconstruction,rmse,,LU,,,6.7823778883657644,MVA,VALID,94,94,inputs/release_r2/3_Experiment/1_UK/observations/TLH2/reconstruction/metrics.csv
uk,TLH2,reconstruction,mae,,LU,,,5.0949525261707009,MVA,VALID,94,94,inputs/release_r2/3_Experiment/1_UK/observations/TLH2/reconstruction/metrics.csv
uk,TLH2,reconstruction,rmse,,Uni,,,8.9730952178822214,MVA,VALID,94,94,inputs/release_r2/3_Experiment/1_UK/observations/TLH2/reconstruction/metrics.csv
uk,TLH2,reconstruction,mae,,Uni,,,6.2439071965075899,MVA,VALID,94,94,inputs/release_r2/3_Experiment/1_UK/observations/TLH2/reconstruction/metrics.csv
uk,TLH2,siting,WSD,,Uni,,,2.2129508561389852,km,VALID,94,94,inputs/release_r2/3_Experiment/1_UK/planning/TLH2/Uni/seed_0/metrics.csv
uk,TLH2,sizing,RSD_mean,many_to_one,Uni,,,46.409608445707192,percent,VALID,93,94,inputs/release_r2/3_Experiment/1_UK/planning/TLH2/Uni/seed_0/metrics.csv
uk,TLH2,sizing,RSD_median,many_to_one,Uni,,,34.746987536342502,percent,VALID,93,94,inputs/release_r2/3_Experiment/1_UK/planning/TLH2/Uni/seed_0/metrics.csv
uk,TLH2,sizing,RSD_mean,one_to_one,Uni,,,45.315695338981314,percent,VALID,73,94,inputs/release_r2/3_Experiment/1_UK/planning/TLH2/Uni/seed_0/metrics.csv
uk,TLH2,sizing,RSD_median,one_to_one,Uni,,,30.932278497809726,percent,VALID,73,94,inputs/release_r2/3_Experiment/1_UK/planning/TLH2/Uni/seed_0/metrics.csv
uk,TLH2,siting,WSD,,LU,,,2.1766532482987406,km,VALID,94,94,inputs/release_r2/3_Experiment/1_UK/planning/TLH2/GPM/seed_0/metrics.csv
uk,TLH2,sizing,RSD_mean,many_to_one,LU,,,40.667017305827407,percent,VALID,94,94,inputs/release_r2/3_Experiment/1_UK/planning/TLH2/GPM/seed_0/metrics.csv
uk,TLH2,sizing,RSD_median,many_to_one,LU,,,33.283648225606122,percent,VALID,94,94,inputs/release_r2/3_Experiment/1_UK/planning/TLH2/GPM/seed_0/metrics.csv
uk,TLH2,sizing,RSD_mean,one_to_one,LU,,,42.083109448415669,percent,VALID,84,94,inputs/release_r2/3_Experiment/1_UK/planning/TLH2/GPM/seed_0/metrics.csv
uk,TLH2,sizing,RSD_median,one_to_one,LU,,,37.899947091823719,percent,VALID,84,94,inputs/release_r2/3_Experiment/1_UK/planning/TLH2/GPM/seed_0/metrics.csv
uk,TLH2,siting,WSD,,GNN,123,3,2.2808536864856088,km,VALID,94,94,inputs/release_r2/3_Experiment/1_UK/planning/TLH2/GNN/seed_123/metrics.csv
uk,TLH2,sizing,RSD_mean,many_to_one,GNN,123,3,42.756384429989161,percent,VALID,94,94,inputs/release_r2/3_Experiment/1_UK/planning/TLH2/GNN/seed_123/metrics.csv
uk,TLH2,sizing,RSD_median,many_to_one,GNN,123,3,31.793403823045786,percent,VALID,94,94,inputs/release_r2/3_Experiment/1_UK/planning/TLH2/GNN/seed_123/metrics.csv
uk,TLH2,sizing,RSD_mean,one_to_one,GNN,123,3,48.461535482609158,percent,VALID,88,94,inputs/release_r2/3_Experiment/1_UK/planning/TLH2/GNN/seed_123/metrics.csv
uk,TLH2,sizing,RSD_median,one_to_one,GNN,123,3,30.500686036996605,percent,VALID,88,94,inputs/release_r2/3_Experiment/1_UK/planning/TLH2/GNN/seed_123/metrics.csv
uk,TLH2,siting,WSD,,GNN,42,1,2.3793269716771546,km,VALID,94,94,inputs/release_r2/3_Experiment/1_UK/planning/TLH2/GNN/seed_42/metrics.csv
uk,TLH2,sizing,RSD_mean,many_to_one,GNN,42,1,41.672253642805401,percent,VALID,94,94,inputs/release_r2/3_Experiment/1_UK/planning/TLH2/GNN/seed_42/metrics.csv
uk,TLH2,sizing,RSD_median,many_to_one,GNN,42,1,33.065196992755318,percent,VALID,94,94,inputs/release_r2/3_Experiment/1_UK/planning/TLH2/GNN/seed_42/metrics.csv
uk,TLH2,sizing,RSD_mean,one_to_one,GNN,42,1,49.248237248594222,percent,VALID,91,94,inputs/release_r2/3_Experiment/1_UK/planning/TLH2/GNN/seed_42/metrics.csv
uk,TLH2,sizing,RSD_median,one_to_one,GNN,42,1,33.520310083190537,percent,VALID,91,94,inputs/release_r2/3_Experiment/1_UK/planning/TLH2/GNN/seed_42/metrics.csv
uk,TLH2,siting,WSD,,GNN,456,2,2.2961438973968429,km,VALID,94,94,inputs/release_r2/3_Experiment/1_UK/planning/TLH2/GNN/seed_456/metrics.csv
uk,TLH2,sizing,RSD_mean,many_to_one,GNN,456,2,40.891201650990922,percent,VALID,94,94,inputs/release_r2/3_Experiment/1_UK/planning/TLH2/GNN/seed_456/metrics.csv
uk,TLH2,sizing,RSD_median,many_to_one,GNN,456,2,34.909526369405604,percent,VALID,94,94,inputs/release_r2/3_Experiment/1_UK/planning/TLH2/GNN/seed_456/metrics.csv
uk,TLH2,sizing,RSD_mean,one_to_one,GNN,456,2,47.136019936373373,percent,VALID,88,94,inputs/release_r2/3_Experiment/1_UK/planning/TLH2/GNN/seed_456/metrics.csv
uk,TLH2,sizing,RSD_median,one_to_one,GNN,456,2,28.536115540184518,percent,VALID,88,94,inputs/release_r2/3_Experiment/1_UK/planning/TLH2/GNN/seed_456/metrics.csv
uk,TLH3,reconstruction,rmse,,GNN,42,3,8.9238370544738093,MVA,VALID,97,97,inputs/release_r2/3_Experiment/1_UK/observations/TLH3/reconstruction/metrics.csv
uk,TLH3,reconstruction,mae,,GNN,42,3,6.0777292800179197,MVA,VALID,97,97,inputs/release_r2/3_Experiment/1_UK/observations/TLH3/reconstruction/metrics.csv
uk,TLH3,reconstruction,rmse,,GNN,123,4,8.4538503341586324,MVA,VALID,97,97,inputs/release_r2/3_Experiment/1_UK/observations/TLH3/reconstruction/metrics.csv
uk,TLH3,reconstruction,mae,,GNN,123,4,5.7386448681211579,MVA,VALID,97,97,inputs/release_r2/3_Experiment/1_UK/observations/TLH3/reconstruction/metrics.csv
uk,TLH3,reconstruction,rmse,,GNN,456,1,7.6483321481701001,MVA,VALID,97,97,inputs/release_r2/3_Experiment/1_UK/observations/TLH3/reconstruction/metrics.csv
uk,TLH3,reconstruction,mae,,GNN,456,1,5.3763381841406908,MVA,VALID,97,97,inputs/release_r2/3_Experiment/1_UK/observations/TLH3/reconstruction/metrics.csv
uk,TLH3,reconstruction,rmse,,LU,,,8.8724508573077028,MVA,VALID,97,97,inputs/release_r2/3_Experiment/1_UK/observations/TLH3/reconstruction/metrics.csv
uk,TLH3,reconstruction,mae,,LU,,,6.1757098428009707,MVA,VALID,97,97,inputs/release_r2/3_Experiment/1_UK/observations/TLH3/reconstruction/metrics.csv
uk,TLH3,reconstruction,rmse,,Uni,,,9.3212212061945259,MVA,VALID,97,97,inputs/release_r2/3_Experiment/1_UK/observations/TLH3/reconstruction/metrics.csv
uk,TLH3,reconstruction,mae,,Uni,,,6.7312634470871542,MVA,VALID,97,97,inputs/release_r2/3_Experiment/1_UK/observations/TLH3/reconstruction/metrics.csv
uk,TLH3,siting,WSD,,Uni,,,2.4376437371525999,km,VALID,97,97,inputs/release_r2/3_Experiment/1_UK/planning/TLH3/Uni/seed_0/metrics.csv
uk,TLH3,sizing,RSD_mean,many_to_one,Uni,,,52.42617351828261,percent,VALID,97,97,inputs/release_r2/3_Experiment/1_UK/planning/TLH3/Uni/seed_0/metrics.csv
uk,TLH3,sizing,RSD_median,many_to_one,Uni,,,35.716375218541003,percent,VALID,97,97,inputs/release_r2/3_Experiment/1_UK/planning/TLH3/Uni/seed_0/metrics.csv
uk,TLH3,sizing,RSD_mean,one_to_one,Uni,,,46.639547480291156,percent,VALID,92,97,inputs/release_r2/3_Experiment/1_UK/planning/TLH3/Uni/seed_0/metrics.csv
uk,TLH3,sizing,RSD_median,one_to_one,Uni,,,34.852027576381325,percent,VALID,92,97,inputs/release_r2/3_Experiment/1_UK/planning/TLH3/Uni/seed_0/metrics.csv
uk,TLH3,siting,WSD,,LU,,,2.4287882228717259,km,VALID,97,97,inputs/release_r2/3_Experiment/1_UK/planning/TLH3/GPM/seed_0/metrics.csv
uk,TLH3,sizing,RSD_mean,many_to_one,LU,,,49.719460084166684,percent,VALID,97,97,inputs/release_r2/3_Experiment/1_UK/planning/TLH3/GPM/seed_0/metrics.csv
uk,TLH3,sizing,RSD_median,many_to_one,LU,,,33.95288671639922,percent,VALID,97,97,inputs/release_r2/3_Experiment/1_UK/planning/TLH3/GPM/seed_0/metrics.csv
uk,TLH3,sizing,RSD_mean,one_to_one,LU,,,50.047126048246142,percent,VALID,86,97,inputs/release_r2/3_Experiment/1_UK/planning/TLH3/GPM/seed_0/metrics.csv
uk,TLH3,sizing,RSD_median,one_to_one,LU,,,32.746375594215721,percent,VALID,86,97,inputs/release_r2/3_Experiment/1_UK/planning/TLH3/GPM/seed_0/metrics.csv
uk,TLH3,siting,WSD,,GNN,123,4,2.611135912427367,km,VALID,97,97,inputs/release_r2/3_Experiment/1_UK/planning/TLH3/GNN/seed_123/metrics.csv
uk,TLH3,sizing,RSD_mean,many_to_one,GNN,123,4,55.742411738212759,percent,VALID,97,97,inputs/release_r2/3_Experiment/1_UK/planning/TLH3/GNN/seed_123/metrics.csv
uk,TLH3,sizing,RSD_median,many_to_one,GNN,123,4,39.618074198401217,percent,VALID,97,97,inputs/release_r2/3_Experiment/1_UK/planning/TLH3/GNN/seed_123/metrics.csv
uk,TLH3,sizing,RSD_mean,one_to_one,GNN,123,4,47.830512295373097,percent,VALID,95,97,inputs/release_r2/3_Experiment/1_UK/planning/TLH3/GNN/seed_123/metrics.csv
uk,TLH3,sizing,RSD_median,one_to_one,GNN,123,4,34.333193217027841,percent,VALID,95,97,inputs/release_r2/3_Experiment/1_UK/planning/TLH3/GNN/seed_123/metrics.csv
uk,TLH3,siting,WSD,,GNN,42,3,2.5912497353663571,km,VALID,97,97,inputs/release_r2/3_Experiment/1_UK/planning/TLH3/GNN/seed_42/metrics.csv
uk,TLH3,sizing,RSD_mean,many_to_one,GNN,42,3,60.154672862400886,percent,VALID,97,97,inputs/release_r2/3_Experiment/1_UK/planning/TLH3/GNN/seed_42/metrics.csv
uk,TLH3,sizing,RSD_median,many_to_one,GNN,42,3,40.488395365982221,percent,VALID,97,97,inputs/release_r2/3_Experiment/1_UK/planning/TLH3/GNN/seed_42/metrics.csv
uk,TLH3,sizing,RSD_mean,one_to_one,GNN,42,3,46.305992797156414,percent,VALID,94,97,inputs/release_r2/3_Experiment/1_UK/planning/TLH3/GNN/seed_42/metrics.csv
uk,TLH3,sizing,RSD_median,one_to_one,GNN,42,3,35.556774561561802,percent,VALID,94,97,inputs/release_r2/3_Experiment/1_UK/planning/TLH3/GNN/seed_42/metrics.csv
uk,TLH3,siting,WSD,,GNN,456,1,2.5547414178808139,km,VALID,97,97,inputs/release_r2/3_Experiment/1_UK/planning/TLH3/GNN/seed_456/metrics.csv
uk,TLH3,sizing,RSD_mean,many_to_one,GNN,456,1,52.176174164930359,percent,VALID,97,97,inputs/release_r2/3_Experiment/1_UK/planning/TLH3/GNN/seed_456/metrics.csv
uk,TLH3,sizing,RSD_median,many_to_one,GNN,456,1,36.238682823325689,percent,VALID,97,97,inputs/release_r2/3_Experiment/1_UK/planning/TLH3/GNN/seed_456/metrics.csv
uk,TLH3,sizing,RSD_mean,one_to_one,GNN,456,1,45.550845912911115,percent,VALID,94,97,inputs/release_r2/3_Experiment/1_UK/planning/TLH3/GNN/seed_456/metrics.csv
uk,TLH3,sizing,RSD_median,one_to_one,GNN,456,1,34.694503496516049,percent,VALID,94,97,inputs/release_r2/3_Experiment/1_UK/planning/TLH3/GNN/seed_456/metrics.csv
uk,TLJ1,reconstruction,rmse,,GNN,42,4,10.323506246040139,MVA,VALID,153,153,inputs/release_r2/3_Experiment/1_UK/observations/TLJ1/reconstruction/metrics.csv
uk,TLJ1,reconstruction,mae,,GNN,42,4,7.3580731764241376,MVA,VALID,153,153,inputs/release_r2/3_Experiment/1_UK/observations/TLJ1/reconstruction/metrics.csv
uk,TLJ1,reconstruction,rmse,,GNN,123,3,9.6683100981225305,MVA,VALID,153,153,inputs/release_r2/3_Experiment/1_UK/observations/TLJ1/reconstruction/metrics.csv
uk,TLJ1,reconstruction,mae,,GNN,123,3,6.866891037738494,MVA,VALID,153,153,inputs/release_r2/3_Experiment/1_UK/observations/TLJ1/reconstruction/metrics.csv
uk,TLJ1,reconstruction,rmse,,GNN,456,2,10.758705139372928,MVA,VALID,153,153,inputs/release_r2/3_Experiment/1_UK/observations/TLJ1/reconstruction/metrics.csv
uk,TLJ1,reconstruction,mae,,GNN,456,2,7.7659866910111885,MVA,VALID,153,153,inputs/release_r2/3_Experiment/1_UK/observations/TLJ1/reconstruction/metrics.csv
uk,TLJ1,reconstruction,rmse,,LU,,,11.87038163779464,MVA,VALID,153,153,inputs/release_r2/3_Experiment/1_UK/observations/TLJ1/reconstruction/metrics.csv
uk,TLJ1,reconstruction,mae,,LU,,,9.2379571558934455,MVA,VALID,153,153,inputs/release_r2/3_Experiment/1_UK/observations/TLJ1/reconstruction/metrics.csv
uk,TLJ1,reconstruction,rmse,,Uni,,,14.130069031459561,MVA,VALID,153,153,inputs/release_r2/3_Experiment/1_UK/observations/TLJ1/reconstruction/metrics.csv
uk,TLJ1,reconstruction,mae,,Uni,,,10.539417472776389,MVA,VALID,153,153,inputs/release_r2/3_Experiment/1_UK/observations/TLJ1/reconstruction/metrics.csv
uk,TLJ1,siting,WSD,,Uni,,,2.4884542118005974,km,VALID,153,153,inputs/release_r2/3_Experiment/1_UK/planning/TLJ1/Uni/seed_0/metrics.csv
uk,TLJ1,sizing,RSD_mean,many_to_one,Uni,,,90.11434252809542,percent,VALID,150,153,inputs/release_r2/3_Experiment/1_UK/planning/TLJ1/Uni/seed_0/metrics.csv
uk,TLJ1,sizing,RSD_median,many_to_one,Uni,,,49.532605675424008,percent,VALID,150,153,inputs/release_r2/3_Experiment/1_UK/planning/TLJ1/Uni/seed_0/metrics.csv
uk,TLJ1,sizing,RSD_mean,one_to_one,Uni,,,83.587657542117341,percent,VALID,102,153,inputs/release_r2/3_Experiment/1_UK/planning/TLJ1/Uni/seed_0/metrics.csv
uk,TLJ1,sizing,RSD_median,one_to_one,Uni,,,45.390861567339989,percent,VALID,102,153,inputs/release_r2/3_Experiment/1_UK/planning/TLJ1/Uni/seed_0/metrics.csv
uk,TLJ1,siting,WSD,,LU,,,2.2941400025721244,km,VALID,153,153,inputs/release_r2/3_Experiment/1_UK/planning/TLJ1/GPM/seed_0/metrics.csv
uk,TLJ1,sizing,RSD_mean,many_to_one,LU,,,76.697026523760258,percent,VALID,150,153,inputs/release_r2/3_Experiment/1_UK/planning/TLJ1/GPM/seed_0/metrics.csv
uk,TLJ1,sizing,RSD_median,many_to_one,LU,,,46.529896647311624,percent,VALID,150,153,inputs/release_r2/3_Experiment/1_UK/planning/TLJ1/GPM/seed_0/metrics.csv
uk,TLJ1,sizing,RSD_mean,one_to_one,LU,,,81.036898437302725,percent,VALID,116,153,inputs/release_r2/3_Experiment/1_UK/planning/TLJ1/GPM/seed_0/metrics.csv
uk,TLJ1,sizing,RSD_median,one_to_one,LU,,,45.700828052593693,percent,VALID,116,153,inputs/release_r2/3_Experiment/1_UK/planning/TLJ1/GPM/seed_0/metrics.csv
uk,TLJ1,siting,WSD,,GNN,123,3,2.1919969441104556,km,VALID,153,153,inputs/release_r2/3_Experiment/1_UK/planning/TLJ1/GNN/seed_123/metrics.csv
uk,TLJ1,sizing,RSD_mean,many_to_one,GNN,123,3,81.039124775685679,percent,VALID,151,153,inputs/release_r2/3_Experiment/1_UK/planning/TLJ1/GNN/seed_123/metrics.csv
uk,TLJ1,sizing,RSD_median,many_to_one,GNN,123,3,41.453960781590673,percent,VALID,151,153,inputs/release_r2/3_Experiment/1_UK/planning/TLJ1/GNN/seed_123/metrics.csv
uk,TLJ1,sizing,RSD_mean,one_to_one,GNN,123,3,75.451752137355044,percent,VALID,134,153,inputs/release_r2/3_Experiment/1_UK/planning/TLJ1/GNN/seed_123/metrics.csv
uk,TLJ1,sizing,RSD_median,one_to_one,GNN,123,3,45.112329385269263,percent,VALID,134,153,inputs/release_r2/3_Experiment/1_UK/planning/TLJ1/GNN/seed_123/metrics.csv
uk,TLJ1,siting,WSD,,GNN,42,4,2.2071495300682327,km,VALID,153,153,inputs/release_r2/3_Experiment/1_UK/planning/TLJ1/GNN/seed_42/metrics.csv
uk,TLJ1,sizing,RSD_mean,many_to_one,GNN,42,4,81.022526509006283,percent,VALID,151,153,inputs/release_r2/3_Experiment/1_UK/planning/TLJ1/GNN/seed_42/metrics.csv
uk,TLJ1,sizing,RSD_median,many_to_one,GNN,42,4,43.80299461208287,percent,VALID,151,153,inputs/release_r2/3_Experiment/1_UK/planning/TLJ1/GNN/seed_42/metrics.csv
uk,TLJ1,sizing,RSD_mean,one_to_one,GNN,42,4,72.487327261279816,percent,VALID,133,153,inputs/release_r2/3_Experiment/1_UK/planning/TLJ1/GNN/seed_42/metrics.csv
uk,TLJ1,sizing,RSD_median,one_to_one,GNN,42,4,41.924760782592543,percent,VALID,133,153,inputs/release_r2/3_Experiment/1_UK/planning/TLJ1/GNN/seed_42/metrics.csv
uk,TLJ1,siting,WSD,,GNN,456,2,2.1804720932831785,km,VALID,153,153,inputs/release_r2/3_Experiment/1_UK/planning/TLJ1/GNN/seed_456/metrics.csv
uk,TLJ1,sizing,RSD_mean,many_to_one,GNN,456,2,77.594247675530042,percent,VALID,150,153,inputs/release_r2/3_Experiment/1_UK/planning/TLJ1/GNN/seed_456/metrics.csv
uk,TLJ1,sizing,RSD_median,many_to_one,GNN,456,2,43.277624773989437,percent,VALID,150,153,inputs/release_r2/3_Experiment/1_UK/planning/TLJ1/GNN/seed_456/metrics.csv
uk,TLJ1,sizing,RSD_mean,one_to_one,GNN,456,2,73.521067202806748,percent,VALID,127,153,inputs/release_r2/3_Experiment/1_UK/planning/TLJ1/GNN/seed_456/metrics.csv
uk,TLJ1,sizing,RSD_median,one_to_one,GNN,456,2,42.42173459782812,percent,VALID,127,153,inputs/release_r2/3_Experiment/1_UK/planning/TLJ1/GNN/seed_456/metrics.csv
