signal,seed,location,fold,source_idx,itl3,n_edges,n_off,off_frac,aux_mass_v_sum,valid,G_all,G_off,ratio_off,min_w,n_w_below_floor,n_off_gradient_gated,max_t_off
ntl,42,London,fold1,0,TLI31,808,341,0.422029702970297,1798.7844555488298,True,1376.450549132658,12.188807664268053,0.008855245596689675,1.0726878230116199e-07,0,0,1e-08
ntl,42,London,fold1,1,TLI32,704,476,0.6761363636363636,914.5387634289472,True,1097.728072262702,13.480391645361056,0.012280265018252176,1.3502432238965412e-07,0,0,1e-08
ntl,42,London,fold1,2,TLI33,941,306,0.32518597236981933,2482.060315314101,True,1717.2440777949128,0.8667592589593545,0.0005047385343569488,5.957688813396089e-07,0,0,1e-08
ntl,42,London,fold1,3,TLI34,1120,387,0.3455357142857143,2501.478493883851,True,1755.7236574835808,1.3787068180548125,0.0007852641343517956,8.087849323601404e-07,0,0,1e-08
ntl,42,London,fold1,4,TLI41,1822,652,0.3578485181119649,4493.914049877706,True,2356.4068327710856,4.156653053459447,0.0017639793755695867,2.6304408606847574e-07,0,0,1e-08
ntl,42,London,fold1,5,TLI42,649,270,0.41602465331278893,1578.7315422971844,True,957.0298757999614,1.1632880604952804,0.0012155190657166394,2.587801475328888e-07,0,0,1e-08
ntl,42,London,fold1,6,TLI43,1473,440,0.2987101154107264,3710.0719541681747,True,2764.003296906499,3.1378851757505064,0.0011352682463376435,2.2018464562734152e-07,0,0,1e-08
ntl,42,London,fold1,7,TLI44,2103,543,0.2582025677603424,5468.5682485093575,True,4028.111754243689,4.614168712730439,0.001145491732663407,2.1072531808385977e-07,0,0,1e-08
ntl,42,London,fold1,8,TLI45,880,162,0.18409090909090908,2618.9550902103088,True,1489.0241077423389,0.9573951580157927,0.0006429682051739223,3.524688452216651e-07,0,0,1e-08
ntl,42,London,fold1,9,TLI51,3540,1322,0.3734463276836158,6750.473137032001,True,5395.9658973906735,13.773379292571938,0.0025525326798733717,2.8142929409114004e-07,0,0,1e-08
ntl,42,London,fold1,10,TLI52,4899,2603,0.5313329250867525,6890.482402203156,True,5384.620902910792,86.33402851048147,0.016033446006163857,6.177685207831018e-08,0,0,1e-08
ntl,42,London,fold1,11,TLI53,3135,1417,0.45199362041467306,5447.125229507429,True,5839.785038397402,16.202270539011604,0.0027744635174889853,1.6905059396776778e-07,0,0,1e-08
ntl,42,London,fold1,12,TLI54,2714,1415,0.5213706705969049,4025.8782768522733,True,2877.962392579943,38.53762298042617,0.013390592969451281,9.296293512761622e-08,0,0,1e-08
ntl,42,London,fold1,13,TLI61,4899,2874,0.5866503368034293,5116.239348187946,True,5260.407012733332,140.21886266896092,0.02665551588109958,3.336621290372932e-08,0,0,1e-08
ntl,42,London,fold1,14,TLI62,2827,1030,0.36434382737884685,4913.154243868149,True,3941.066492046823,15.742144325419243,0.00399438688923095,2.1024544594183683e-07,0,0,1e-08
ntl,42,London,fold1,15,TLI63,3882,1326,0.3415765069551777,7443.405649339929,True,7306.896181312947,26.214538965882078,0.0035876435514335843,1.1526807242034921e-07,0,0,1e-08
ntl,42,London,fold1,16,TLI71,2867,1218,0.4248343215905127,4964.311137770995,True,4956.563129653808,6.953885957349115,0.0014029652756253326,1.7713247757455972e-07,0,0,1e-08
ntl,42,London,fold1,17,TLI72,1422,430,0.30239099859353025,3441.7068488615096,True,2957.1587265491203,1.1390664283243075,0.00038518947870395514,6.444281552830944e-07,0,0,1e-08
ntl,42,London,fold1,18,TLI73,1831,647,0.3533588203167668,3947.4006880941033,True,2613.393285045184,4.919280082022274,0.001882334400326288,3.254122304952034e-07,0,0,1e-08
ntl,42,London,fold1,19,TLI74,5475,2944,0.5377168949771689,7542.0683494709465,True,8219.232902387343,75.79248966314132,0.009221358071156103,8.011069496660639e-08,0,0,1e-08
ntl,42,London,fold1,20,TLI75,3719,1946,0.5232589405754235,5452.6489750434475,True,4265.345009670368,68.15160375425194,0.01597798152312157,1.2609093857918197e-07,0,0,1e-08
prox,42,London,fold1,0,TLI31,808,341,0.422029702970297,1570.3133022218262,True,1413.5631800076437,12.188807664268053,0.008622754070463368,1.0726878230116199e-07,0,0,1e-08
prox,42,London,fold1,1,TLI32,704,476,0.6761363636363636,770.9328927876081,True,1102.62542835913,13.480391645361056,0.012225721717140042,1.3502432238965412e-07,0,0,1e-08
prox,42,London,fold1,2,TLI33,941,306,0.32518597236981933,2052.639847768228,True,1731.2563083193431,0.8667592589593545,0.0005006533433520199,5.957688813396089e-07,0,0,1e-08
prox,42,London,fold1,3,TLI34,1120,387,0.3455357142857143,2268.4267492239983,True,1780.7132922765022,1.3787068180548125,0.0007742441324129412,8.087849323601404e-07,0,0,1e-08
prox,42,London,fold1,4,TLI41,1822,652,0.3578485181119649,3643.639644017715,True,2382.451953543064,4.156653053459447,0.0017446954375209454,2.6304408606847574e-07,0,0,1e-08
prox,42,London,fold1,5,TLI42,649,270,0.41602465331278893,1255.2636928323795,True,962.0931330240127,1.1632880604952804,0.001209122090746953,2.587801475328888e-07,0,0,1e-08
prox,42,London,fold1,6,TLI43,1473,440,0.2987101154107264,3315.960823436015,True,2782.4757543838364,3.1378851757505064,0.0011277313632676643,2.2018464562734152e-07,0,0,1e-08
prox,42,London,fold1,7,TLI44,2103,543,0.2582025677603424,4867.029607789638,True,4071.315990025348,4.614168712730439,0.001133335934630245,2.1072531808385977e-07,0,0,1e-08
prox,42,London,fold1,8,TLI45,880,162,0.18409090909090908,2271.3490716429037,True,1496.1020324614394,0.9573951580157927,0.0006399263801818735,3.524688452216651e-07,0,0,1e-08
prox,42,London,fold1,9,TLI51,3540,1322,0.3734463276836158,6137.726479388986,True,5523.418375698094,13.773379292571938,0.002493633173465906,2.8142929409114004e-07,0,0,1e-08
prox,42,London,fold1,10,TLI52,4899,2603,0.5313329250867525,6203.333189389436,True,5540.152823743409,86.33402851048147,0.015583329784781406,6.177685207831018e-08,0,0,1e-08
prox,42,London,fold1,11,TLI53,3135,1417,0.45199362041467306,4990.21547761005,True,5879.835436555447,16.202270539011604,0.002755565306858876,1.6905059396776778e-07,0,0,1e-08
prox,42,London,fold1,12,TLI54,2714,1415,0.5213706705969049,3777.249149998171,True,2947.850325712767,38.53762298042617,0.013073127439436085,9.296293512761622e-08,0,0,1e-08
prox,42,London,fold1,13,TLI61,4899,2874,0.5866503368034293,5483.398581809464,True,5330.485469037585,140.21886266896092,0.026305082995428806,3.336621290372932e-08,0,0,1e-08
prox,42,London,fold1,14,TLI62,2827,1030,0.36434382737884685,5108.274949379607,True,4005.497038078377,15.742144325419243,0.00393013505584103,2.1024544594183683e-07,0,0,1e-08
prox,42,London,fold1,15,TLI63,3882,1326,0.3415765069551777,7290.0466426125795,True,7402.726633917679,26.214538965882078,0.0035412004606211957,1.1526807242034921e-07,0,0,1e-08
prox,42,London,fold1,16,TLI71,2867,1218,0.4248343215905127,4950.783646217445,True,5008.073225673824,6.953885957349115,0.0013885351998649115,1.7713247757455972e-07,0,0,1e-08
prox,42,London,fold1,17,TLI72,1422,430,0.30239099859353025,3070.485349669198,True,3025.5610028333626,1.1390664283243075,0.0003764810649190679,6.444281552830944e-07,0,0,1e-08
prox,42,London,fold1,18,TLI73,1831,647,0.3533588203167668,3464.636050873115,True,2666.589062564979,4.919280082022274,0.0018447837168020342,3.254122304952034e-07,0,0,1e-08
prox,42,London,fold1,19,TLI74,5475,2944,0.5377168949771689,6766.908052497376,True,8409.377998633461,75.79248966314132,0.00901285323069765,8.011069496660639e-08,0,0,1e-08
prox,42,London,fold1,20,TLI75,3719,1946,0.5232589405754235,4948.871068791867,True,4339.71665180878,68.15160375425194,0.015704159792517,1.2609093857918197e-07,0,0,1e-08
ntl,42,TLH2,fold1,0,TLH21,785,187,0.23821656050955414,1787.5864485259553,True,1541.4606934399778,0.4650959138504964,0.000301724147641139,8.62704894188937e-07,0,0,1e-08
ntl,42,TLH2,fold1,1,TLH23,29749,25751,0.8656089280311944,8508.348553037978,True,11238.143889339151,821.7244690268685,0.0731192336669031,3.873290577161015e-09,3427,3427,1e-08
ntl,42,TLH2,fold1,2,TLH24,8762,8009,0.9140607167313399,1652.3692077386445,True,3191.263366741063,1278.6111621206544,0.40065986889273253,2.936957521626482e-08,0,0,1e-08
ntl,42,TLH2,fold1,3,TLH25,13061,11734,0.8983998162468417,2558.539472001169,True,4583.70712995989,1485.8386040889027,0.3241565313754905,2.936483411986046e-08,0,0,1e-08
prox,42,TLH2,fold1,0,TLH21,785,187,0.23821656050955414,1248.9876173008913,True,1563.7774213246796,0.4650959138504964,0.0002974182306945656,8.62704894188937e-07,0,0,1e-08
prox,42,TLH2,fold1,1,TLH23,29749,25751,0.8656089280311944,7902.137197177676,True,11898.523897537221,821.7244690268685,0.06906104287414598,3.873290577161015e-09,3427,3427,1e-08
prox,42,TLH2,fold1,2,TLH24,8762,8009,0.9140607167313399,1195.4919724607369,True,3313.4578031868173,1278.6111621206544,0.38588424481848294,2.936957521626482e-08,0,0,1e-08
prox,42,TLH2,fold1,3,TLH25,13061,11734,0.8983998162468417,2342.932626657571,True,4713.407305787039,1485.8386040889027,0.3152366234644343,2.936483411986046e-08,0,0,1e-08
ntl,42,TLH3,fold3,0,TLH31,580,191,0.3293103448275862,1017.676864655222,True,663.827880175851,0.3909019288406545,0.0005888603665412529,1.086155293705815e-06,0,0,1e-08
ntl,42,TLH3,fold3,1,TLH32,2282,1592,0.6976336546888694,2072.5170626322574,True,1165.2296406690816,3.176104064854799,0.002725732296881035,7.181820933510608e-07,0,0,1e-08
ntl,42,TLH3,fold3,2,TLH34,18167,16562,0.9116529971927121,2681.140200628375,True,3762.721319844793,171.80022326888243,0.045658503159083,1.1133887767300621e-07,0,0,1e-08
ntl,42,TLH3,fold3,3,TLH35,14298,13460,0.941390404252343,1731.9617775171996,True,2264.431144685066,42.67214611700232,0.018844532419172808,1.733661179059709e-07,0,0,1e-08
ntl,42,TLH3,fold3,4,TLH36,12013,11011,0.9165903604428536,1808.2824237327343,True,2399.202318657949,65.4149829006524,0.027265304969046476,1.6862931317973562e-07,0,0,1e-08
ntl,42,TLH3,fold3,5,TLH37,4511,3456,0.7661272445134116,2379.2178925467015,True,2066.76983719721,18.342951795271787,0.008875178776630032,2.5829950800471124e-07,0,0,1e-08
prox,42,TLH3,fold3,0,TLH31,580,191,0.3293103448275862,714.2863813417531,True,669.3934560995921,0.3909019288406545,0.0005839643714450896,1.086155293705815e-06,0,0,1e-08
prox,42,TLH3,fold3,1,TLH32,2282,1592,0.6976336546888694,1324.8682041594936,True,1237.1513475419258,3.176104064854799,0.0025672720408584965,7.181820933510608e-07,0,0,1e-08
prox,42,TLH3,fold3,2,TLH34,18167,16562,0.9116529971927121,2756.9300190492568,True,4032.516981964834,171.80022326888243,0.042603719720771815,1.1133887767300621e-07,0,0,1e-08
prox,42,TLH3,fold3,3,TLH35,14298,13460,0.941390404252343,1323.5895926672135,True,2480.394253356826,42.67214611700232,0.017203775593034147,1.733661179059709e-07,0,0,1e-08
prox,42,TLH3,fold3,4,TLH36,12013,11011,0.9165903604428536,1903.983006310374,True,2542.38604285326,65.4149829006524,0.02572976007500368,1.6862931317973562e-07,0,0,1e-08
prox,42,TLH3,fold3,5,TLH37,4511,3456,0.7661272445134116,2162.815202062615,True,2126.6511412045506,18.342951795271787,0.008625275410654427,2.5829950800471124e-07,0,0,1e-08
ntl,42,TLJ1,fold4,0,TLJ11,11150,9574,0.8586547085201793,3445.4360460304083,True,4933.309318067804,641.3370362232171,0.13000138342722145,5.523907020688057e-08,0,0,1e-08
ntl,42,TLJ1,fold4,1,TLJ12,2792,2204,0.7893982808022922,1642.4319859895083,True,1710.123942541347,132.67350166475896,0.07758121991298371,8.643467275248895e-09,900,900,1e-08
ntl,42,TLJ1,fold4,2,TLJ13,14020,12813,0.9139087018544936,2127.135449710591,True,4131.597190528352,317.1165612523223,0.07675398801686405,4.304592238213445e-09,1343,1343,1e-08
ntl,42,TLJ1,fold4,3,TLJ14,23305,21810,0.9358506758206393,2710.175495975738,True,4846.345457877794,697.907918164201,0.14400705113370388,4.123976715675326e-09,6413,6413,1e-08
prox,42,TLJ1,fold4,0,TLJ11,11150,9574,0.8586547085201793,3430.7390153653323,True,5214.933401301495,641.3370362232171,0.12298086799404918,5.523907020688057e-08,0,0,1e-08
prox,42,TLJ1,fold4,1,TLJ12,2792,2204,0.7893982808022922,1254.202362738967,True,1770.4210468538633,132.67350166475896,0.07493895415473463,8.643467275248895e-09,900,900,1e-08
prox,42,TLJ1,fold4,2,TLJ13,14020,12813,0.9139087018544936,2482.272091782263,True,4378.639368682958,317.1165612523223,0.07242353949503431,4.304592238213445e-09,1343,1343,1e-08
prox,42,TLJ1,fold4,3,TLJ14,23305,21810,0.9358506758206393,2969.345866579201,True,5239.7848120042245,697.907918164201,0.1331940038005588,4.123976715675326e-09,6413,6413,1e-08
ntl,42,TLF1,fold3,0,TLF11,822,272,0.3309002433090024,1562.6774012566477,True,1712.176319627634,0.16218379513113712,9.472376955102908e-05,3.6581407130142907e-06,0,0,1e-08
ntl,42,TLF1,fold3,1,TLF12,5378,4625,0.8599851245816289,1505.476977928896,True,1772.4801157613474,94.81348840860943,0.05349198987650332,2.4448709723401407e-07,0,0,1e-08
ntl,42,TLF1,fold3,2,TLF13,21865,20592,0.9417790990166933,2457.663256417676,True,4792.02685241417,1832.1013140365699,0.38232283967974373,7.272470270436315e-08,0,0,1e-08
ntl,42,TLF1,fold3,3,TLF14,793,262,0.33039092055485497,1610.9908994972138,True,1427.7919036501007,0.07627375297042516,5.342077705822112e-05,6.052618118701503e-06,0,0,1e-08
ntl,42,TLF1,fold3,4,TLF15,15796,14370,0.9097239807546215,3010.1489700559637,True,4039.722883688372,545.1698892746406,0.13495229870245118,9.664006483944831e-08,0,0,1e-08
ntl,42,TLF1,fold3,5,TLF16,6435,5514,0.8568764568764569,1969.2422909138443,True,1817.4062538669186,76.40295750214129,0.04203955903616912,2.7917326406168286e-07,0,0,1e-08
prox,42,TLF1,fold3,0,TLF11,822,272,0.3309002433090024,1199.3212696080498,True,1801.0180791467474,0.16218379513113712,9.005117550400911e-05,3.6581407130142907e-06,0,0,1e-08
prox,42,TLF1,fold3,1,TLF12,5378,4625,0.8599851245816289,1647.7524668843303,True,1882.4342048364442,94.81348840860943,0.05036749128602204,2.4448709723401407e-07,0,0,1e-08
prox,42,TLF1,fold3,2,TLF13,21865,20592,0.9417790990166933,2531.982083700554,True,4985.311178750282,1832.1013140365699,0.36749989084850687,7.272470270436315e-08,0,0,1e-08
prox,42,TLF1,fold3,3,TLF14,793,262,0.33039092055485497,1321.8533031787144,True,1455.062108915552,0.07627375297042516,5.241958573663324e-05,6.052618118701503e-06,0,0,1e-08
prox,42,TLF1,fold3,4,TLF15,15796,14370,0.9097239807546215,3014.572636621953,True,4249.153449119367,545.1698892746406,0.12830082410594668,9.664006483944831e-08,0,0,1e-08
prox,42,TLF1,fold3,5,TLF16,6435,5514,0.8568764568764569,2079.6099624814838,True,1871.634440284794,76.40295750214129,0.04082151720317541,2.7917326406168286e-07,0,0,1e-08
ntl,42,TLF2,fold1,0,TLF21,767,311,0.40547588005215124,1307.865754677804,True,975.5470822475712,0.9341409948121637,0.0009575560337487642,4.963307560501562e-07,0,0,1e-08
ntl,42,TLF2,fold1,1,TLF22,25882,23792,0.9192488988486207,4203.76303299813,True,6470.066519898931,1407.1623412192855,0.2174880794334193,8.086341374280437e-09,11485,11485,1e-08
ntl,42,TLF2,fold1,2,TLF24,14131,13055,0.9238553534781686,2263.5185813511234,True,10162.882405057724,7790.641219080987,0.7665779164387307,9.93673410221163e-09,91,91,1e-08
ntl,42,TLF2,fold1,3,TLF25,10180,9274,0.9110019646365423,2051.545059804636,True,3498.0166909634468,1466.1894270398707,0.41914877960060365,2.948127431068315e-08,0,0,1e-08
prox,42,TLF2,fold1,0,TLF21,767,311,0.40547588005215124,1067.289376865179,True,999.7678716914576,0.9341409948121637,0.000934357885727751,4.963307560501562e-07,0,0,1e-08
prox,42,TLF2,fold1,1,TLF22,25882,23792,0.9192488988486207,3838.100500619802,True,6917.001929228308,1407.1623412192855,0.20343529691284545,8.086341374280437e-09,11485,11485,1e-08
prox,42,TLF2,fold1,2,TLF24,14131,13055,0.9238553534781686,2033.2142350085896,True,10400.246327058856,7790.641219080987,0.7490823749829535,9.93673410221163e-09,91,91,1e-08
prox,42,TLF2,fold1,3,TLF25,10180,9274,0.9110019646365423,1668.621558651646,True,3632.3856052142633,1466.1894270398707,0.40364366187751827,2.948127431068315e-08,0,0,1e-08
ntl,42,TLC1,fold4,0,TLC11,5031,3661,0.7276883323394951,3699.21433688072,True,2834.814726529588,63.968709152925804,0.022565393270422656,4.147416632349632e-09,505,505,1e-08
ntl,42,TLC1,fold4,1,TLC12,5033,3862,0.7673355851380886,3363.987053679849,True,4802.376098568154,2019.5656460724513,0.4205346696345986,1.0746284750950963e-08,0,0,1e-08
ntl,42,TLC1,fold4,2,TLC13,3324,2897,0.8715403128760529,950.1740901026101,True,1860.0751127114677,895.6957346838209,0.4815374005935426,1.517903314152136e-08,0,0,1e-08
ntl,42,TLC1,fold4,3,TLC14,37811,35899,0.9494327047684537,3636.0633786232315,True,7654.0123005095675,834.8019700649056,0.10906723654067403,2.8933844209433346e-09,17326,17326,1e-08
prox,42,TLC1,fold4,0,TLC11,5031,3661,0.7276883323394951,2268.763187164491,True,3031.3019084067787,63.968709152925804,0.021102717936316382,4.147416632349632e-09,505,505,1e-08
prox,42,TLC1,fold4,1,TLC12,5033,3862,0.7673355851380886,1847.267504909638,True,5019.807589123738,2019.5656460724513,0.40231933400160236,1.0746284750950963e-08,0,0,1e-08
prox,42,TLC1,fold4,2,TLC13,3324,2897,0.8715403128760529,749.1105514339837,True,1943.5780626373694,895.6957346838209,0.46084886010104076,1.517903314152136e-08,0,0,1e-08
prox,42,TLC1,fold4,3,TLC14,37811,35899,0.9494327047684537,2808.193601500507,True,7812.716800408912,834.8019700649056,0.10685168698566071,2.8933844209433346e-09,17326,17326,1e-08
ntl,42,TLC2,fold3,0,TLC21,45939,45193,0.9837610744683167,1217.6564361984358,True,12631.677950357114,9261.20171812561,0.7331727229369226,1.0820417450929654e-08,0,0,1e-08
ntl,42,TLC2,fold3,1,TLC22,3629,2185,0.6020942408376964,3903.4310723691992,True,3139.6458479771613,26.576208387056372,0.00846471534494221,1.0882546064294729e-07,0,0,1e-08
ntl,42,TLC2,fold3,2,TLC23,1239,705,0.5690072639225182,1474.2916739988514,True,1132.7530187491159,0.8667096431375281,0.0007651355845377698,2.4867415504559176e-06,0,0,1e-08
prox,42,TLC2,fold3,0,TLC21,45939,45193,0.9837610744683167,1181.8163089601526,True,12808.985193349301,9261.20171812561,0.7230238444599205,1.0820417450929654e-08,0,0,1e-08
prox,42,TLC2,fold3,1,TLC22,3629,2185,0.6020942408376964,3343.2568735271293,True,3236.3072640125374,26.576208387056372,0.00821189282074096,1.0882546064294729e-07,0,0,1e-08
prox,42,TLC2,fold3,2,TLC23,1239,705,0.5690072639225182,1101.6053245669118,True,1173.5811542674985,0.8667096431375281,0.0007385170083772289,2.4867415504559176e-06,0,0,1e-08
ntl,42,TLD6,fold2,0,TLD61,4140,3013,0.7277777777777777,2930.64288703565,True,2626.0944673784365,59.63965948747408,0.02271040140723149,2.6723365187386605e-10,830,830,1e-08
ntl,42,TLD6,fold2,1,TLD62,26500,24237,0.9146037735849056,4286.360260173904,True,6380.207763837368,353.0856885661821,0.05534078224967069,1.8933719869718146e-10,16432,16432,1e-08
ntl,42,TLD6,fold2,2,TLD63,20894,18726,0.8962381544941131,4824.636523870636,True,4754.902675361532,244.39488554885276,0.051398504288054765,2.451142067094736e-10,9870,9870,1e-08
prox,42,TLD6,fold2,0,TLD61,4140,3013,0.7277777777777777,2385.1071005783897,True,2796.361259701413,59.63965948747408,0.021327594666306533,2.6723365187386605e-10,830,830,1e-08
prox,42,TLD6,fold2,1,TLD62,26500,24237,0.9146037735849056,4636.571250687087,True,6598.257361640351,353.0856885661821,0.05351196069114887,1.8933719869718146e-10,16432,16432,1e-08
prox,42,TLD6,fold2,2,TLD63,20894,18726,0.8962381544941131,4456.602238445821,True,5006.1532302903415,244.39488554885276,0.04881889832498767,2.451142067094736e-10,9870,9870,1e-08
ntl,42,TLG1,fold2,0,TLG11,18409,18130,0.9848443696018252,435.200635497438,True,1430.7058971631993,69.34063236639905,0.04846602820599783,1.6075413569738295e-11,703,703,1e-08
ntl,42,TLG1,fold2,1,TLG12,14774,13755,0.9310274807093543,1978.9070927117987,True,3549.6156621832693,86.20825230154088,0.024286644106285185,3.85129818661345e-12,853,853,1e-08
ntl,42,TLG1,fold2,2,TLG13,16863,15613,0.9258732135444464,2578.4973543179863,True,3370.530271430211,105.93750656589316,0.031430516279250295,1.0430593021248935e-12,938,938,1e-08
prox,42,TLG1,fold2,0,TLG11,18409,18130,0.9848443696018252,347.8060831726509,True,1540.0821698019308,69.34063236639905,0.04502398230824068,1.6075413569738295e-11,703,703,1e-08
prox,42,TLG1,fold2,1,TLG12,14774,13755,0.9310274807093543,1316.5200765315165,True,3833.0793552178707,86.20825230154088,0.022490599414329328,3.85129818661345e-12,853,853,1e-08
prox,42,TLG1,fold2,2,TLG13,16863,15613,0.9258732135444464,1876.3974122726427,True,3724.232177057345,105.93750656589316,0.028445462454920935,1.0430593021248935e-12,938,938,1e-08
ntl,42,TLG2,fold4,0,TLG21,2344,1979,0.8442832764505119,863.0938821172887,True,1061.9973601116033,243.21883946289975,0.22902019213808625,1.1133482580305554e-08,0,0,1e-08
ntl,42,TLG2,fold4,1,TLG22,25775,25239,0.9792046556741029,879.3938836112908,True,2415.5305933168784,337.6289567636647,0.13977424160877652,2.915243046963667e-10,3854,3854,1e-08
ntl,42,TLG2,fold4,2,TLG23,772,381,0.49352331606217614,1070.7525887739848,True,1169.0132633519818,0.3383670445014801,0.0002894467112642161,1.4671549024569686e-06,0,0,1e-08
ntl,42,TLG2,fold4,3,TLG24,21357,19702,0.9225078428618252,3710.4997904432394,True,11834.688980767407,7135.993831524262,0.6029726546359595,1.3211045590821868e-08,0,0,1e-08
prox,42,TLG2,fold4,0,TLG21,2344,1979,0.8442832764505119,701.2924804966053,True,1120.2672641254394,243.21883946289975,0.2171078699267123,1.1133482580305554e-08,0,0,1e-08
prox,42,TLG2,fold4,1,TLG22,25775,25239,0.9792046556741029,927.7116188043709,True,2535.274378593401,337.6289567636647,0.13317255111101037,2.915243046963667e-10,3854,3854,1e-08
prox,42,TLG2,fold4,2,TLG23,772,381,0.49352331606217614,666.7654019018751,True,1247.3893404018615,0.3383670445014801,0.00027126016997425283,1.4671549024569686e-06,0,0,1e-08
prox,42,TLG2,fold4,3,TLG24,21357,19702,0.9225078428618252,2584.4020630024106,True,12033.705007261005,7135.993831524262,0.5930005619398582,1.3211045590821868e-08,0,0,1e-08
ntl,42,TLE4,fold2,0,TLE41,9092,7003,0.770237571491421,5459.990249112507,True,3992.617132732145,118.1407188664174,0.02958979409718001,3.4828684380983077e-10,4343,4343,1e-08
ntl,42,TLE4,fold2,1,TLE42,13690,10014,0.7314828341855368,10541.812396413789,True,8849.331670083084,157.2313526964681,0.017767596306512024,1.2077301832225109e-11,1642,1642,1e-08
ntl,42,TLE4,fold2,2,TLE44,19016,16210,0.8524400504838031,6251.9992169274965,True,6709.795741677041,197.46990411091213,0.029430091721623204,3.5323716174318065e-11,9029,9029,1e-08
ntl,42,TLE4,fold2,3,TLE45,8324,6272,0.7534839019702066,5385.175840697708,True,4116.322923689284,75.52378777679377,0.018347391392001148,1.8757576047967461e-10,698,698,1e-08
prox,42,TLE4,fold2,0,TLE41,9092,7003,0.770237571491421,5646.225066155624,True,4104.63559518248,118.1407188664174,0.028782267299215684,3.4828684380983077e-10,4343,4343,1e-08
prox,42,TLE4,fold2,1,TLE42,13690,10014,0.7314828341855368,10176.465067354531,True,9195.179306058884,157.2313526964681,0.01709932427232444,1.2077301832225109e-11,1642,1642,1e-08
prox,42,TLE4,fold2,2,TLE44,19016,16210,0.8524400504838031,7288.152434006175,True,6934.78709451425,197.46990411091213,0.028475265558926863,3.5323716174318065e-11,9029,9029,1e-08
prox,42,TLE4,fold2,3,TLE45,8324,6272,0.7534839019702066,4940.298568195744,True,4339.675952982698,75.52378777679377,0.017403093824294783,1.8757576047967461e-10,698,698,1e-08
ntl,42,TLH1,fold4,0,TLH11,1383,1172,0.8474331164135936,536.2692432854845,True,432.46799800075166,18.860553258810924,0.043611442571475874,5.7917084461678314e-08,0,0,1e-08
ntl,42,TLH1,fold4,1,TLH12,12142,11596,0.9550321199143469,1093.3893375086245,True,1711.5756682197834,86.28455302599629,0.050412350811075264,3.849309315739902e-09,241,241,1e-08
ntl,42,TLH1,fold4,2,TLH14,15043,14439,0.9598484344878017,1172.104138790746,True,4063.845761516289,2102.298830863746,0.5173175740998948,1.781766378883276e-08,0,0,1e-08
ntl,42,TLH1,fold4,3,TLH15,3100,2808,0.9058064516129032,647.6518436115565,True,746.7829764391079,42.9934039637554,0.057571483711052494,2.490478152594733e-07,0,0,1e-08
ntl,42,TLH1,fold4,4,TLH16,9769,9571,0.9797318046882997,346.95908576138015,True,1244.090465345171,339.61898465750636,0.2729857627863739,1.2117693870550283e-07,0,0,1e-08
ntl,42,TLH1,fold4,5,TLH17,8885,8675,0.9763646595385481,363.92083360892804,True,904.6275960834367,157.63041598478458,0.1742489579880623,2.888901062814142e-10,3260,3260,1e-08
prox,42,TLH1,fold4,0,TLH11,1383,1172,0.8474331164135936,360.9578088054378,True,469.1627066304762,18.860553258810924,0.04020045283280785,5.7917084461678314e-08,0,0,1e-08
prox,42,TLH1,fold4,1,TLH12,12142,11596,0.9550321199143469,994.0999327934752,True,1810.1633339276977,86.28455302599629,0.047666722338683,3.849309315739902e-09,241,241,1e-08
prox,42,TLH1,fold4,2,TLH14,15043,14439,0.9598484344878017,1100.185054722652,True,4292.893318627341,2102.298830863746,0.48971606672395934,1.781766378883276e-08,0,0,1e-08
prox,42,TLH1,fold4,3,TLH15,3100,2808,0.9058064516129032,575.6623357894343,True,810.4394371173353,42.9934039637554,0.053049496353088775,2.490478152594733e-07,0,0,1e-08
prox,42,TLH1,fold4,4,TLH16,9769,9571,0.9797318046882997,331.73041447178764,True,1334.7438262671958,339.61898465750636,0.25444506876446843,1.2117693870550283e-07,0,0,1e-08
prox,42,TLH1,fold4,5,TLH17,8885,8675,0.9763646595385481,389.5801822222198,True,977.5511700384674,157.63041598478458,0.16125029647152048,2.888901062814142e-10,3260,3260,1e-08
ntl,42,TLE3,fold2,0,TLE31,39729,32711,0.8233532180523043,17134.178271160625,True,15019.646810897935,457.4825584229206,0.030458942489312132,2.712583282993286e-11,6080,6080,1e-08
ntl,42,TLE3,fold2,1,TLE32,12298,8805,0.7159700764351927,8772.019874585512,True,7181.2294131904155,142.55332061369407,0.01985082392046318,1.6695822502299507e-10,4436,4436,1e-08
prox,42,TLE3,fold2,0,TLE31,39729,32711,0.8233532180523043,15165.756684386792,True,15626.825817500881,457.4825584229206,0.02927546283331412,2.712583282993286e-11,6080,6080,1e-08
prox,42,TLE3,fold2,1,TLE32,12298,8805,0.7159700764351927,9035.37121310272,True,7590.957448946368,142.55332061369407,0.018779359727998556,1.6695822502299507e-10,4436,4436,1e-08
ntl,42,TLD3,fold1,0,TLD33,4824,2222,0.46061359867330015,8124.944204276092,True,6838.230007161154,72.17345771624471,0.010554406277744822,9.130766187581685e-08,0,0,1e-08
ntl,42,TLD3,fold1,1,TLD34,8462,4593,0.542779484755377,11413.930672931798,True,8558.307177860705,609.4850534536461,0.07121560850612016,1.4685363147748376e-08,0,0,1e-08
ntl,42,TLD3,fold1,2,TLD35,9540,5685,0.5959119496855346,10101.473114852493,True,8981.175838425695,888.2187546580953,0.09889782481018551,1.4146488425126336e-08,0,0,1e-08
ntl,42,TLD3,fold1,3,TLD36,13726,8954,0.65233862742241,11817.698131378545,True,11930.535156707705,2137.5112320220787,0.17916306384800398,1.0126234961660428e-08,0,0,1e-08
ntl,42,TLD3,fold1,4,TLD37,16775,12468,0.7432488822652757,11764.911208195681,True,8882.779175989705,523.7670442400898,0.05896432117279698,6.834102617148119e-09,5198,5198,1e-08
prox,42,TLD3,fold1,0,TLD33,4824,2222,0.46061359867330015,8234.751565935312,True,6949.351687053651,72.17345771624471,0.010385638972726163,9.130766187581685e-08,0,0,1e-08
prox,42,TLD3,fold1,1,TLD34,8462,4593,0.542779484755377,11670.781170103764,True,8912.079395135572,609.4850534536461,0.06838864718668437,1.4685363147748376e-08,0,0,1e-08
prox,42,TLD3,fold1,2,TLD35,9540,5685,0.5959119496855346,11116.950010814511,True,9116.565287222802,888.2187546580953,0.09742910039847641,1.4146488425126336e-08,0,0,1e-08
prox,42,TLD3,fold1,3,TLD36,13726,8954,0.65233862742241,12359.772388016125,True,12188.291659598019,2137.5112320220787,0.17537414526332198,1.0126234961660428e-08,0,0,1e-08
prox,42,TLD3,fold1,4,TLD37,16775,12468,0.7432488822652757,12322.562608990973,True,9103.051470410712,523.7670442400898,0.05753752419642844,6.834102617148119e-09,5198,5198,1e-08
ntl,42,TLD4,fold3,0,TLD41,2321,1854,0.7987936234381732,1140.2890088553931,True,988.525147346626,13.500334208902968,0.013657046808713184,5.772169515694259e-07,0,0,1e-08
ntl,42,TLD4,fold3,1,TLD42,590,127,0.21525423728813559,1455.2547563160874,True,1311.2364524862933,0.15659642988453248,0.0001194265378968096,2.5496822217974113e-06,0,0,1e-08
ntl,42,TLD4,fold3,2,TLD44,14609,13667,0.9355192004928469,1860.2803462316044,True,2377.033328092828,255.10617556499585,0.10732124474235956,2.6836201527657977e-07,0,0,1e-08
ntl,42,TLD4,fold3,3,TLD45,17165,15739,0.9169239732012817,3053.65268621117,True,4966.001228662681,364.0257827995442,0.0733036030475519,2.960765925763553e-07,0,0,1e-08
ntl,42,TLD4,fold3,4,TLD46,8355,7353,0.8800718132854578,2058.3794941612664,True,2079.5375908286724,157.36307749288304,0.07567214855210942,2.543316952596797e-07,0,0,1e-08
ntl,42,TLD4,fold3,5,TLD47,9276,8456,0.9115998275118585,1725.2160273326388,True,1827.3755052894526,83.88093967861835,0.04590241000594553,4.498672581121355e-07,0,0,1e-08
prox,42,TLD4,fold3,0,TLD41,2321,1854,0.7987936234381732,1118.8093100962749,True,1034.7143146924518,13.500334208902968,0.013047402570163218,5.772169515694259e-07,0,0,1e-08
prox,42,TLD4,fold3,1,TLD42,590,127,0.21525423728813559,1072.5470255660746,True,1319.5630887456575,0.15659642988453248,0.00011867293895996211,2.5496822217974113e-06,0,0,1e-08
prox,42,TLD4,fold3,2,TLD44,14609,13667,0.9355192004928469,1878.729409902008,True,2501.2415098487177,255.10617556499585,0.10199182068605019,2.6836201527657977e-07,0,0,1e-08
prox,42,TLD4,fold3,3,TLD45,17165,15739,0.9169239732012817,3203.568801450484,True,5278.390195755055,364.0257827995442,0.06896530368147055,2.960765925763553e-07,0,0,1e-08
prox,42,TLD4,fold3,4,TLD46,8355,7353,0.8800718132854578,2201.007141813357,True,2093.1566833034294,157.36307749288304,0.07517978885581174,2.543316952596797e-07,0,0,1e-08
prox,42,TLD4,fold3,5,TLD47,9276,8456,0.9115998275118585,1661.953868922326,True,1892.1809656087646,83.88093967861835,0.04433029461937941,4.498672581121355e-07,0,0,1e-08
ntl,123,London,fold1,0,TLI31,808,341,0.422029702970297,1798.7844555488298,True,2946.408423634927,0.23063960944659523,7.827822089989126e-05,3.989569904661039e-06,0,0,1e-08
ntl,123,London,fold1,1,TLI32,704,476,0.6761363636363636,914.5387634289472,True,1203.6362419145175,2.9815592175877894,0.002477126488685059,3.714030754053965e-07,0,0,1e-08
ntl,123,London,fold1,2,TLI33,941,306,0.32518597236981933,2482.060315314101,True,1890.2171867657648,0.7450960017013487,0.00039418539145559084,2.0624615615361108e-07,0,0,1e-08
ntl,123,London,fold1,3,TLI34,1120,387,0.3455357142857143,2501.478493883851,True,1747.8394102456286,0.5173086080179463,0.00029597033056100245,8.155732871273358e-07,0,0,1e-08
ntl,123,London,fold1,4,TLI41,1822,652,0.3578485181119649,4493.914049877706,True,3103.1475524220095,0.4370067635948285,0.00014082693659015483,1.002381168291322e-06,0,0,1e-08
ntl,123,London,fold1,5,TLI42,649,270,0.41602465331278893,1578.7315422971844,True,1237.2181585225346,0.1680347781440165,0.00013581661163515482,8.051702025113627e-07,0,0,1e-08
ntl,123,London,fold1,6,TLI43,1473,440,0.2987101154107264,3710.0719541681747,True,2998.8029560488135,0.7620744841825792,0.0002541262281489409,3.2855012932486716e-07,0,0,1e-08
ntl,123,London,fold1,7,TLI44,2103,543,0.2582025677603424,5468.5682485093575,True,4647.614089597051,1.9561364772580823,0.00042089046972221386,1.5637232309018145e-07,0,0,1e-08
ntl,123,London,fold1,8,TLI45,880,162,0.18409090909090908,2618.9550902103088,True,1294.8901088582368,0.06291208410356598,4.8584882742705024e-05,2.250364104838809e-06,0,0,1e-08
ntl,123,London,fold1,9,TLI51,3540,1322,0.3734463276836158,6750.473137032001,True,5266.269264444027,3.9537226669303953,0.000750763485191409,3.855883505821112e-07,0,0,1e-08
ntl,123,London,fold1,10,TLI52,4899,2603,0.5313329250867525,6890.482402203156,True,4956.625743333372,50.25773890695866,0.010139506492810148,4.9858357442644774e-08,0,0,1e-08
ntl,123,London,fold1,11,TLI53,3135,1417,0.45199362041467306,5447.125229507429,True,4832.504406483585,20.52757892156773,0.004247813803134182,3.296416650755418e-08,0,0,1e-08
ntl,123,London,fold1,12,TLI54,2714,1415,0.5213706705969049,4025.8782768522733,True,2640.268341044126,18.69707656120322,0.007081506175167497,8.840748222382899e-08,0,0,1e-08
ntl,123,London,fold1,13,TLI61,4899,2874,0.5866503368034293,5116.239348187946,True,4539.884536218311,69.67630523924616,0.015347594125661616,1.9019921637664083e-08,0,0,1e-08
ntl,123,London,fold1,14,TLI62,2827,1030,0.36434382737884685,4913.154243868149,True,3759.5310877237175,4.09610867329369,0.0010895264802222343,2.2487674300464278e-07,0,0,1e-08
ntl,123,London,fold1,15,TLI63,3882,1326,0.3415765069551777,7443.405649339929,True,5907.335138963905,4.5158105156165975,0.0007644412259312973,2.00355898982707e-07,0,0,1e-08
ntl,123,London,fold1,16,TLI71,2867,1218,0.4248343215905127,4964.311137770995,True,4084.369709520281,6.979981668807342,0.0017089495234815944,5.155973425985394e-08,0,0,1e-08
ntl,123,London,fold1,17,TLI72,1422,430,0.30239099859353025,3441.7068488615096,True,2116.2230587389186,0.28050288715159727,0.00013254882843907398,1.3361164974412532e-06,0,0,1e-08
ntl,123,London,fold1,18,TLI73,1831,647,0.3533588203167668,3947.4006880941033,True,2621.4206062222165,0.6025656523378131,0.00022986225518619957,1.3323889334060368e-06,0,0,1e-08
ntl,123,London,fold1,19,TLI74,5475,2944,0.5377168949771689,7542.0683494709465,True,8736.495824970067,222.6008310671287,0.025479418238935788,5.730815377802401e-09,56,56,1e-08
ntl,123,London,fold1,20,TLI75,3719,1946,0.5232589405754235,5452.6489750434475,True,5194.230966903759,45.11510581481853,0.00868561796775689,5.883840614728797e-08,0,0,1e-08
prox,123,London,fold1,0,TLI31,808,341,0.422029702970297,1570.3133022218262,True,3037.407808819812,0.23063960944659523,7.593304026442551e-05,3.989569904661039e-06,0,0,1e-08
prox,123,London,fold1,1,TLI32,704,476,0.6761363636363636,770.9328927876081,True,1210.0641912496435,2.9815592175877894,0.0024639678119131084,3.714030754053965e-07,0,0,1e-08
prox,123,London,fold1,2,TLI33,941,306,0.32518597236981933,2052.639847768228,True,1906.7626912310443,0.7450960017013487,0.0003907649363646295,2.0624615615361108e-07,0,0,1e-08
prox,123,London,fold1,3,TLI34,1120,387,0.3455357142857143,2268.4267492239983,True,1772.4058341302225,0.5173086080179463,0.0002918680349931293,8.155732871273358e-07,0,0,1e-08
prox,123,London,fold1,4,TLI41,1822,652,0.3578485181119649,3643.639644017715,True,3147.1565421339133,0.4370067635948285,0.00013885765062659333,1.002381168291322e-06,0,0,1e-08
prox,123,London,fold1,5,TLI42,649,270,0.41602465331278893,1255.2636928323795,True,1245.133956939532,0.1680347781440165,0.00013495317287550037,8.051702025113627e-07,0,0,1e-08
prox,123,London,fold1,6,TLI43,1473,440,0.2987101154107264,3315.960823436015,True,3021.2213044374444,0.7620744841825792,0.00025224053698525025,3.2855012932486716e-07,0,0,1e-08
prox,123,London,fold1,7,TLI44,2103,543,0.2582025677603424,4867.029607789638,True,4704.905527216556,1.9561364772580823,0.0004157653040942868,1.5637232309018145e-07,0,0,1e-08
prox,123,London,fold1,8,TLI45,880,162,0.18409090909090908,2271.3490716429037,True,1300.868460247426,0.06291208410356598,4.8361603056776445e-05,2.250364104838809e-06,0,0,1e-08
prox,123,London,fold1,9,TLI51,3540,1322,0.3734463276836158,6137.726479388986,True,5393.546318709044,3.9537226669303953,0.0007330469478338933,3.855883505821112e-07,0,0,1e-08
prox,123,London,fold1,10,TLI52,4899,2603,0.5313329250867525,6203.333189389436,True,5087.021963940518,50.25773890695866,0.009879599353651684,4.9858357442644774e-08,0,0,1e-08
prox,123,London,fold1,11,TLI53,3135,1417,0.45199362041467306,4990.21547761005,True,4863.60068483509,20.52757892156773,0.004220654665497844,3.296416650755418e-08,0,0,1e-08
prox,123,London,fold1,12,TLI54,2714,1415,0.5213706705969049,3777.249149998171,True,2705.866165612551,18.69707656120322,0.006909830500419668,8.840748222382899e-08,0,0,1e-08
prox,123,London,fold1,13,TLI61,4899,2874,0.5866503368034293,5483.398581809464,True,4591.544000928626,69.67630523924616,0.015174918333605066,1.9019921637664083e-08,0,0,1e-08
prox,123,London,fold1,14,TLI62,2827,1030,0.36434382737884685,5108.274949379607,True,3820.7858427742435,4.09610867329369,0.0010720592155250284,2.2487674300464278e-07,0,0,1e-08
prox,123,London,fold1,15,TLI63,3882,1326,0.3415765069551777,7290.0466426125795,True,5977.8039112461665,4.5158105156165975,0.0007554296833191382,2.00355898982707e-07,0,0,1e-08
prox,123,London,fold1,16,TLI71,2867,1218,0.4248343215905127,4950.783646217445,True,4123.0641569700965,6.979981668807342,0.0016929112434516905,5.155973425985394e-08,0,0,1e-08
prox,123,London,fold1,17,TLI72,1422,430,0.30239099859353025,3070.485349669198,True,2157.835973785752,0.28050288715159727,0.00012999268274292288,1.3361164974412532e-06,0,0,1e-08
prox,123,London,fold1,18,TLI73,1831,647,0.3533588203167668,3464.636050873115,True,2670.3652229688932,0.6025656523378131,0.00022564915358951718,1.3323889334060368e-06,0,0,1e-08
prox,123,London,fold1,19,TLI74,5475,2944,0.5377168949771689,6766.908052497376,True,8941.865722922132,222.6008310671287,0.02489422654787803,5.730815377802401e-09,56,56,1e-08
prox,123,London,fold1,20,TLI75,3719,1946,0.5232589405754235,4948.871068791867,True,5290.621131597222,45.11510581481853,0.008527374138619979,5.883840614728797e-08,0,0,1e-08
ntl,123,TLH2,fold3,0,TLH21,785,187,0.23821656050955414,1787.5864485259553,True,1559.294160475962,0.004148050981096766,2.660210681370478e-06,0.00014322545030154288,0,0,1e-08
ntl,123,TLH2,fold3,1,TLH23,29749,25751,0.8656089280311944,8508.348553037978,True,9640.032596445855,234.38812884524603,0.024314039034646174,1.4673078396754136e-07,0,0,1e-08
ntl,123,TLH2,fold3,2,TLH24,8762,8009,0.9140607167313399,1652.3692077386445,True,1950.968978652084,52.63469955694736,0.02697874755205613,6.735170927640866e-07,0,0,1e-08
ntl,123,TLH2,fold3,3,TLH25,13061,11734,0.8983998162468417,2558.539472001169,True,3099.613648263339,125.46665096707656,0.04047815799152046,3.394673342427268e-07,0,0,1e-08
prox,123,TLH2,fold3,0,TLH21,785,187,0.23821656050955414,1248.9876173008913,True,1585.1696083159763,0.004148050981096766,2.616786846868391e-06,0.00014322545030154288,0,0,1e-08
prox,123,TLH2,fold3,1,TLH23,29749,25751,0.8656089280311944,7902.137197177676,True,10183.57974221749,234.38812884524603,0.023016280598614696,1.4673078396754136e-07,0,0,1e-08
prox,123,TLH2,fold3,2,TLH24,8762,8009,0.9140607167313399,1195.4919724607369,True,2085.5232772141476,52.63469955694736,0.025238126148971616,6.735170927640866e-07,0,0,1e-08
prox,123,TLH2,fold3,3,TLH25,13061,11734,0.8983998162468417,2342.932626657571,True,3250.135787279723,125.46665096707656,0.03860351049273815,3.394673342427268e-07,0,0,1e-08
ntl,123,TLH3,fold4,0,TLH31,580,191,0.3293103448275862,1017.676864655222,True,729.3327294838314,9.966486697211996,0.013665212452847894,6.269814001313989e-09,40,40,1e-08
ntl,123,TLH3,fold4,1,TLH32,2282,1592,0.6976336546888694,2072.5170626322574,True,1103.9595560337866,48.031771280266106,0.04350863309959527,4.267598896490199e-08,0,0,1e-08
ntl,123,TLH3,fold4,2,TLH34,18167,16562,0.9116529971927121,2681.140200628375,True,4115.217801514148,311.2324212083496,0.07562963522704318,2.0011479140435995e-09,1938,1938,1e-08
ntl,123,TLH3,fold4,3,TLH35,14298,13460,0.941390404252343,1731.9617775171996,True,2330.6800482579615,158.85454680336616,0.06815802405915822,5.21436360756411e-09,533,533,1e-08
ntl,123,TLH3,fold4,4,TLH36,12013,11011,0.9165903604428536,1808.2824237327343,True,3302.8395896597244,169.2833672690208,0.051253887048889724,1.226747481375412e-09,1130,1130,1e-08
ntl,123,TLH3,fold4,5,TLH37,4511,3456,0.7661272445134116,2379.2178925467015,True,2554.980764316555,69.11125358853619,0.027049617967289517,1.0594516375306284e-09,518,518,1e-08
prox,123,TLH3,fold4,0,TLH31,580,191,0.3293103448275862,714.2863813417531,True,734.0522503865171,9.966486697211996,0.013577353236045685,6.269814001313989e-09,40,40,1e-08
prox,123,TLH3,fold4,1,TLH32,2282,1592,0.6976336546888694,1324.8682041594936,True,1170.3999790463072,48.031771280266106,0.04103876635353709,4.267598896490199e-08,0,0,1e-08
prox,123,TLH3,fold4,2,TLH34,18167,16562,0.9116529971927121,2756.9300190492568,True,4382.039529610562,311.2324212083496,0.07102455810936267,2.0011479140435995e-09,1938,1938,1e-08
prox,123,TLH3,fold4,3,TLH35,14298,13460,0.941390404252343,1323.5895926672135,True,2519.752565397782,158.85454680336616,0.06304370872950714,5.21436360756411e-09,533,533,1e-08
prox,123,TLH3,fold4,4,TLH36,12013,11011,0.9165903604428536,1903.983006310374,True,3425.359845727997,169.2833672690208,0.049420608313647925,1.226747481375412e-09,1130,1130,1e-08
prox,123,TLH3,fold4,5,TLH37,4511,3456,0.7661272445134116,2162.815202062615,True,2624.7462768592914,69.11125358853619,0.026330641631096267,1.0594516375306284e-09,518,518,1e-08
ntl,123,TLJ1,fold3,0,TLJ11,11150,9574,0.8586547085201793,3445.4360460304083,True,3596.1540528174523,141.33748497898702,0.039302399981517584,2.7146944603373413e-07,0,0,1e-08
ntl,123,TLJ1,fold3,1,TLJ12,2792,2204,0.7893982808022922,1642.4319859895083,True,1329.6020167469305,3.570867711485074,0.0026856665878273365,2.7573648821999086e-06,0,0,1e-08
ntl,123,TLJ1,fold3,2,TLJ13,14020,12813,0.9139087018544936,2127.135449710591,True,2950.367818096977,77.33329656446051,0.026211408655596517,2.3077492983247794e-07,0,0,1e-08
ntl,123,TLJ1,fold3,3,TLJ14,23305,21810,0.9358506758206393,2710.175495975738,True,4367.697880972675,342.9346773894455,0.07851611689613358,2.0132644351633647e-07,0,0,1e-08
prox,123,TLJ1,fold3,0,TLJ11,11150,9574,0.8586547085201793,3430.7390153653323,True,3805.4335141787697,141.33748497898702,0.03714096815839083,2.7146944603373413e-07,0,0,1e-08
prox,123,TLJ1,fold3,1,TLJ12,2792,2204,0.7893982808022922,1254.202362738967,True,1374.640576792779,3.570867711485074,0.002597673727787367,2.7573648821999086e-06,0,0,1e-08
prox,123,TLJ1,fold3,2,TLJ13,14020,12813,0.9139087018544936,2482.272091782263,True,3113.7742562027643,77.33329656446051,0.024835871261511478,2.3077492983247794e-07,0,0,1e-08
prox,123,TLJ1,fold3,3,TLJ14,23305,21810,0.9358506758206393,2969.345866579201,True,4724.088721432363,342.9346773894455,0.07259276817423241,2.0132644351633647e-07,0,0,1e-08
ntl,123,TLF1,fold1,0,TLF11,822,272,0.3309002433090024,1562.6774012566477,True,1415.1596554916744,0.18973577658224522,0.0001340737604029028,1.6841800061229149e-06,0,0,1e-08
ntl,123,TLF1,fold1,1,TLF12,5378,4625,0.8599851245816289,1505.476977928896,True,2620.550727619235,860.2326332167552,0.3282640645534363,1.6075235365065055e-08,0,0,1e-08
ntl,123,TLF1,fold1,2,TLF13,21865,20592,0.9417790990166933,2457.663256417676,True,10387.661242178743,7005.880101600709,0.674442488859145,1.1127281318579207e-08,0,0,1e-08
ntl,123,TLF1,fold1,3,TLF14,793,262,0.33039092055485497,1610.9908994972138,True,1492.3734420348133,0.10968400970528659,7.349635594944334e-05,1.4653420521426597e-06,0,0,1e-08
ntl,123,TLF1,fold1,4,TLF15,15796,14370,0.9097239807546215,3010.1489700559637,True,3926.3996141402927,272.14899126886144,0.06931260646235826,2.4443984614208603e-09,5258,5258,1e-08
ntl,123,TLF1,fold1,5,TLF16,6435,5514,0.8568764568764569,1969.2422909138443,True,1995.6806265104758,169.2503480869811,0.0848083334771465,4.812849230262373e-09,2020,2020,1e-08
prox,123,TLF1,fold1,0,TLF11,822,272,0.3309002433090024,1199.3212696080498,True,1484.3036823637824,0.18973577658224522,0.00012782813843059885,1.6841800061229149e-06,0,0,1e-08
prox,123,TLF1,fold1,1,TLF12,5378,4625,0.8599851245816289,1647.7524668843303,True,2734.8314245646734,860.2326332167552,0.31454685853395364,1.6075235365065055e-08,0,0,1e-08
prox,123,TLF1,fold1,2,TLF13,21865,20592,0.9417790990166933,2531.982083700554,True,10582.506624398857,7005.880101600709,0.6620246365306368,1.1127281318579207e-08,0,0,1e-08
prox,123,TLF1,fold1,3,TLF14,793,262,0.33039092055485497,1321.8533031787144,True,1521.2672758661101,0.10968400970528659,7.210042012034978e-05,1.4653420521426597e-06,0,0,1e-08
prox,123,TLF1,fold1,4,TLF15,15796,14370,0.9097239807546215,3014.572636621953,True,4136.414484231008,272.14899126886144,0.06579345283369398,2.4443984614208603e-09,5258,5258,1e-08
prox,123,TLF1,fold1,5,TLF16,6435,5514,0.8568764568764569,2079.6099624814838,True,2046.769400742865,169.2503480869811,0.08269145905032219,4.812849230262373e-09,2020,2020,1e-08
ntl,123,TLF2,fold2,0,TLF21,767,311,0.40547588005215124,1307.865754677804,True,1158.4378925122683,0.005502485132201341,4.749918116255911e-06,0.00018754364282358438,0,0,1e-08
ntl,123,TLF2,fold2,1,TLF22,25882,23792,0.9192488988486207,4203.76303299813,True,16947.99315406088,11771.708351702042,0.6945783046225412,1.0187559240648625e-08,0,0,1e-08
ntl,123,TLF2,fold2,2,TLF24,14131,13055,0.9238553534781686,2263.5185813511234,True,5444.672048954452,2939.4313747510237,0.5398729892860097,2.681388089342818e-08,0,0,1e-08
ntl,123,TLF2,fold2,3,TLF25,10180,9274,0.9110019646365423,2051.545059804636,True,4905.920559184807,2778.1352975968643,0.5662821613357909,1.4866534669977229e-08,0,0,1e-08
prox,123,TLF2,fold2,0,TLF21,767,311,0.40547588005215124,1067.289376865179,True,1187.8774668887124,0.005502485132201341,4.632199267668108e-06,0.00018754364282358438,0,0,1e-08
prox,123,TLF2,fold2,1,TLF22,25882,23792,0.9192488988486207,3838.100500619802,True,17478.936556875637,11771.708351702042,0.6734796658479455,1.0187559240648625e-08,0,0,1e-08
prox,123,TLF2,fold2,2,TLF24,14131,13055,0.9238553534781686,2033.2142350085896,True,5756.462795049796,2939.4313747510237,0.5106315248452147,2.681388089342818e-08,0,0,1e-08
prox,123,TLF2,fold2,3,TLF25,10180,9274,0.9110019646365423,1668.621558651646,True,5072.008422684459,2778.1352975968643,0.5477386995596671,1.4866534669977229e-08,0,0,1e-08
ntl,123,TLC1,fold3,0,TLC11,5031,3661,0.7276883323394951,3699.21433688072,True,2925.6860845468364,14.040606871816829,0.004799081810580371,4.1678814000079e-07,0,0,1e-08
ntl,123,TLC1,fold3,1,TLC12,5033,3862,0.7673355851380886,3363.987053679849,True,2081.5687838585945,39.16251431998816,0.018813941976682024,5.826765914207499e-07,0,0,1e-08
ntl,123,TLC1,fold3,2,TLC13,3324,2897,0.8715403128760529,950.1740901026101,True,963.0789875491633,3.595516795943431,0.0037333560823430245,3.4440245144651276e-06,0,0,1e-08
ntl,123,TLC1,fold3,3,TLC14,37811,35899,0.9494327047684537,3636.0633786232315,True,8628.87819672932,4355.866952822446,0.5048010707201186,4.0397676315251374e-08,0,0,1e-08
prox,123,TLC1,fold3,0,TLC11,5031,3661,0.7276883323394951,2268.763187164491,True,3135.2062136567,14.040606871816829,0.004478367901497866,4.1678814000079e-07,0,0,1e-08
prox,123,TLC1,fold3,1,TLC12,5033,3862,0.7673355851380886,1847.267504909638,True,2204.646968043273,39.16251431998816,0.017763621517483466,5.826765914207499e-07,0,0,1e-08
prox,123,TLC1,fold3,2,TLC13,3324,2897,0.8715403128760529,749.1105514339837,True,1041.144569176641,3.595516795943431,0.0034534270286660012,3.4440245144651276e-06,0,0,1e-08
prox,123,TLC1,fold3,3,TLC14,37811,35899,0.9494327047684537,2808.193601500507,True,8731.78364281476,4355.866952822446,0.4988519105608872,4.0397676315251374e-08,0,0,1e-08
ntl,123,TLC2,fold1,0,TLC21,45939,45193,0.9837610744683167,1217.6564361984358,True,4001.0705450220894,340.8388567371364,0.0851869150773133,3.5052176439176463e-11,10938,10938,1e-08
ntl,123,TLC2,fold1,1,TLC22,3629,2185,0.6020942408376964,3903.4310723691992,True,3584.0370540119575,133.511935556496,0.03725182902532865,1.0125543070671483e-08,0,0,1e-08
ntl,123,TLC2,fold1,2,TLC23,1239,705,0.5690072639225182,1474.2916739988514,True,1073.9751750232806,3.5120712042237465,0.0032701605082702356,3.234038103983039e-07,0,0,1e-08
prox,123,TLC2,fold1,0,TLC21,45939,45193,0.9837610744683167,1181.8163089601526,True,4160.210200498444,340.8388567371364,0.0819282777337308,3.5052176439176463e-11,10938,10938,1e-08
prox,123,TLC2,fold1,1,TLC22,3629,2185,0.6020942408376964,3343.2568735271293,True,3686.104978941753,133.511935556496,0.0362203291331182,1.0125543070671483e-08,0,0,1e-08
prox,123,TLC2,fold1,2,TLC23,1239,705,0.5690072639225182,1101.6053245669118,True,1111.7221022751605,3.5120712042237465,0.0031591269050387913,3.234038103983039e-07,0,0,1e-08
ntl,123,TLD6,fold2,0,TLD61,4140,3013,0.7277777777777777,2930.64288703565,True,2672.695359358176,3.4649257655355057,0.0012964162763269723,2.1651719634974143e-06,0,0,1e-08
ntl,123,TLD6,fold2,1,TLD62,26500,24237,0.9146037735849056,4286.360260173904,True,17073.414467697014,10523.606450801848,0.6163738642151847,1.402211413648047e-08,0,0,1e-08
ntl,123,TLD6,fold2,2,TLD63,20894,18726,0.8962381544941131,4824.636523870636,True,5988.773360993964,535.3785223028788,0.08939702507192915,6.444778044567556e-09,8595,8595,1e-08
prox,123,TLD6,fold2,0,TLD61,4140,3013,0.7277777777777777,2385.1071005783897,True,2872.9289277127664,3.4649257655355057,0.001206060383921174,2.1651719634974143e-06,0,0,1e-08
prox,123,TLD6,fold2,1,TLD62,26500,24237,0.9146037735849056,4636.571250687087,True,17375.45024137819,10523.606450801848,0.6056594968538286,1.402211413648047e-08,0,0,1e-08
prox,123,TLD6,fold2,2,TLD63,20894,18726,0.8962381544941131,4456.602238445821,True,6358.570979945346,535.3785223028788,0.08419793126339851,6.444778044567556e-09,8595,8595,1e-08
ntl,123,TLG1,fold2,0,TLG11,18409,18130,0.9848443696018252,435.200635497438,True,1382.181362238127,85.40386296737746,0.06178918722293102,2.49284759501478e-10,565,565,1e-08
ntl,123,TLG1,fold2,1,TLG12,14774,13755,0.9310274807093543,1978.9070927117987,True,3534.0705929183273,77.91470610783163,0.022046731682145618,5.6252918767540905e-08,0,0,1e-08
ntl,123,TLG1,fold2,2,TLG13,16863,15613,0.9258732135444464,2578.4973543179863,True,4207.823353733383,320.18507532211873,0.07609280342960101,1.3865557590975186e-08,0,0,1e-08
prox,123,TLG1,fold2,0,TLG11,18409,18130,0.9848443696018252,347.8060831726509,True,1498.0463597352086,85.40386296737746,0.057010160207907896,2.49284759501478e-10,565,565,1e-08
prox,123,TLG1,fold2,1,TLG12,14774,13755,0.9310274807093543,1316.5200765315165,True,3871.0035063362025,77.91470610783163,0.02012777978121124,5.6252918767540905e-08,0,0,1e-08
prox,123,TLG1,fold2,2,TLG13,16863,15613,0.9258732135444464,1876.3974122726427,True,4672.469141410398,320.18507532211873,0.06852588334600963,1.3865557590975186e-08,0,0,1e-08
ntl,123,TLG2,fold1,0,TLG21,2344,1979,0.8442832764505119,863.0938821172887,True,726.5042668972915,17.907293962301132,0.02464857369493296,1.3599195369806694e-07,0,0,1e-08
ntl,123,TLG2,fold1,1,TLG22,25775,25239,0.9792046556741029,879.3938836112908,True,2232.6754192321728,289.94620210639357,0.12986491435737102,2.3306620522411947e-10,3848,3848,1e-08
ntl,123,TLG2,fold1,2,TLG23,772,381,0.49352331606217614,1070.7525887739848,True,1065.6048734244057,0.3930353216242923,0.0003688377666303666,1.049936713570787e-06,0,0,1e-08
ntl,123,TLG2,fold1,3,TLG24,21357,19702,0.9225078428618252,3710.4997904432394,True,11880.656827966723,7398.054875340676,0.6226974638242112,7.626879572342204e-09,499,499,1e-08
prox,123,TLG2,fold1,0,TLG21,2344,1979,0.8442832764505119,701.2924804966053,True,768.8043801665978,17.907293962301132,0.023292393259284856,1.3599195369806694e-07,0,0,1e-08
prox,123,TLG2,fold1,1,TLG22,25775,25239,0.9792046556741029,927.7116188043709,True,2333.4532435844617,289.94620210639357,0.12425627250238008,2.3306620522411947e-10,3848,3848,1e-08
prox,123,TLG2,fold1,2,TLG23,772,381,0.49352331606217614,666.7654019018751,True,1125.5754230988712,0.3930353216242923,0.00034918612609913734,1.049936713570787e-06,0,0,1e-08
prox,123,TLG2,fold1,3,TLG24,21357,19702,0.9225078428618252,2584.4020630024106,True,12052.147342944489,7398.054875340676,0.6138370752388461,7.626879572342204e-09,499,499,1e-08
ntl,123,TLE4,fold2,0,TLE41,9092,7003,0.770237571491421,5459.990249112507,True,4474.174845945105,195.18661503359965,0.043625164807874046,1.9461609213067277e-07,0,0,1e-08
ntl,123,TLE4,fold2,1,TLE42,13690,10014,0.7314828341855368,10541.812396413789,True,8895.060125250897,109.30429614022216,0.0122882020583463,1.0189069143962115e-07,0,0,1e-08
ntl,123,TLE4,fold2,2,TLE44,19016,16210,0.8524400504838031,6251.9992169274965,True,10187.432745234084,2893.203127833052,0.2839972739144275,2.737531623608902e-08,0,0,1e-08
ntl,123,TLE4,fold2,3,TLE45,8324,6272,0.7534839019702066,5385.175840697708,True,4175.976198073922,51.665861431218126,0.012372163772161316,1.038257479990534e-07,0,0,1e-08
prox,123,TLE4,fold2,0,TLE41,9092,7003,0.770237571491421,5646.225066155624,True,4616.935452685137,195.18661503359965,0.04227622782122332,1.9461609213067277e-07,0,0,1e-08
prox,123,TLE4,fold2,1,TLE42,13690,10014,0.7314828341855368,10176.465067354531,True,9302.287050831912,109.30429614022216,0.011750260505070845,1.0189069143962115e-07,0,0,1e-08
prox,123,TLE4,fold2,2,TLE44,19016,16210,0.8524400504838031,7288.152434006175,True,10475.026141650214,2893.203127833052,0.27620008663551293,2.737531623608902e-08,0,0,1e-08
prox,123,TLE4,fold2,3,TLE45,8324,6272,0.7534839019702066,4940.298568195744,True,4468.049941791801,51.665861431218126,0.01156340285008068,1.038257479990534e-07,0,0,1e-08
ntl,123,TLH1,fold4,0,TLH11,1383,1172,0.8474331164135936,536.2692432854845,True,462.46879734932605,12.63839179931906,0.027328096234290684,1.0068235667404224e-07,0,0,1e-08
ntl,123,TLH1,fold4,1,TLH12,12142,11596,0.9550321199143469,1093.3893375086245,True,1627.459792168337,255.28033574670357,0.15685815217995785,1.3098248707876792e-08,0,0,1e-08
ntl,123,TLH1,fold4,2,TLH14,15043,14439,0.9598484344878017,1172.104138790746,True,2174.6613626601734,649.1664547883179,0.29851381274104183,6.028341825725647e-09,4017,4017,1e-08
ntl,123,TLH1,fold4,3,TLH15,3100,2808,0.9058064516129032,647.6518436115565,True,687.8699866345825,97.52721792606889,0.14178147007579547,1.1594277538051757e-07,0,0,1e-08
ntl,123,TLH1,fold4,4,TLH16,9769,9571,0.9797318046882997,346.95908576138015,True,1920.5085190352781,1143.2504255832805,0.5952852665072088,3.847539176149439e-08,0,0,1e-08
ntl,123,TLH1,fold4,5,TLH17,8885,8675,0.9763646595385481,363.92083360892804,True,622.5708752133404,141.1252860839919,0.22668147788897383,4.762394367752165e-10,3512,3512,1e-08
prox,123,TLH1,fold4,0,TLH11,1383,1172,0.8474331164135936,360.9578088054378,True,494.07057855914184,12.63839179931906,0.02558013439330147,1.0068235667404224e-07,0,0,1e-08
prox,123,TLH1,fold4,1,TLH12,12142,11596,0.9550321199143469,994.0999327934752,True,1699.2423282326076,255.28033574670357,0.15023186010921832,1.3098248707876792e-08,0,0,1e-08
prox,123,TLH1,fold4,2,TLH14,15043,14439,0.9598484344878017,1100.185054722652,True,2312.3990191374305,649.1664547883179,0.2807328879729717,6.028341825725647e-09,4017,4017,1e-08
prox,123,TLH1,fold4,3,TLH15,3100,2808,0.9058064516129032,575.6623357894343,True,725.7207138080723,97.52721792606889,0.1343867083720328,1.1594277538051757e-07,0,0,1e-08
prox,123,TLH1,fold4,4,TLH16,9769,9571,0.9797318046882997,331.73041447178764,True,1983.3490524006095,1143.2504255832805,0.5764242175120466,3.847539176149439e-08,0,0,1e-08
prox,123,TLH1,fold4,5,TLH17,8885,8675,0.9763646595385481,389.5801822222198,True,658.4099950124195,141.1252860839919,0.21434256337698807,4.762394367752165e-10,3512,3512,1e-08
ntl,123,TLE3,fold4,0,TLE31,39729,32711,0.8233532180523043,17134.178271160625,True,16301.347242097821,656.1553738796764,0.04025160400148839,2.9429090275812086e-09,4875,4875,1e-08
ntl,123,TLE3,fold4,1,TLE32,12298,8805,0.7159700764351927,8772.019874585512,True,10836.440214438291,3437.6562364075544,0.3172311357217916,1.0678654405182897e-08,0,0,1e-08
prox,123,TLE3,fold4,0,TLE31,39729,32711,0.8233532180523043,15165.756684386792,True,17009.309632294167,656.1553738796764,0.03857624959886018,2.9429090275812086e-09,4875,4875,1e-08
prox,123,TLE3,fold4,1,TLE32,12298,8805,0.7159700764351927,9035.37121310272,True,11260.611941365316,3437.6562364075544,0.3052814762028598,1.0678654405182897e-08,0,0,1e-08
ntl,123,TLD3,fold4,0,TLD33,4824,2222,0.46061359867330015,8124.944204276092,True,9666.924708609093,256.07561477785833,0.026489873718557523,2.408221000393951e-08,0,0,1e-08
ntl,123,TLD3,fold4,1,TLD34,8462,4593,0.542779484755377,11413.930672931798,True,9356.726195067618,146.3504250539731,0.015641199924298466,1.6251454626470263e-09,1108,1108,1e-08
ntl,123,TLD3,fold4,2,TLD35,9540,5685,0.5959119496855346,10101.473114852493,True,7574.283618206148,276.1366051491874,0.03645712506532546,5.370401456872287e-09,1332,1332,1e-08
ntl,123,TLD3,fold4,3,TLD36,13726,8954,0.65233862742241,11817.698131378545,True,9770.219356672074,351.961108871182,0.036023869682191734,4.347119997305526e-09,2320,2320,1e-08
ntl,123,TLD3,fold4,4,TLD37,16775,12468,0.7432488822652757,11764.911208195681,True,10484.463679297063,344.9458872563157,0.03290067072648229,2.391687070613102e-09,5621,5621,1e-08
prox,123,TLD3,fold4,0,TLD33,4824,2222,0.46061359867330015,8234.751565935312,True,9845.099910632469,256.07561477785833,0.026010463794410344,2.408221000393951e-08,0,0,1e-08
prox,123,TLD3,fold4,1,TLD34,8462,4593,0.542779484755377,11670.781170103764,True,9798.151313016351,146.3504250539731,0.014936534492946026,1.6251454626470263e-09,1108,1108,1e-08
prox,123,TLD3,fold4,2,TLD35,9540,5685,0.5959119496855346,11116.950010814511,True,7703.8699676704655,276.1366051491874,0.035843881881184834,5.370401456872287e-09,1332,1332,1e-08
prox,123,TLD3,fold4,3,TLD36,13726,8954,0.65233862742241,12359.772388016125,True,10013.730067992812,351.961108871182,0.03514785264645448,4.347119997305526e-09,2320,2320,1e-08
prox,123,TLD3,fold4,4,TLD37,16775,12468,0.7432488822652757,12322.562608990973,True,10760.386756189178,344.9458872563157,0.03205701570697811,2.391687070613102e-09,5621,5621,1e-08
ntl,123,TLD4,fold3,0,TLD41,2321,1854,0.7987936234381732,1140.2890088553931,True,1063.1922627691497,1.9335515989377678,0.0018186283578679491,3.7659315239579887e-06,0,0,1e-08
ntl,123,TLD4,fold3,1,TLD42,590,127,0.21525423728813559,1455.2547563160874,True,1029.671484144177,0.001644130499792831,1.596752483787942e-06,0.0003054590488318354,0,0,1e-08
ntl,123,TLD4,fold3,2,TLD44,14609,13667,0.9355192004928469,1860.2803462316044,True,2283.6582052539743,90.26125145514438,0.03952485150688567,6.990660494921032e-07,0,0,1e-08
ntl,123,TLD4,fold3,3,TLD45,17165,15739,0.9169239732012817,3053.65268621117,True,3409.588405762654,201.07129218023263,0.05897230640519414,5.752409037995676e-07,0,0,1e-08
ntl,123,TLD4,fold3,4,TLD46,8355,7353,0.8800718132854578,2058.3794941612664,True,2143.244243135432,17.744655401007744,0.008279343550247183,2.0300469714129576e-06,0,0,1e-08
ntl,123,TLD4,fold3,5,TLD47,9276,8456,0.9115998275118585,1725.2160273326388,True,1932.8040068228204,25.366456506476652,0.013124174213698218,1.380274056828057e-06,0,0,1e-08
prox,123,TLD4,fold3,0,TLD41,2321,1854,0.7987936234381732,1118.8093100962749,True,1116.8187569339339,1.9335515989377678,0.001731302941442403,3.7659315239579887e-06,0,0,1e-08
prox,123,TLD4,fold3,1,TLD42,590,127,0.21525423728813559,1072.5470255660746,True,1035.2159801203113,0.001644130499792831,1.5882004638314727e-06,0.0003054590488318354,0,0,1e-08
prox,123,TLD4,fold3,2,TLD44,14609,13667,0.9355192004928469,1878.729409902008,True,2443.474104792741,90.26125145514438,0.0369397208990682,6.990660494921032e-07,0,0,1e-08
prox,123,TLD4,fold3,3,TLD45,17165,15739,0.9169239732012817,3203.568801450484,True,3604.367258512911,201.07129218023263,0.055785461846413115,5.752409037995676e-07,0,0,1e-08
prox,123,TLD4,fold3,4,TLD46,8355,7353,0.8800718132854578,2201.007141813357,True,2159.612449169672,17.744655401007744,0.008216592476039028,2.0300469714129576e-06,0,0,1e-08
prox,123,TLD4,fold3,5,TLD47,9276,8456,0.9115998275118585,1661.953868922326,True,2024.6392937881596,25.366456506476652,0.01252887691368237,1.380274056828057e-06,0,0,1e-08
ntl,456,London,fold2,0,TLI31,808,341,0.422029702970297,1798.7844555488298,True,1618.1020332860573,0.16392235177957598,0.00010130532463807667,7.133834060368827e-06,0,0,1e-08
ntl,456,London,fold2,1,TLI32,704,476,0.6761363636363636,914.5387634289472,True,757.4796312728888,0.2596072913323809,0.0003427251118239707,6.0679153648379724e-06,0,0,1e-08
ntl,456,London,fold2,2,TLI33,941,306,0.32518597236981933,2482.060315314101,True,1804.2452075234935,0.035428839765511845,1.9636377371422515e-05,1.572156179463491e-05,0,0,1e-08
ntl,456,London,fold2,3,TLI34,1120,387,0.3455357142857143,2501.478493883851,True,1653.4648530696652,0.06494196858863388,3.927629212563473e-05,1.9065328160650097e-05,0,0,1e-08
ntl,456,London,fold2,4,TLI41,1822,652,0.3578485181119649,4493.914049877706,True,3791.000780657486,0.2071312143444724,5.4637607937540165e-05,4.860441549681127e-06,0,0,1e-08
ntl,456,London,fold2,5,TLI42,649,270,0.41602465331278893,1578.7315422971844,True,1182.0516845808736,0.0204078420331713,1.7264762868983532e-05,1.3003579624637496e-05,0,0,1e-08
ntl,456,London,fold2,6,TLI43,1473,440,0.2987101154107264,3710.0719541681747,True,2322.9640713267663,0.06797235302254974,2.9261043621620533e-05,1.1676424037432298e-05,0,0,1e-08
ntl,456,London,fold2,7,TLI44,2103,543,0.2582025677603424,5468.5682485093575,True,3438.134018370161,0.07876423954354778,2.290900794521261e-05,1.0710306014516391e-05,0,0,1e-08
ntl,456,London,fold2,8,TLI45,880,162,0.18409090909090908,2618.9550902103088,True,1084.3108114179852,0.006864004845895443,6.330292729368973e-06,3.310804095235653e-05,0,0,1e-08
ntl,456,London,fold2,9,TLI51,3540,1322,0.3734463276836158,6750.473137032001,True,4548.750119786807,0.879347002722687,0.00019331618127308797,5.572750069404719e-06,0,0,1e-08
ntl,456,London,fold2,10,TLI52,4899,2603,0.5313329250867525,6890.482402203156,True,4745.3532075272915,2.836487878363868,0.0005977400952714129,3.824328814516775e-06,0,0,1e-08
ntl,456,London,fold2,11,TLI53,3135,1417,0.45199362041467306,5447.125229507429,True,4157.218359172902,0.8520435750731377,0.000204955213187949,5.834804142068605e-06,0,0,1e-08
ntl,456,London,fold2,12,TLI54,2714,1415,0.5213706705969049,4025.8782768522733,True,2797.4723987272664,0.815368555198491,0.0002914661662325783,9.312362635682803e-06,0,0,1e-08
ntl,456,London,fold2,13,TLI61,4899,2874,0.5866503368034293,5116.239348187946,True,3723.181081127799,2.6127280148305396,0.000701746156821121,4.6355326048797e-06,0,0,1e-08
ntl,456,London,fold2,14,TLI62,2827,1030,0.36434382737884685,4913.154243868149,True,3414.648418483564,0.4206471197605103,0.00012318899875124435,1.0017733984568622e-05,0,0,1e-08
ntl,456,London,fold2,15,TLI63,3882,1326,0.3415765069551777,7443.405649339929,True,4971.948040757665,0.9113460603598265,0.00018329758333937622,6.3732127273397055e-06,0,0,1e-08
ntl,456,London,fold2,16,TLI71,2867,1218,0.4248343215905127,4964.311137770995,True,4001.84038050323,0.4028324750189398,0.00010066180474901495,8.495852853229735e-06,0,0,1e-08
ntl,456,London,fold2,17,TLI72,1422,430,0.30239099859353025,3441.7068488615096,True,2542.31086003235,0.05713299324679699,2.247285890367868e-05,1.2235107533342672e-05,0,0,1e-08
ntl,456,London,fold2,18,TLI73,1831,647,0.3533588203167668,3947.4006880941033,True,2902.869438188185,0.2671757998223192,9.203851758109933e-05,6.843307801318588e-06,0,0,1e-08
ntl,456,London,fold2,19,TLI74,5475,2944,0.5377168949771689,7542.0683494709465,True,6881.743264617057,5.164918123648808,0.0007505246744970246,1.6645465166220674e-06,0,0,1e-08
ntl,456,London,fold2,20,TLI75,3719,1946,0.5232589405754235,5452.6489750434475,True,4109.982075950964,3.6836642015806276,0.0008962725709036832,2.659636720636627e-06,0,0,1e-08
prox,456,London,fold2,0,TLI31,808,341,0.422029702970297,1570.3133022218262,True,1669.925694085171,0.16392235177957598,9.816146452514879e-05,7.133834060368827e-06,0,0,1e-08
prox,456,London,fold2,1,TLI32,704,476,0.6761363636363636,770.9328927876081,True,761.9244447289634,0.2596072913323809,0.00034072576766418103,6.0679153648379724e-06,0,0,1e-08
prox,456,London,fold2,2,TLI33,941,306,0.32518597236981933,2052.639847768228,True,1821.7141002411558,0.035428839765511845,1.9448079015703852e-05,1.572156179463491e-05,0,0,1e-08
prox,456,London,fold2,3,TLI34,1120,387,0.3455357142857143,2268.4267492239983,True,1682.0284329829676,0.06494196858863388,3.860931677204977e-05,1.9065328160650097e-05,0,0,1e-08
prox,456,London,fold2,4,TLI41,1822,652,0.3578485181119649,3643.639644017715,True,3850.5560072772128,0.2071312143444724,5.3792546830383095e-05,4.860441549681127e-06,0,0,1e-08
prox,456,London,fold2,5,TLI42,649,270,0.41602465331278893,1255.2636928323795,True,1190.763933278847,0.0204078420331713,1.713844487796751e-05,1.3003579624637496e-05,0,0,1e-08
prox,456,London,fold2,6,TLI43,1473,440,0.2987101154107264,3315.960823436015,True,2337.469120275447,0.06797235302254974,2.9079465663503563e-05,1.1676424037432298e-05,0,0,1e-08
prox,456,London,fold2,7,TLI44,2103,543,0.2582025677603424,4867.029607789638,True,3478.985116737689,0.07876423954354778,2.2640004742936787e-05,1.0710306014516391e-05,0,0,1e-08
prox,456,London,fold2,8,TLI45,880,162,0.18409090909090908,2271.3490716429037,True,1089.1540489220542,0.006864004845895443,6.302143257594104e-06,3.310804095235653e-05,0,0,1e-08
prox,456,London,fold2,9,TLI51,3540,1322,0.3734463276836158,6137.726479388986,True,4659.261283531987,0.879347002722687,0.00018873099171980577,5.572750069404719e-06,0,0,1e-08
prox,456,London,fold2,10,TLI52,4899,2603,0.5313329250867525,6203.333189389436,True,4892.513991571855,2.836487878363868,0.0005797608107509097,3.824328814516775e-06,0,0,1e-08
prox,456,London,fold2,11,TLI53,3135,1417,0.45199362041467306,4990.21547761005,True,4188.038256304665,0.8520435750731377,0.00020344694172515565,5.834804142068605e-06,0,0,1e-08
prox,456,London,fold2,12,TLI54,2714,1415,0.5213706705969049,3777.249149998171,True,2879.2462004016984,0.815368555198491,0.0002831882022054018,9.312362635682803e-06,0,0,1e-08
prox,456,London,fold2,13,TLI61,4899,2874,0.5866503368034293,5483.398581809464,True,3790.777713551452,2.6127280148305396,0.0006892327148306363,4.6355326048797e-06,0,0,1e-08
prox,456,London,fold2,14,TLI62,2827,1030,0.36434382737884685,5108.274949379607,True,3482.2824994389334,0.4206471197605103,0.00012079637991124645,1.0017733984568622e-05,0,0,1e-08
prox,456,London,fold2,15,TLI63,3882,1326,0.3415765069551777,7290.0466426125795,True,5039.57970504269,0.9113460603598265,0.00018083771141627503,6.3732127273397055e-06,0,0,1e-08
prox,456,London,fold2,16,TLI71,2867,1218,0.4248343215905127,4950.783646217445,True,4044.1543614912093,0.4028324750189398,9.960858043766721e-05,8.495852853229735e-06,0,0,1e-08
prox,456,London,fold2,17,TLI72,1422,430,0.30239099859353025,3070.485349669198,True,2602.497636898843,0.05713299324679699,2.1953139336901424e-05,1.2235107533342672e-05,0,0,1e-08
prox,456,London,fold2,18,TLI73,1831,647,0.3533588203167668,3464.636050873115,True,2973.2170386002585,0.2671757998223192,8.986084646820844e-05,6.843307801318588e-06,0,0,1e-08
prox,456,London,fold2,19,TLI74,5475,2944,0.5377168949771689,6766.908052497376,True,7044.800584136953,5.164918123648808,0.00073315320454618,1.6645465166220674e-06,0,0,1e-08
prox,456,London,fold2,20,TLI75,3719,1946,0.5232589405754235,4948.871068791867,True,4187.419897325952,3.6836642015806276,0.0008796978310995231,2.659636720636627e-06,0,0,1e-08
ntl,456,TLH2,fold2,0,TLH21,785,187,0.23821656050955414,1787.5864485259553,True,1323.082725504677,0.011772254734437501,8.897595371405888e-06,2.1274399841786362e-05,0,0,1e-08
ntl,456,TLH2,fold2,1,TLH23,29749,25751,0.8656089280311944,8508.348553037978,True,10578.809488119809,102.90617734272014,0.00972757638355106,5.049385549682484e-07,0,0,1e-08
ntl,456,TLH2,fold2,2,TLH24,8762,8009,0.9140607167313399,1652.3692077386445,True,1606.413559418472,53.58658437429123,0.03335790093410926,6.972951496209133e-07,0,0,1e-08
ntl,456,TLH2,fold2,3,TLH25,13061,11734,0.8983998162468417,2558.539472001169,True,3527.4678515743353,62.59695153619173,0.017745576762167866,7.273774826899172e-07,0,0,1e-08
prox,456,TLH2,fold2,0,TLH21,785,187,0.23821656050955414,1248.9876173008913,True,1346.3420078803306,0.011772254734437501,8.743881321040883e-06,2.1274399841786362e-05,0,0,1e-08
prox,456,TLH2,fold2,1,TLH23,29749,25751,0.8656089280311944,7902.137197177676,True,11248.7720831812,102.90617734272014,0.009148214274567988,5.049385549682484e-07,0,0,1e-08
prox,456,TLH2,fold2,2,TLH24,8762,8009,0.9140607167313399,1195.4919724607369,True,1729.1137641281935,53.58658437429123,0.030990780066636733,6.972951496209133e-07,0,0,1e-08
prox,456,TLH2,fold2,3,TLH25,13061,11734,0.8983998162468417,2342.932626657571,True,3754.4196516876614,62.59695153619173,0.016672870201937487,7.273774826899172e-07,0,0,1e-08
ntl,456,TLH3,fold1,0,TLH31,580,191,0.3293103448275862,1017.676864655222,True,759.5718641811192,0.01139855111471865,1.500654730939412e-05,4.590149546856992e-05,0,0,1e-08
ntl,456,TLH3,fold1,1,TLH32,2282,1592,0.6976336546888694,2072.5170626322574,True,1291.5947708797414,4.451717286332429,0.003446682649001621,5.008856192034727e-07,0,0,1e-08
ntl,456,TLH3,fold1,2,TLH34,18167,16562,0.9116529971927121,2681.140200628375,True,3794.356986952799,151.17278928845735,0.03984147770182856,1.222051935201307e-07,0,0,1e-08
ntl,456,TLH3,fold1,3,TLH35,14298,13460,0.941390404252343,1731.9617775171996,True,2255.6219957193775,54.29321555619222,0.024070174727515315,1.2025431317397306e-07,0,0,1e-08
ntl,456,TLH3,fold1,4,TLH36,12013,11011,0.9165903604428536,1808.2824237327343,True,2447.7769103358473,86.13978676334709,0.0351910283978977,1.1984882064552949e-07,0,0,1e-08
ntl,456,TLH3,fold1,5,TLH37,4511,3456,0.7661272445134116,2379.2178925467015,True,2550.062505655825,35.052477185529696,0.013745732548824288,1.1677271061216743e-07,0,0,1e-08
prox,456,TLH3,fold1,0,TLH31,580,191,0.3293103448275862,714.2863813417531,True,765.1120697110622,0.01139855111471865,1.4897884330883986e-05,4.590149546856992e-05,0,0,1e-08
prox,456,TLH3,fold1,1,TLH32,2282,1592,0.6976336546888694,1324.8682041594936,True,1424.26368533796,4.451717286332429,0.003125627179967095,5.008856192034727e-07,0,0,1e-08
prox,456,TLH3,fold1,2,TLH34,18167,16562,0.9116529971927121,2756.9300190492568,True,4105.914697952342,151.17278928845735,0.03681829760463573,1.222051935201307e-07,0,0,1e-08
prox,456,TLH3,fold1,3,TLH35,14298,13460,0.941390404252343,1323.5895926672135,True,2506.0398385196213,54.29321555619222,0.021664945114465758,1.2025431317397306e-07,0,0,1e-08
prox,456,TLH3,fold1,4,TLH36,12013,11011,0.9165903604428536,1903.983006310374,True,2622.6904673739486,86.13978676334709,0.03284405378176299,1.1984882064552949e-07,0,0,1e-08
prox,456,TLH3,fold1,5,TLH37,4511,3456,0.7661272445134116,2162.815202062615,True,2622.007431943676,35.052477185529696,0.01336856515297729,1.1677271061216743e-07,0,0,1e-08
ntl,456,TLJ1,fold2,0,TLJ11,11150,9574,0.8586547085201793,3445.4360460304083,True,4921.481740337358,71.31095083593297,0.014489731873117697,5.397840823206934e-07,0,0,1e-08
ntl,456,TLJ1,fold2,1,TLJ12,2792,2204,0.7893982808022922,1642.4319859895083,True,1438.3538747258676,5.839802258264354,0.004060059461637942,1.9121885088679846e-06,0,0,1e-08
ntl,456,TLJ1,fold2,2,TLJ13,14020,12813,0.9139087018544936,2127.135449710591,True,3321.947445452668,27.857048292138447,0.008385758278708254,7.354753961408279e-07,0,0,1e-08
ntl,456,TLJ1,fold2,3,TLJ14,23305,21810,0.9358506758206393,2710.175495975738,True,3571.643418593931,408.49078522719185,0.11437053965146518,1.6475854636155418e-07,0,0,1e-08
prox,456,TLJ1,fold2,0,TLJ11,11150,9574,0.8586547085201793,3430.7390153653323,True,5270.105773094385,71.31095083593297,0.013531218139870876,5.397840823206934e-07,0,0,1e-08
prox,456,TLJ1,fold2,1,TLJ12,2792,2204,0.7893982808022922,1254.202362738967,True,1494.2996844412871,5.839802258264354,0.003908052928785723,1.9121885088679846e-06,0,0,1e-08
prox,456,TLJ1,fold2,2,TLJ13,14020,12813,0.9139087018544936,2482.272091782263,True,3519.0515071109003,27.857048292138447,0.007916067223184452,7.354753961408279e-07,0,0,1e-08
prox,456,TLJ1,fold2,3,TLJ14,23305,21810,0.9358506758206393,2969.345866579201,True,3892.4610640271057,408.49078522719185,0.10494409025753257,1.6475854636155418e-07,0,0,1e-08
ntl,456,TLF1,fold3,0,TLF11,822,272,0.3309002433090024,1562.6774012566477,True,1475.7293234840436,0.04602966706544009,3.119113128196764e-05,1.573113513586577e-05,0,0,1e-08
ntl,456,TLF1,fold3,1,TLF12,5378,4625,0.8599851245816289,1505.476977928896,True,1828.0445344903087,32.28856771918555,0.017662899951279457,6.962902716622921e-07,0,0,1e-08
ntl,456,TLF1,fold3,2,TLF13,21865,20592,0.9417790990166933,2457.663256417676,True,3969.4069977059507,657.2858952057245,0.16558793179575473,1.9713729670911562e-07,0,0,1e-08
ntl,456,TLF1,fold3,3,TLF14,793,262,0.33039092055485497,1610.9908994972138,True,1479.309234923977,0.024820081942232744,1.6778156558664535e-05,2.6651763619156554e-05,0,0,1e-08
ntl,456,TLF1,fold3,4,TLF15,15796,14370,0.9097239807546215,3010.1489700559637,True,4284.040550001718,298.30037630970094,0.06963061456306274,1.72873768633508e-07,0,0,1e-08
ntl,456,TLF1,fold3,5,TLF16,6435,5514,0.8568764568764569,1969.2422909138443,True,1901.2254629904344,17.125440313623155,0.00900757992515342,1.2537381053334684e-06,0,0,1e-08
prox,456,TLF1,fold3,0,TLF11,822,272,0.3309002433090024,1199.3212696080498,True,1555.6217308284772,0.04602966706544009,2.9589241493127044e-05,1.573113513586577e-05,0,0,1e-08
prox,456,TLF1,fold3,1,TLF12,5378,4625,0.8599851245816289,1647.7524668843303,True,1957.537785322451,32.28856771918555,0.016494479933559437,6.962902716622921e-07,0,0,1e-08
prox,456,TLF1,fold3,2,TLF13,21865,20592,0.9417790990166933,2531.982083700554,True,4211.989014565594,657.2858952057245,0.15605118933899076,1.9713729670911562e-07,0,0,1e-08
prox,456,TLF1,fold3,3,TLF14,793,262,0.33039092055485497,1321.8533031787144,True,1511.3240512650307,0.024820081942232744,1.642273999507748e-05,2.6651763619156554e-05,0,0,1e-08
prox,456,TLF1,fold3,4,TLF15,15796,14370,0.9097239807546215,3014.572636621953,True,4573.659056484175,298.30037630970094,0.06522138459070184,1.72873768633508e-07,0,0,1e-08
prox,456,TLF1,fold3,5,TLF16,6435,5514,0.8568764568764569,2079.6099624814838,True,1968.8672039095156,17.125440313623155,0.00869811853212737,1.2537381053334684e-06,0,0,1e-08
ntl,456,TLF2,fold4,0,TLF21,767,311,0.40547588005215124,1307.865754677804,True,911.6654733707119,9.809255091049007,0.010759708881790958,1.5006076351138653e-13,99,99,1e-08
ntl,456,TLF2,fold4,1,TLF22,25882,23792,0.9192488988486207,4203.76303299813,True,4691.4021267252965,293.75992328489906,0.06261665816525305,1.9915881444010353e-11,14474,14474,1e-08
ntl,456,TLF2,fold4,2,TLF24,14131,13055,0.9238553534781686,2263.5185813511234,True,2221.7869506054694,96.04013985236796,0.043226529810248285,4.127614049165285e-12,9054,9054,1e-08
ntl,456,TLF2,fold4,3,TLF25,10180,9274,0.9110019646365423,2051.545059804636,True,1798.6091036433381,109.7783644627203,0.061035143345126316,4.3754253692407374e-11,5066,5066,1e-08
prox,456,TLF2,fold4,0,TLF21,767,311,0.40547588005215124,1067.289376865179,True,934.181424573949,9.809255091049007,0.010500374801953167,1.5006076351138653e-13,99,99,1e-08
prox,456,TLF2,fold4,1,TLF22,25882,23792,0.9192488988486207,3838.100500619802,True,5052.605634750426,293.75992328489906,0.05814028335488909,1.9915881444010353e-11,14474,14474,1e-08
prox,456,TLF2,fold4,2,TLF24,14131,13055,0.9238553534781686,2033.2142350085896,True,2443.5085946327686,96.04013985236796,0.03930419564036839,4.127614049165285e-12,9054,9054,1e-08
prox,456,TLF2,fold4,3,TLF25,10180,9274,0.9110019646365423,1668.621558651646,True,1898.177619157024,109.7783644627203,0.05783355748945802,4.3754253692407374e-11,5066,5066,1e-08
ntl,456,TLC1,fold1,0,TLC11,5031,3661,0.7276883323394951,3699.21433688072,True,2935.0227880819407,26.46264607400143,0.009016163752273612,2.2302029378806765e-07,0,0,1e-08
ntl,456,TLC1,fold1,1,TLC12,5033,3862,0.7673355851380886,3363.987053679849,True,3482.55870131124,103.34760407722086,0.029675768003080267,2.2128514842734148e-07,0,0,1e-08
ntl,456,TLC1,fold1,2,TLC13,3324,2897,0.8715403128760529,950.1740901026101,True,896.172296335746,10.058492605236049,0.011223837923090283,1.366670403513126e-06,0,0,1e-08
ntl,456,TLC1,fold1,3,TLC14,37811,35899,0.9494327047684537,3636.0633786232315,True,20070.24777939752,13776.06939527722,0.6863925919947341,1.2629461032531708e-08,0,0,1e-08
prox,456,TLC1,fold1,0,TLC11,5031,3661,0.7276883323394951,2268.763187164491,True,3176.8273662391002,26.46264607400143,0.008329897417538725,2.2302029378806765e-07,0,0,1e-08
prox,456,TLC1,fold1,1,TLC12,5033,3862,0.7673355851380886,1847.267504909638,True,3783.212352334838,103.34760407722086,0.027317420872090117,2.2128514842734148e-07,0,0,1e-08
prox,456,TLC1,fold1,2,TLC13,3324,2897,0.8715403128760529,749.1105514339837,True,970.5146076152334,10.058492605236049,0.010364081618464213,1.366670403513126e-06,0,0,1e-08
prox,456,TLC1,fold1,3,TLC14,37811,35899,0.9494327047684537,2808.193601500507,True,20253.96095586179,13776.06939527722,0.6801666807445004,1.2629461032531708e-08,0,0,1e-08
ntl,456,TLC2,fold1,0,TLC21,45939,45193,0.9837610744683167,1217.6564361984358,True,4353.491137434552,484.3609813076184,0.11125806071883843,1.2831418150227591e-09,10506,10506,1e-08
ntl,456,TLC2,fold1,1,TLC22,3629,2185,0.6020942408376964,3903.4310723691992,True,3028.3538693885407,4.619907659367594,0.0015255507971069465,6.702684913761914e-07,0,0,1e-08
ntl,456,TLC2,fold1,2,TLC23,1239,705,0.5690072639225182,1474.2916739988514,True,1238.524177009856,0.11207646201349987,9.049194524735384e-05,2.3507795049226846e-05,0,0,1e-08
prox,456,TLC2,fold1,0,TLC21,45939,45193,0.9837610744683167,1181.8163089601526,True,4564.263291119643,484.3609813076184,0.10612029815414122,1.2831418150227591e-09,10506,10506,1e-08
prox,456,TLC2,fold1,1,TLC22,3629,2185,0.6020942408376964,3343.2568735271293,True,3123.9315831362455,4.619907659367594,0.0014788760689597035,6.702684913761914e-07,0,0,1e-08
prox,456,TLC2,fold1,2,TLC23,1239,705,0.5690072639225182,1101.6053245669118,True,1285.197851601383,0.11207646201349987,8.720560952840862e-05,2.3507795049226846e-05,0,0,1e-08
ntl,456,TLD6,fold1,0,TLD61,4140,3013,0.7277777777777777,2930.64288703565,True,2278.299675064419,11.023205645159905,0.004838347547430618,6.110980166340596e-07,0,0,1e-08
ntl,456,TLD6,fold1,1,TLD62,26500,24237,0.9146037735849056,4286.360260173904,True,6724.040095570162,931.8212687017889,0.1385805639849885,1.6217978782151476e-07,0,0,1e-08
ntl,456,TLD6,fold1,2,TLD63,20894,18726,0.8962381544941131,4824.636523870636,True,5289.642642159618,615.9217739711164,0.11643920310647908,1.4647595492078835e-07,0,0,1e-08
prox,456,TLD6,fold1,0,TLD61,4140,3013,0.7277777777777777,2385.1071005783897,True,2440.801261467721,11.023205645159905,0.004516224167522492,6.110980166340596e-07,0,0,1e-08
prox,456,TLD6,fold1,1,TLD62,26500,24237,0.9146037735849056,4636.571250687087,True,6967.446015997972,931.8212687017889,0.1337392879058168,1.6217978782151476e-07,0,0,1e-08
prox,456,TLD6,fold1,2,TLD63,20894,18726,0.8962381544941131,4456.602238445821,True,5617.972436882657,615.9217739711164,0.10963417512117302,1.4647595492078835e-07,0,0,1e-08
ntl,456,TLG1,fold4,0,TLG11,18409,18130,0.9848443696018252,435.200635497438,True,1439.396771983098,76.4321416067902,0.05310012019930228,1.3152094430896044e-12,849,849,1e-08
ntl,456,TLG1,fold4,1,TLG12,14774,13755,0.9310274807093543,1978.9070927117987,True,2863.871757226803,101.7623289827816,0.035533130534211484,1.6272330705113802e-11,787,787,1e-08
ntl,456,TLG1,fold4,2,TLG13,16863,15613,0.9258732135444464,2578.4973543179863,True,2822.629807492133,118.66515971009649,0.04204063862541324,5.118663739395179e-13,960,960,1e-08
prox,456,TLG1,fold4,0,TLG11,18409,18130,0.9848443696018252,347.8060831726509,True,1531.2789343492107,76.4321416067902,0.04991392481949975,1.3152094430896044e-12,849,849,1e-08
prox,456,TLG1,fold4,1,TLG12,14774,13755,0.9310274807093543,1316.5200765315165,True,3077.9118429548143,101.7623289827816,0.03306213243751944,1.6272330705113802e-11,787,787,1e-08
prox,456,TLG1,fold4,2,TLG13,16863,15613,0.9258732135444464,1876.3974122726427,True,3089.366569361313,118.66515971009649,0.038410838288649246,5.118663739395179e-13,960,960,1e-08
ntl,456,TLG2,fold3,0,TLG21,2344,1979,0.8442832764505119,863.0938821172887,True,880.9100994324474,4.453142975082397,0.00505516167648829,7.257936545101984e-07,0,0,1e-08
ntl,456,TLG2,fold3,1,TLG22,25775,25239,0.9792046556741029,879.3938836112908,True,3234.7094511901196,740.0632736441432,0.22878817551043354,3.867927134137972e-08,0,0,1e-08
ntl,456,TLG2,fold3,2,TLG23,772,381,0.49352331606217614,1070.7525887739848,True,1397.6865328718043,0.0831567082330629,5.949596442215275e-05,8.25592996989144e-06,0,0,1e-08
ntl,456,TLG2,fold3,3,TLG24,21357,19702,0.9225078428618252,3710.4997904432394,True,5048.04296882833,659.3036622195173,0.13060579442186168,1.4553761218394357e-07,0,0,1e-08
prox,456,TLG2,fold3,0,TLG21,2344,1979,0.8442832764505119,701.2924804966053,True,949.1791815748835,4.453142975082397,0.004691572530798365,7.257936545101984e-07,0,0,1e-08
prox,456,TLG2,fold3,1,TLG22,25775,25239,0.9792046556741029,927.7116188043709,True,3377.8950478779575,740.0632736441432,0.21909007330143715,3.867927134137972e-08,0,0,1e-08
prox,456,TLG2,fold3,2,TLG23,772,381,0.49352331606217614,666.7654019018751,True,1503.5565287526163,0.0831567082330629,5.5306672308524074e-05,8.25592996989144e-06,0,0,1e-08
prox,456,TLG2,fold3,3,TLG24,21357,19702,0.9225078428618252,2584.4020630024106,True,5245.835192857784,659.3036622195173,0.12568135253603863,1.4553761218394357e-07,0,0,1e-08
ntl,456,TLE4,fold4,0,TLE41,9092,7003,0.770237571491421,5459.990249112507,True,3889.0770698508213,48.64251755032403,0.012507470712631025,2.6762691535791303e-16,4903,4903,1e-08
ntl,456,TLE4,fold4,1,TLE42,13690,10014,0.7314828341855368,10541.812396413789,True,6739.2993637061845,175.49518408930032,0.0260405681092625,1.996477419149989e-12,1818,1818,1e-08
ntl,456,TLE4,fold4,2,TLE44,19016,16210,0.8524400504838031,6251.9992169274965,True,6216.81885759669,185.60788856271205,0.02985576591730786,2.1035459832341452e-11,8999,8999,1e-08
ntl,456,TLE4,fold4,3,TLE45,8324,6272,0.7534839019702066,5385.175840697708,True,3572.1500326746404,69.65946985145148,0.01950071223612466,4.419684236645072e-12,848,848,1e-08
prox,456,TLE4,fold4,0,TLE41,9092,7003,0.770237571491421,5646.225066155624,True,3982.0528540061123,48.64251755032403,0.012215437447392898,2.6762691535791303e-16,4903,4903,1e-08
prox,456,TLE4,fold4,1,TLE42,13690,10014,0.7314828341855368,10176.465067354531,True,6982.61838612724,175.49518408930032,0.02513314839573167,1.996477419149989e-12,1818,1818,1e-08
prox,456,TLE4,fold4,2,TLE44,19016,16210,0.8524400504838031,7288.152434006175,True,6397.4751016977425,185.60788856271205,0.02901267853523275,2.1035459832341452e-11,8999,8999,1e-08
prox,456,TLE4,fold4,3,TLE45,8324,6272,0.7534839019702066,4940.298568195744,True,3772.300190773673,69.65946985145148,0.01846604626583676,4.419684236645072e-12,848,848,1e-08
ntl,456,TLH1,fold2,0,TLH11,1383,1172,0.8474331164135936,536.2692432854845,True,479.60062282998757,0.2578535657435907,0.0005376422662299097,8.722983693587594e-06,0,0,1e-08
ntl,456,TLH1,fold2,1,TLH12,12142,11596,0.9550321199143469,1093.3893375086245,True,1396.6769513881152,13.768330032478282,0.009857920271967224,4.755592613037152e-07,0,0,1e-08
ntl,456,TLH1,fold2,2,TLH14,15043,14439,0.9598484344878017,1172.104138790746,True,1758.7486520468772,37.26621942045562,0.021189053579136637,1.187677298730705e-06,0,0,1e-08
ntl,456,TLH1,fold2,3,TLH15,3100,2808,0.9058064516129032,647.6518436115565,True,669.5590085360459,2.887967601672548,0.004313238362645484,4.063855158165097e-06,0,0,1e-08
ntl,456,TLH1,fold2,4,TLH16,9769,9571,0.9797318046882997,346.95908576138015,True,664.5350746618254,14.585356704380024,0.021948212006420203,3.050168061236036e-06,0,0,1e-08
ntl,456,TLH1,fold2,5,TLH17,8885,8675,0.9763646595385481,363.92083360892804,True,732.8486953343536,18.982005724617032,0.025901670898051767,1.5490214764213306e-06,0,0,1e-08
prox,456,TLH1,fold2,0,TLH11,1383,1172,0.8474331164135936,360.9578088054378,True,520.4751661371549,0.2578535657435907,0.0004954195368384617,8.722983693587594e-06,0,0,1e-08
prox,456,TLH1,fold2,1,TLH12,12142,11596,0.9550321199143469,994.0999327934752,True,1470.4707965989871,13.768330032478282,0.00936321215240907,4.755592613037152e-07,0,0,1e-08
prox,456,TLH1,fold2,2,TLH14,15043,14439,0.9598484344878017,1100.185054722652,True,1946.0558235924216,37.26621942045562,0.01914961480995038,1.187677298730705e-06,0,0,1e-08
prox,456,TLH1,fold2,3,TLH15,3100,2808,0.9058064516129032,575.6623357894343,True,729.0378180841986,2.887967601672548,0.003961341277550856,4.063855158165097e-06,0,0,1e-08
prox,456,TLH1,fold2,4,TLH16,9769,9571,0.9797318046882997,331.73041447178764,True,741.3339034429924,14.585356704380024,0.019674476827028886,3.050168061236036e-06,0,0,1e-08
prox,456,TLH1,fold2,5,TLH17,8885,8675,0.9763646595385481,389.5801822222198,True,814.0500599624227,18.982005724617032,0.023317983325857453,1.5490214764213306e-06,0,0,1e-08
ntl,456,TLE3,fold3,0,TLE31,39729,32711,0.8233532180523043,17134.178271160625,True,15429.116117374406,700.4303378332722,0.04539665995802133,7.061068885150235e-08,0,0,1e-08
ntl,456,TLE3,fold3,1,TLE32,12298,8805,0.7159700764351927,8772.019874585512,True,7551.166387143687,181.69096524041507,0.02406131131605772,2.1952043027795298e-07,0,0,1e-08
prox,456,TLE3,fold3,0,TLE31,39729,32711,0.8233532180523043,15165.756684386792,True,16206.410966201323,700.4303378332722,0.04321933704470587,7.061068885150235e-08,0,0,1e-08
prox,456,TLE3,fold3,1,TLE32,12298,8805,0.7159700764351927,9035.37121310272,True,8005.111054859898,181.69096524041507,0.022696870036563777,2.1952043027795298e-07,0,0,1e-08
ntl,456,TLD3,fold3,0,TLD33,4824,2222,0.46061359867330015,8124.944204276092,True,9866.016190688428,1.8476413996136793,0.00018727329895905584,4.002721652796026e-06,0,0,1e-08
ntl,456,TLD3,fold3,1,TLD34,8462,4593,0.542779484755377,11413.930672931798,True,8125.276947359979,30.770396152062293,0.0037869965973356813,3.2186068210648955e-07,0,0,1e-08
ntl,456,TLD3,fold3,2,TLD35,9540,5685,0.5959119496855346,10101.473114852493,True,9422.489006697591,11.9432789936785,0.0012675290982233154,1.4008294328959892e-06,0,0,1e-08
ntl,456,TLD3,fold3,3,TLD36,13726,8954,0.65233862742241,11817.698131378545,True,8904.263757345205,123.58138726582057,0.013878900112755218,1.8449401295583812e-07,0,0,1e-08
ntl,456,TLD3,fold3,4,TLD37,16775,12468,0.7432488822652757,11764.911208195681,True,8911.794957047423,148.96307626028386,0.01671527194894495,3.6089954846829636e-07,0,0,1e-08
prox,456,TLD3,fold3,0,TLD33,4824,2222,0.46061359867330015,8234.751565935312,True,10060.91538000269,1.8476413996136793,0.00018364545668340422,4.002721652796026e-06,0,0,1e-08
prox,456,TLD3,fold3,1,TLD34,8462,4593,0.542779484755377,11670.781170103764,True,8546.561017255026,30.770396152062293,0.0036003248663337914,3.2186068210648955e-07,0,0,1e-08
prox,456,TLD3,fold3,2,TLD35,9540,5685,0.5959119496855346,11116.950010814511,True,9616.45954063643,11.9432789936785,0.0012419621736263322,1.4008294328959892e-06,0,0,1e-08
prox,456,TLD3,fold3,3,TLD36,13726,8954,0.65233862742241,12359.772388016125,True,9151.362959817468,123.58138726582057,0.013504151000069775,1.8449401295583812e-07,0,0,1e-08
prox,456,TLD3,fold3,4,TLD37,16775,12468,0.7432488822652757,12322.562608990973,True,9165.62367596273,148.96307626028386,0.0162523666175545,3.6089954846829636e-07,0,0,1e-08
ntl,456,TLD4,fold4,0,TLD41,2321,1854,0.7987936234381732,1140.2890088553931,True,1115.5026786258522,30.24140925525205,0.027110118007520483,2.7112519044095174e-13,1017,1017,1e-08
ntl,456,TLD4,fold4,1,TLD42,590,127,0.21525423728813559,1455.2547563160874,True,1222.6690127718896,1.9381272613575171,0.0015851610215945734,5.766493366997685e-16,82,82,1e-08
ntl,456,TLD4,fold4,2,TLD44,14609,13667,0.9355192004928469,1860.2803462316044,True,2163.968607109387,88.23379736720749,0.04077406533409444,1.279881669397076e-11,7721,7721,1e-08
ntl,456,TLD4,fold4,3,TLD45,17165,15739,0.9169239732012817,3053.65268621117,True,3916.878081593584,126.00310731222659,0.03216926968044973,4.0020667335660676e-11,12908,12908,1e-08
ntl,456,TLD4,fold4,4,TLD46,8355,7353,0.8800718132854578,2058.3794941612664,True,3117.716882686609,46.50159025241836,0.014915270373218385,1.4695670083101776e-19,5339,5339,1e-08
ntl,456,TLD4,fold4,5,TLD47,9276,8456,0.9115998275118585,1725.2160273326388,True,2045.5507241014543,74.77828802404792,0.03655655523130362,5.961544734429947e-13,4586,4586,1e-08
prox,456,TLD4,fold4,0,TLD41,2321,1854,0.7987936234381732,1118.8093100962749,True,1161.8983253820873,30.24140925525205,0.026027586575019156,2.7112519044095174e-13,1017,1017,1e-08
prox,456,TLD4,fold4,1,TLD42,590,127,0.21525423728813559,1072.5470255660746,True,1230.645283375023,1.9381272613575171,0.00157488700240433,5.766493366997685e-16,82,82,1e-08
prox,456,TLD4,fold4,2,TLD44,14609,13667,0.9355192004928469,1878.729409902008,True,2279.811913021875,88.23379736720749,0.03870222664564209,1.279881669397076e-11,7721,7721,1e-08
prox,456,TLD4,fold4,3,TLD45,17165,15739,0.9169239732012817,3203.568801450484,True,4166.919627589166,126.00310731222659,0.030238909931921958,4.0020667335660676e-11,12908,12908,1e-08
prox,456,TLD4,fold4,4,TLD46,8355,7353,0.8800718132854578,2201.007141813357,True,3119.5570973597114,46.50159025241836,0.014906471912880116,1.4695670083101776e-19,5339,5339,1e-08
prox,456,TLD4,fold4,5,TLD47,9276,8456,0.9115998275118585,1661.953868922326,True,2115.1032097536854,74.77828802404792,0.035354439291289355,5.961544734429947e-13,4586,4586,1e-08
