country,statistic,value,eta,method,dc_mw,n
uk,units_total,1920,,,,
uk,units_budget_realised,1470,,,,
uk,units_realised_eta0.9,411,,,,
uk,violations_realised,0,,,,
uk,violations_not_realised,4,,,,
uk,alpha_obs,0.5,0.5,GNN,,
uk,alpha_obs,0.5,0.5,LU,,
uk,alpha_obs,0.5,0.5,Uni,,
uk,alpha_obs,0.5,0.5,all,,
uk,alpha_obs,0.77083333333333337,0.80000000000000004,GNN,,
uk,alpha_obs,0.75,0.80000000000000004,LU,,
uk,alpha_obs,0.78125,0.80000000000000004,Uni,,
uk,alpha_obs,0.76875000000000004,0.80000000000000004,all,,
uk,alpha_obs,0.86458333333333337,0.90000000000000002,GNN,,
uk,alpha_obs,0.875,0.90000000000000002,LU,,
uk,alpha_obs,0.8125,0.90000000000000002,Uni,,
uk,alpha_obs,0.85624999999999996,0.90000000000000002,all,,
uk,alpha_obs,0.9375,1,GNN,,
uk,alpha_obs,0.9375,1,LU,,
uk,alpha_obs,0.9375,1,Uni,,
uk,alpha_obs,0.9375,1,all,,
uk,zero_bound_S_share,0.048661800486618008,0.90000000000000002,all,,
uk,zero_regret_share,0.21897810218978103,0.90000000000000002,all,,
uk,zero_bound_S_share_all_eta,0.049659863945578232,,all,,
uk,zero_regret_share_all_eta,0.21496598639455783,,all,,
uk,zero_bound_S_share,0.06569343065693431,0.90000000000000002,all,100,
uk,zero_regret_share,0.32846715328467152,0.90000000000000002,all,100,
uk,zero_bound_S_share,0.043795620437956206,0.90000000000000002,all,300,
uk,zero_regret_share,0.19708029197080293,0.90000000000000002,all,300,
uk,zero_bound_S_share,0.036496350364963501,0.90000000000000002,all,500,
uk,zero_regret_share,0.13138686131386862,0.90000000000000002,all,500,
uk,zero_bound_S_share,0.052208835341365459,0.90000000000000002,GNN,,
uk,zero_regret_share,0.2289156626506024,0.90000000000000002,GNN,,
uk,bound_over_actual_L_E_median,8.9114435047910714,0.90000000000000002,GNN,,244
uk,bound_over_actual_L_S_median,22.465923731028269,0.90000000000000002,GNN,,192
uk,zero_bound_S_share,0.059523809523809521,0.90000000000000002,LU,,
uk,zero_regret_share,0.21428571428571427,0.90000000000000002,LU,,
uk,bound_over_actual_L_E_median,7.6944539820547604,0.90000000000000002,LU,,82
uk,bound_over_actual_L_S_median,27.714118571454108,0.90000000000000002,LU,,66
uk,zero_bound_S_share,0.02564102564102564,0.90000000000000002,Uni,,
uk,zero_regret_share,0.19230769230769232,0.90000000000000002,Uni,,
uk,bound_over_actual_L_E_median,9.7095303467170062,0.90000000000000002,Uni,,77
uk,bound_over_actual_L_S_median,37.344443694782555,0.90000000000000002,Uni,,63
uk,median_slack_E,47298968.905296244,0.5,all,,
uk,median_slack_S,67773135.914713174,0.5,all,,
uk,median_slack_S,61586678.940753058,0.5,GNN,,
uk,median_slack_E,43984190.259757482,0.5,GNN,,
uk,median_slack_S,71998296.059646994,0.5,LU,,
uk,median_slack_E,50623319.348900437,0.5,LU,,
uk,median_slack_S,76866268.837882131,0.5,Uni,,
uk,median_slack_E,52688623.775211148,0.5,Uni,,
uk,median_slack_E,61865037.920577355,0.80000000000000004,all,,
uk,median_slack_S,81969255.141034067,0.80000000000000004,all,,
uk,median_slack_S,68652442.357571408,0.80000000000000004,GNN,,
uk,median_slack_E,51950446.639741227,0.80000000000000004,GNN,,
uk,median_slack_S,90510676.225054771,0.80000000000000004,LU,,
uk,median_slack_E,67502943.556018814,0.80000000000000004,LU,,
uk,median_slack_S,118541658.56547125,0.80000000000000004,Uni,,
uk,median_slack_E,91157014.838911518,0.80000000000000004,Uni,,
uk,median_slack_E,66048058.363262437,0.90000000000000002,all,,
uk,median_slack_S,87425857.86676316,0.90000000000000002,all,,
uk,median_slack_S,69138515.112282515,0.90000000000000002,GNN,,
uk,median_slack_E,54002587.230126925,0.90000000000000002,GNN,,
uk,median_slack_S,91459164.771651447,0.90000000000000002,LU,,
uk,median_slack_E,69918557.87555252,0.90000000000000002,LU,,
uk,median_slack_S,144393531.80341351,0.90000000000000002,Uni,,
uk,median_slack_E,101780795.10295701,0.90000000000000002,Uni,,
uk,median_slack_E,78565722.963675171,1,all,,
uk,median_slack_S,93763401.79314509,1,all,,
uk,median_slack_S,76430684.873783112,1,GNN,,
uk,median_slack_E,63005797.29875093,1,GNN,,
uk,median_slack_S,117317456.68319133,1,LU,,
uk,median_slack_E,94541332.757117569,1,LU,,
uk,median_slack_S,153114363.86640579,1,Uni,,
uk,median_slack_E,110458759.36528936,1,Uni,,
au,units_total,1440,,,,
au,units_budget_realised,1080,,,,
au,units_realised_eta0.9,300,,,,
au,violations_realised,0,,,,
au,violations_not_realised,128,,,,
au,alpha_obs,0.5,0.5,GNN,,
au,alpha_obs,0.5,0.5,LU,,
au,alpha_obs,0.5,0.5,Uni,,
au,alpha_obs,0.5,0.5,all,,
au,alpha_obs,0.75,0.80000000000000004,GNN,,
au,alpha_obs,0.75,0.80000000000000004,LU,,
au,alpha_obs,0.75,0.80000000000000004,Uni,,
au,alpha_obs,0.75,0.80000000000000004,all,,
au,alpha_obs,0.83333333333333337,0.90000000000000002,GNN,,
au,alpha_obs,0.83333333333333337,0.90000000000000002,LU,,
au,alpha_obs,0.83333333333333337,0.90000000000000002,Uni,,
au,alpha_obs,0.83333333333333337,0.90000000000000002,all,,
au,alpha_obs,0.91666666666666663,1,GNN,,
au,alpha_obs,0.91666666666666663,1,LU,,
au,alpha_obs,0.91666666666666663,1,Uni,,
au,alpha_obs,0.91666666666666663,1,all,,
au,zero_bound_S_share,0.35999999999999999,0.90000000000000002,all,,
au,zero_regret_share,0.76333333333333331,0.90000000000000002,all,,
au,zero_bound_S_share_all_eta,0.38240740740740742,,all,,
au,zero_regret_share_all_eta,0.77037037037037037,,all,,
au,zero_bound_S_share,0.54000000000000004,0.90000000000000002,all,100,
au,zero_regret_share,0.83999999999999997,0.90000000000000002,all,100,
au,zero_bound_S_share,0.40999999999999998,0.90000000000000002,all,300,
au,zero_regret_share,0.70999999999999996,0.90000000000000002,all,300,
au,zero_bound_S_share,0.13,0.90000000000000002,all,500,
au,zero_regret_share,0.73999999999999999,0.90000000000000002,all,500,
au,zero_bound_S_share,0.34999999999999998,0.90000000000000002,GNN,,
au,zero_regret_share,0.78333333333333333,0.90000000000000002,GNN,,
au,bound_over_actual_L_E_median,16.46203827531626,0.90000000000000002,GNN,,96
au,bound_over_actual_L_S_median,60.018870769281975,0.90000000000000002,GNN,,39
au,zero_bound_S_share,0.38333333333333336,0.90000000000000002,LU,,
au,zero_regret_share,0.73333333333333328,0.90000000000000002,LU,,
au,bound_over_actual_L_E_median,11.714903539865178,0.90000000000000002,LU,,33
au,bound_over_actual_L_S_median,37.234240094032067,0.90000000000000002,LU,,16
au,zero_bound_S_share,0.36666666666666664,0.90000000000000002,Uni,,
au,zero_regret_share,0.73333333333333328,0.90000000000000002,Uni,,
au,bound_over_actual_L_E_median,12.477698449089358,0.90000000000000002,Uni,,33
au,bound_over_actual_L_S_median,40.814742955497977,0.90000000000000002,Uni,,16
au,median_slack_E,0,0.5,all,,
au,median_slack_S,0,0.5,all,,
au,median_slack_S,0,0.5,GNN,,
au,median_slack_E,0,0.5,GNN,,
au,median_slack_S,0,0.5,LU,,
au,median_slack_E,0.025144128493175051,0.5,LU,,
au,median_slack_S,0,0.5,Uni,,
au,median_slack_E,0.022350806570073298,0.5,Uni,,
au,median_slack_E,24.472361700238476,0.80000000000000004,all,,
au,median_slack_S,47.526505432169209,0.80000000000000004,all,,
au,median_slack_S,61.478473890988795,0.80000000000000004,GNN,,
au,median_slack_E,25.734487878978094,0.80000000000000004,GNN,,
au,median_slack_S,22.976197794180329,0.80000000000000004,LU,,
au,median_slack_E,7.0065166298564829,0.80000000000000004,LU,,
au,median_slack_S,39.953509217428575,0.80000000000000004,Uni,,
au,median_slack_E,27.007860846841158,0.80000000000000004,Uni,,
au,median_slack_E,35.084440921846507,0.90000000000000002,all,,
au,median_slack_S,73.286794984740496,0.90000000000000002,all,,
au,median_slack_S,95.605491615470982,0.90000000000000002,GNN,,
au,median_slack_E,47.534999562859944,0.90000000000000002,GNN,,
au,median_slack_S,42.299470295101557,0.90000000000000002,LU,,
au,median_slack_E,28.701695480635014,0.90000000000000002,LU,,
au,median_slack_S,51.014119050772806,0.90000000000000002,Uni,,
au,median_slack_E,27.838770799191337,0.90000000000000002,Uni,,
au,median_slack_E,101.40634344892935,1,all,,
au,median_slack_S,143.39888266418018,1,all,,
au,median_slack_S,153.08108131520078,1,GNN,,
au,median_slack_E,101.40634344892935,1,GNN,,
au,median_slack_S,134.97461347022949,1,LU,,
au,median_slack_E,98.642501291033199,1,LU,,
au,median_slack_S,126.15913087854136,1,Uni,,
au,median_slack_E,109.55811014679101,1,Uni,,
