country,radius_km,dc_mw,loss,n_regions,Uni,LU,GNN,Ref,endpoint_span_rel_to_Uni,pi_reported,Pi_LU_pct,Pi_GNN_pct
uk,10,100,L_E,13,8772855.415500138,7421990.3494351208,5256315.9688446773,2874077.3938105325,0.67238974567704279,True,22.900761159310154,59.614710601505351
uk,10,100,L_S,13,3726274.6943899943,3873634.2899963674,2986499.1237314236,1413597.4081968633,0.62064057963169705,True,-6.3718183460408317,31.9878426218431
uk,10,300,L_E,13,14080935.140350206,12120274.342745837,8799105.2457536776,4532729.1796983592,0.67809459140896045,True,20.534337085775604,55.317511125785799
uk,10,300,L_S,13,5785869.4683159031,6644462.4861250361,5473787.2735433029,1689254.5159275446,0.7080379145817064,True,-20.958596982822773,7.618050473370797
uk,10,500,L_E,13,15644573.516828457,13260714.097251635,9783425.905102754,5001893.4452088587,0.68027933520664829,True,22.399051775818787,55.07210187925677
uk,10,500,L_S,13,10469759.825159933,9617956.7461550962,7701310.0450550411,2505329.5427275961,0.76070802152433092,True,10.695091159046427,34.760173445317768
uk,20,100,L_E,13,8110415.5218327772,7078048.2470135139,4407833.6635282403,1834370.9443837996,0.77382528189267519,True,16.449329861817034,58.995467807998345
uk,20,100,L_S,13,1973928.8270270319,1928890.5520887412,1930786.1637038542,544119.20143309073,0.72434710209253184,True,3.1499490653926645,3.017371162629872
uk,20,300,L_E,13,13131208.802079137,11522083.064616183,7820042.5609780196,3567310.4268543394,0.72833343215976387,True,16.824998283455017,55.533486792996996
uk,20,300,L_S,13,6595461.0318903392,6299625.2568837749,5253634.9258780573,1792560.7104980212,0.72821297831483789,True,6.1595235214209936,27.937829565933995
uk,20,500,L_E,13,17613218.395031139,15788937.654486831,10915775.373657148,4630694.5449618343,0.73708981282670072,True,14.051818903722401,51.588143405091742
uk,20,500,L_S,13,12766217.615159877,12410786.06977562,9362393.8604292106,1876831.2460614741,0.85298454854531558,True,3.2640181304695912,31.258177819734108
au,10,100,L_E,10,4.1229971810189934,4.2773756089697628,7.8023352925700538,3.810471601997274,0.075800580330370029,False,-49.397053653659704,-1177.2918309817321
au,10,100,L_S,10,2.1563906249999967,2.1160468749999963,3.1511302083333281,1.7087499999999978,0.20758791093334475,False,9.0125309783937606,-222.21834386307853
au,10,300,L_E,10,6.7811883710725684,6.9620188491574879,11.916730658410419,6.6889662131465828,0.013599704488285588,False,-196.08137800250546,-5568.6641939776136
au,10,300,L_S,10,1.8153281250000013,1.8033750000000019,2.5830442708333292,1.1147578125000071,0.38591938440880696,False,1.7061991903916769,-109.58445314271495
au,10,500,L_E,10,10.176612078245402,10.36794311805874,17.017503266502832,9.730048386531756,0.043881371155756965,False,-42.845184990101551,-1531.8959680770645
au,10,500,L_S,10,4.8452968750000114,5.552171875000016,6.7323515624999928,2.7234609375000103,0.43791660082747685,False,-33.314309909976451,-88.934995121411475
au,20,100,L_E,10,0.25850885689871894,0.24790612097602677,0.35703145852254831,0.25723046516122777,0.0049452531446225441,False,829.38082371370274,-7706.7614514764446
au,20,100,L_S,10,0.038585937500000125,0.038585937500000125,0.022432291666666604,0.77171875000000223,-18.999999999999993,False,-0,-2.20337237099635
au,20,300,L_E,10,1.801409613530107,1.8039101519694243,2.3049078633149689,1.6434605942179403,0.087680790712915138,False,-1.5831300822294421,-318.77263434587081
au,20,300,L_S,10,0.53837500000000493,0.47107812500000523,0.054333333333332234,0.10588281250000475,0.8033288832133666,False,15.560252172185116,111.91917002354465
au,20,500,L_E,10,2.5622816011286451,2.507096612330213,3.1650361729215142,2.2151129409868622,0.13549200056264718,False,15.895728829870389,-173.62009910304269
au,20,500,L_S,10,0.53837500000001337,0.47107812500001389,0.054333333333344544,0.75360156250001187,-0.39977072208032161,False,-31.267922610621049,-224.89866540830536
