country,module,metric,matching,radius_km,dc_mw,in_family,unit,regions,excluded,n,lu_mean,gnn_mean,median_rel_pct,n_pct_defined,wins,losses,ties,p_raw,p_min,rel_effect_pct,rel_ci_lo,rel_ci_hi,zero_denominator_draws,bootstrap_indices_sha256,holm_p_4,holm_family
uk,reconstruction,rmse,,,,True,MVA,London|TLC1|TLC2|TLD3|TLD4|TLD6|TLE3|TLE4|TLF1|TLF2|TLG1|TLG2|TLH1|TLH2|TLH3|TLJ1,,16,10.462268014399758,9.6359928451837646,-9.9376386490447466,16,13,3,0,0.009674072265625,3.0517578125e-05,-7.8976677722148469,-12.785594957434386,-2.7126166995672407,0,daa9069c06042d49bb255dcc21fbaf918480538ab3f2419fef095ee2f9bae3a9,0.029022216796875,uk_four_module
uk,siting,WSD,,,,True,km,London|TLC1|TLC2|TLD3|TLD4|TLD6|TLE3|TLE4|TLF1|TLF2|TLG1|TLG2|TLH1|TLH2|TLH3|TLJ1,,16,2.229534633176308,2.2045489622359709,-0.90016759209665209,16,10,6,0,0.3111572265625,3.0517578125e-05,-1.1206675405952791,-2.9822896381909514,0.96738151462205091,0,daa9069c06042d49bb255dcc21fbaf918480538ab3f2419fef095ee2f9bae3a9,0.622314453125,uk_four_module
uk,sizing,RSD_median,many_to_one,,,True,percent,London|TLC1|TLC2|TLD3|TLD4|TLD6|TLE3|TLE4|TLF1|TLF2|TLG1|TLG2|TLH1|TLH2|TLH3|TLJ1,,16,38.963743074584954,39.484418482041619,3.7761482974694842,16,7,9,0,0.752532958984375,3.0517578125e-05,1.3363074652760658,-5.9377089881364524,10.455050784112728,0,daa9069c06042d49bb255dcc21fbaf918480538ab3f2419fef095ee2f9bae3a9,0.752532958984375,uk_four_module
uk,sizing,RSD_median,one_to_one,,,False,percent,London|TLC1|TLC2|TLD3|TLD4|TLD6|TLE3|TLE4|TLF1|TLF2|TLG1|TLG2|TLH1|TLH2|TLH3|TLJ1,,16,39.422621304157232,39.776812372103308,3.0415925715174836,16,7,9,0,0.75946044921875,3.0517578125e-05,0.8984462631578658,-4.3133004474585146,7.1044204252389411,0,daa9069c06042d49bb255dcc21fbaf918480538ab3f2419fef095ee2f9bae3a9,,
uk,reconstruction,mae,,,,False,MVA,London|TLC1|TLC2|TLD3|TLD4|TLD6|TLE3|TLE4|TLF1|TLF2|TLG1|TLG2|TLH1|TLH2|TLH3|TLJ1,,16,7.8166560822825764,6.8712946081853783,-13.288846958755913,16,14,2,0,0.000396728515625,3.0517578125e-05,-12.094193017394957,-16.316041274577273,-7.7503939618349564,0,daa9069c06042d49bb255dcc21fbaf918480538ab3f2419fef095ee2f9bae3a9,,
uk,connection,L_E,,10,100,False,GBP,London|TLH2|TLH3|TLJ1|TLF1|TLF2|TLC1|TLC2|TLD6|TLG1|TLG2|TLE4|TLH1|TLE3|TLD3|TLD4,,16,7326284.5464417823,5378148.74520595,-30.498354879486904,16,16,0,0,3.0517578125e-05,3.0517578125e-05,-26.591047465962795,-31.533846075941096,-21.315168886552783,0,daa9069c06042d49bb255dcc21fbaf918480538ab3f2419fef095ee2f9bae3a9,,
uk,connection,L_S,,10,100,False,GBP,London|TLH2|TLH3|TLJ1|TLF1|TLF2|TLC1|TLC2|TLD6|TLG1|TLG2|TLE4|TLH1|TLE3|TLD3|TLD4,,16,4668204.7506229579,3984907.184169976,-0.70598407929369922,10,5,7,4,0.287109375,0.00048828125,-14.637266421568116,-35.221460040055121,12.260656463544898,0,daa9069c06042d49bb255dcc21fbaf918480538ab3f2419fef095ee2f9bae3a9,,
uk,connection,L_E,,10,300,True,GBP,London|TLH2|TLH3|TLJ1|TLF1|TLF2|TLC1|TLC2|TLD6|TLG1|TLG2|TLE4|TLH1|TLE3|TLD3|TLD4,,16,11592140.985882353,8629419.9504551087,-22.346733901664809,16,16,0,0,3.0517578125e-05,3.0517578125e-05,-25.558014166972555,-30.805806654695456,-20.277615249778648,0,daa9069c06042d49bb255dcc21fbaf918480538ab3f2419fef095ee2f9bae3a9,0.0001220703125,uk_four_module
uk,connection,L_S,,10,300,False,GBP,London|TLH2|TLH3|TLJ1|TLF1|TLF2|TLC1|TLC2|TLD6|TLG1|TLG2|TLE4|TLH1|TLE3|TLD3|TLD4,,16,6077622.5333876517,4962680.1932763923,-19.679964824531012,14,9,6,1,0.23272705078125,6.103515625e-05,-18.345040910097349,-41.633437704992822,8.0093696071291181,0,daa9069c06042d49bb255dcc21fbaf918480538ab3f2419fef095ee2f9bae3a9,,
uk,connection,L_E,,10,500,False,GBP,London|TLH2|TLH3|TLJ1|TLF1|TLF2|TLC1|TLC2|TLD6|TLG1|TLG2|TLE4|TLH1|TLE3|TLD3|TLD4,,16,12546518.523558799,9453231.561129231,-19.261062725802226,16,16,0,0,3.0517578125e-05,3.0517578125e-05,-24.654544259598818,-30.406538515572844,-19.148279670903449,0,daa9069c06042d49bb255dcc21fbaf918480538ab3f2419fef095ee2f9bae3a9,,
uk,connection,L_S,,10,500,False,GBP,London|TLH2|TLH3|TLJ1|TLF1|TLF2|TLC1|TLC2|TLD6|TLG1|TLG2|TLE4|TLH1|TLE3|TLD3|TLD4,,16,8159865.4942274373,6622268.6136856219,-14.488954353252245,15,10,5,1,0.1151123046875,6.103515625e-05,-18.843409632543118,-31.349974018385346,0.81039614902704782,0,daa9069c06042d49bb255dcc21fbaf918480538ab3f2419fef095ee2f9bae3a9,,
uk,connection,L_E,,20,100,False,GBP,London|TLH2|TLH3|TLJ1|TLF1|TLF2|TLC1|TLC2|TLD6|TLG1|TLG2|TLE4|TLH1|TLE3|TLD3|TLD4,,16,7336151.6635490293,4810229.1020301469,-37.896753741778248,14,13,2,1,0.000244140625,6.103515625e-05,-34.431166057667205,-39.058964944919147,-28.494465075688705,0,daa9069c06042d49bb255dcc21fbaf918480538ab3f2419fef095ee2f9bae3a9,,
uk,connection,L_S,,20,100,False,GBP,London|TLH2|TLH3|TLJ1|TLF1|TLF2|TLC1|TLC2|TLD6|TLG1|TLG2|TLE4|TLH1|TLE3|TLD3|TLD4,,16,1887855.3258757126,1743087.451467277,28.267839217498803,9,3,6,7,0.84765625,0.00390625,-7.668377572380038,-52.923321391936661,62.872811361065374,0,daa9069c06042d49bb255dcc21fbaf918480538ab3f2419fef095ee2f9bae3a9,,
uk,connection,L_E,,20,300,False,GBP,London|TLH2|TLH3|TLJ1|TLF1|TLF2|TLC1|TLC2|TLD6|TLG1|TLG2|TLE4|TLH1|TLE3|TLD3|TLD4,,16,12045744.788268708,8557041.7309142835,-26.521087883322835,16,15,1,0,6.103515625e-05,3.0517578125e-05,-28.962119974117805,-35.593367658106246,-21.652812010091711,0,daa9069c06042d49bb255dcc21fbaf918480538ab3f2419fef095ee2f9bae3a9,,
uk,connection,L_S,,20,300,False,GBP,London|TLH2|TLH3|TLJ1|TLF1|TLF2|TLC1|TLC2|TLD6|TLG1|TLG2|TLE4|TLH1|TLE3|TLD3|TLD4,,16,6991211.4168894766,6067737.4653599272,-5.9404864821013721,11,6,6,4,0.44677734375,0.00048828125,-13.209069165017768,-35.876897129716276,26.411417769498581,0,daa9069c06042d49bb255dcc21fbaf918480538ab3f2419fef095ee2f9bae3a9,,
uk,connection,L_E,,20,500,False,GBP,London|TLH2|TLH3|TLJ1|TLF1|TLF2|TLC1|TLC2|TLD6|TLG1|TLG2|TLE4|TLH1|TLE3|TLD3|TLD4,,16,15833787.159966525,11371375.341695834,-23.509755053382584,16,14,2,0,0.000244140625,3.0517578125e-05,-28.182845791645239,-34.008010497544859,-21.517356209946161,0,daa9069c06042d49bb255dcc21fbaf918480538ab3f2419fef095ee2f9bae3a9,,
uk,connection,L_S,,20,500,False,GBP,London|TLH2|TLH3|TLJ1|TLF1|TLF2|TLC1|TLC2|TLD6|TLG1|TLG2|TLE4|TLH1|TLE3|TLD3|TLD4,,16,11420098.336167406,10115222.30252233,-27.999393011934345,14,8,6,2,0.590576171875,0.0001220703125,-11.426136581613653,-34.093122815159639,54.565186735271766,0,daa9069c06042d49bb255dcc21fbaf918480538ab3f2419fef095ee2f9bae3a9,,
uk,connection_refscreen,L_E,,10,300,False,GBP,London|TLH2|TLH3|TLJ1|TLF1|TLF2|TLC1|TLD6|TLE4|TLH1|TLE3|TLD3|TLD4,TLC2|TLG1|TLG2,13,12120274.342745839,8799105.2457536757,-27.231264187421271,13,13,0,0,0.000244140625,0.000244140625,-27.40176503496334,-32.662769553450012,-21.676606048828834,0,542d4a29b3b9d036b1b0be5784e2182662b86e147caf033a547152b7ba1468b6,,
uk,connection_refscreen,L_S,,10,300,False,GBP,London|TLH2|TLH3|TLJ1|TLF1|TLF2|TLC1|TLD6|TLE4|TLH1|TLE3|TLD3|TLD4,TLC2|TLG1|TLG2,13,6644462.4861250361,5473787.2735433038,-18.672815782731227,11,7,5,1,0.3203125,0.00048828125,-17.618809874031744,-43.254344347821046,13.480192037031319,0,542d4a29b3b9d036b1b0be5784e2182662b86e147caf033a547152b7ba1468b6,,
au,reconstruction,rmse,,,,True,MW,Central_Coast|Hunter_Valley_exc_Newcastle|Newcastle_and_Lake_Macquarie|Sydney_City_and_Inner_South|Sydney_Eastern_Suburbs|Sydney_Inner_South_West|Sydney_Inner_West|Sydney_North_Sydney_and_Hornsby|Sydney_Northern_Beaches|Sydney_Parramatta|Sydney_Ryde|Sydney_Sutherland,,12,18.885657568190599,29.00778615337941,58.960538927898284,12,2,10,0,0.01123046875,0.00048828125,53.596908387440351,17.223203908397181,106.35029736218515,0,10fa5dbf313fcb4bf55d0e56501a8217bc6892f95c2d86db320d4389723c9c32,0.0224609375,au_four_module
au,siting,WSD,,,,True,km,Central_Coast|Hunter_Valley_exc_Newcastle|Newcastle_and_Lake_Macquarie|Sydney_City_and_Inner_South|Sydney_Eastern_Suburbs|Sydney_Inner_South_West|Sydney_Inner_West|Sydney_North_Sydney_and_Hornsby|Sydney_Northern_Beaches|Sydney_Parramatta|Sydney_Ryde|Sydney_Sutherland,,12,2.1448521954624131,2.3758305905325323,12.027281477126547,12,0,12,0,0.00048828125,0.00048828125,10.768965598597898,7.9067205127304891,13.697876976442412,0,10fa5dbf313fcb4bf55d0e56501a8217bc6892f95c2d86db320d4389723c9c32,0.001953125,au_four_module
au,sizing,RSD_median,many_to_one,,,True,percent,Central_Coast|Hunter_Valley_exc_Newcastle|Newcastle_and_Lake_Macquarie|Sydney_City_and_Inner_South|Sydney_Eastern_Suburbs|Sydney_Inner_South_West|Sydney_Inner_West|Sydney_North_Sydney_and_Hornsby|Sydney_Northern_Beaches|Sydney_Parramatta|Sydney_Ryde|Sydney_Sutherland,,12,28.524162835743628,40.744644742762326,18.911086594099761,12,1,11,0,0.001953125,0.00048828125,42.842561155573016,15.138497006836566,88.898056028213645,0,10fa5dbf313fcb4bf55d0e56501a8217bc6892f95c2d86db320d4389723c9c32,0.005859375,au_four_module
au,sizing,RSD_median,one_to_one,,,False,percent,Central_Coast|Hunter_Valley_exc_Newcastle|Newcastle_and_Lake_Macquarie|Sydney_City_and_Inner_South|Sydney_Eastern_Suburbs|Sydney_Inner_South_West|Sydney_Inner_West|Sydney_North_Sydney_and_Hornsby|Sydney_Northern_Beaches|Sydney_Parramatta|Sydney_Ryde|Sydney_Sutherland,,12,27.701183636180431,34.341498427443234,18.666209273332594,12,3,9,0,0.138671875,0.00048828125,23.971231260276944,-2.2349031409056916,68.684647686543499,0,10fa5dbf313fcb4bf55d0e56501a8217bc6892f95c2d86db320d4389723c9c32,,
au,reconstruction,mae,,,,False,MW,Central_Coast|Hunter_Valley_exc_Newcastle|Newcastle_and_Lake_Macquarie|Sydney_City_and_Inner_South|Sydney_Eastern_Suburbs|Sydney_Inner_South_West|Sydney_Inner_West|Sydney_North_Sydney_and_Hornsby|Sydney_Northern_Beaches|Sydney_Parramatta|Sydney_Ryde|Sydney_Sutherland,,12,14.419315561211379,21.096816284938164,64.851459984704022,12,2,10,0,0.0068359375,0.00048828125,46.309415279665338,16.64634937354122,87.806769612127411,0,10fa5dbf313fcb4bf55d0e56501a8217bc6892f95c2d86db320d4389723c9c32,,
au,connection,L_E,,10,100,False,MVA_equivalent_PF1,Central_Coast|Hunter_Valley_exc_Newcastle|Newcastle_and_Lake_Macquarie|Sydney_City_and_Inner_South|Sydney_Eastern_Suburbs|Sydney_Inner_South_West|Sydney_Inner_West|Sydney_North_Sydney_and_Hornsby|Sydney_Northern_Beaches|Sydney_Parramatta|Sydney_Ryde|Sydney_Sutherland,,12,6.3077964356286165,10.071104596254061,37.369908305341106,8,1,7,4,0.0703125,0.0078125,59.661217653901772,9.8961489962512612,142.39820417257715,0,10fa5dbf313fcb4bf55d0e56501a8217bc6892f95c2d86db320d4389723c9c32,,
au,connection,L_S,,10,100,False,MVA_equivalent_PF1,Central_Coast|Hunter_Valley_exc_Newcastle|Newcastle_and_Lake_Macquarie|Sydney_City_and_Inner_South|Sydney_Eastern_Suburbs|Sydney_Inner_South_West|Sydney_Inner_West|Sydney_North_Sydney_and_Hornsby|Sydney_Northern_Beaches|Sydney_Parramatta|Sydney_Ryde|Sydney_Sutherland,,12,3.4624609374999959,4.4571397569444393,25.208258240895887,4,0,4,8,0.125,0.125,28.727510213086539,,,86,10fa5dbf313fcb4bf55d0e56501a8217bc6892f95c2d86db320d4389723c9c32,,
au,connection,L_E,,10,300,True,MVA_equivalent_PF1,Central_Coast|Hunter_Valley_exc_Newcastle|Newcastle_and_Lake_Macquarie|Sydney_City_and_Inner_South|Sydney_Eastern_Suburbs|Sydney_Inner_South_West|Sydney_Inner_West|Sydney_North_Sydney_and_Hornsby|Sydney_Northern_Beaches|Sydney_Parramatta|Sydney_Ryde|Sydney_Sutherland,,12,9.924955189139423,14.976133394260712,17.926037848320426,10,3,7,2,0.07421875,0.001953125,50.893712957501712,11.843684578157951,119.78010049421638,0,10fa5dbf313fcb4bf55d0e56501a8217bc6892f95c2d86db320d4389723c9c32,0.07421875,au_four_module
au,connection,L_S,,10,300,False,MVA_equivalent_PF1,Central_Coast|Hunter_Valley_exc_Newcastle|Newcastle_and_Lake_Macquarie|Sydney_City_and_Inner_South|Sydney_Eastern_Suburbs|Sydney_Inner_South_West|Sydney_Inner_West|Sydney_North_Sydney_and_Hornsby|Sydney_Northern_Beaches|Sydney_Parramatta|Sydney_Ryde|Sydney_Sutherland,,12,5.6265299479166657,10.165418836805548,0,6,2,3,7,0.4375,0.0625,80.669416690290561,,,2,10fa5dbf313fcb4bf55d0e56501a8217bc6892f95c2d86db320d4389723c9c32,,
au,connection,L_E,,10,500,False,MVA_equivalent_PF1,Central_Coast|Hunter_Valley_exc_Newcastle|Newcastle_and_Lake_Macquarie|Sydney_City_and_Inner_South|Sydney_Eastern_Suburbs|Sydney_Inner_South_West|Sydney_Inner_West|Sydney_North_Sydney_and_Hornsby|Sydney_Northern_Beaches|Sydney_Parramatta|Sydney_Ryde|Sydney_Sutherland,,12,13.06451025780129,19.638895826638628,20.507140060345634,11,2,9,1,0.013671875,0.0009765625,50.322480055549981,15.300902595095247,100.89581766968568,0,10fa5dbf313fcb4bf55d0e56501a8217bc6892f95c2d86db320d4389723c9c32,,
au,connection,L_S,,10,500,False,MVA_equivalent_PF1,Central_Coast|Hunter_Valley_exc_Newcastle|Newcastle_and_Lake_Macquarie|Sydney_City_and_Inner_South|Sydney_Eastern_Suburbs|Sydney_Inner_South_West|Sydney_Inner_West|Sydney_North_Sydney_and_Hornsby|Sydney_Northern_Beaches|Sydney_Parramatta|Sydney_Ryde|Sydney_Sutherland,,12,4.9906705729166836,5.8607573784722193,-6.1968816605201935,6,3,2,7,0.5625,0.0625,17.434266454638671,,,1,10fa5dbf313fcb4bf55d0e56501a8217bc6892f95c2d86db320d4389723c9c32,,
au,connection,L_E,,20,100,False,MVA_equivalent_PF1,Central_Coast|Hunter_Valley_exc_Newcastle|Newcastle_and_Lake_Macquarie|Sydney_City_and_Inner_South|Sydney_Eastern_Suburbs|Sydney_Inner_South_West|Sydney_Inner_West|Sydney_North_Sydney_and_Hornsby|Sydney_Northern_Beaches|Sydney_Parramatta|Sydney_Ryde|Sydney_Sutherland,,12,4.4371610972972233,5.5676107855719295,28.222172064067902,5,1,4,7,0.125,0.0625,25.476868283265365,,,11,10fa5dbf313fcb4bf55d0e56501a8217bc6892f95c2d86db320d4389723c9c32,,
au,connection,L_S,,20,100,False,MVA_equivalent_PF1,Central_Coast|Hunter_Valley_exc_Newcastle|Newcastle_and_Lake_Macquarie|Sydney_City_and_Inner_South|Sydney_Eastern_Suburbs|Sydney_Inner_South_West|Sydney_Inner_West|Sydney_North_Sydney_and_Hornsby|Sydney_Northern_Beaches|Sydney_Parramatta|Sydney_Ryde|Sydney_Sutherland,,12,0.032154947916666766,0.018693576388888838,-41.864075048930637,1,1,0,11,1,1,-41.864075048930637,,,3427,10fa5dbf313fcb4bf55d0e56501a8217bc6892f95c2d86db320d4389723c9c32,,
au,connection,L_E,,20,300,False,MVA_equivalent_PF1,Central_Coast|Hunter_Valley_exc_Newcastle|Newcastle_and_Lake_Macquarie|Sydney_City_and_Inner_South|Sydney_Eastern_Suburbs|Sydney_Inner_South_West|Sydney_Inner_West|Sydney_North_Sydney_and_Hornsby|Sydney_Northern_Beaches|Sydney_Parramatta|Sydney_Ryde|Sydney_Sutherland,,12,8.2271150668360882,9.4569577180213056,21.413750968659961,5,0,5,7,0.0625,0.0625,14.948650179244162,,,11,10fa5dbf313fcb4bf55d0e56501a8217bc6892f95c2d86db320d4389723c9c32,,
au,connection,L_S,,20,300,False,MVA_equivalent_PF1,Central_Coast|Hunter_Valley_exc_Newcastle|Newcastle_and_Lake_Macquarie|Sydney_City_and_Inner_South|Sydney_Eastern_Suburbs|Sydney_Inner_South_West|Sydney_Inner_West|Sydney_North_Sydney_and_Hornsby|Sydney_Northern_Beaches|Sydney_Parramatta|Sydney_Ryde|Sydney_Sutherland,,12,11.227662760416663,10.339932725694441,-40.662629575333078,3,2,2,8,0.5,0.125,-7.9066325170714142,,,339,10fa5dbf313fcb4bf55d0e56501a8217bc6892f95c2d86db320d4389723c9c32,,
au,connection,L_E,,20,500,False,MVA_equivalent_PF1,Central_Coast|Hunter_Valley_exc_Newcastle|Newcastle_and_Lake_Macquarie|Sydney_City_and_Inner_South|Sydney_Eastern_Suburbs|Sydney_Inner_South_West|Sydney_Inner_West|Sydney_North_Sydney_and_Hornsby|Sydney_Northern_Beaches|Sydney_Parramatta|Sydney_Ryde|Sydney_Sutherland,,12,10.534530747028136,11.589653742119642,6.3467275202374731,7,2,5,5,0.0625,0.015625,10.015851872558816,6.2135443497339873,29.047103599027661,0,10fa5dbf313fcb4bf55d0e56501a8217bc6892f95c2d86db320d4389723c9c32,,
au,connection,L_S,,20,500,False,MVA_equivalent_PF1,Central_Coast|Hunter_Valley_exc_Newcastle|Newcastle_and_Lake_Macquarie|Sydney_City_and_Inner_South|Sydney_Eastern_Suburbs|Sydney_Inner_South_West|Sydney_Inner_West|Sydney_North_Sydney_and_Hornsby|Sydney_Northern_Beaches|Sydney_Parramatta|Sydney_Ryde|Sydney_Sutherland,,12,3.3403385416666809,4.3274479166666771,18.400870827457108,4,2,2,8,0.75,0.125,29.551177603317811,,,85,10fa5dbf313fcb4bf55d0e56501a8217bc6892f95c2d86db320d4389723c9c32,,
au,connection_refscreen,L_E,,10,300,False,MVA_equivalent_PF1,Newcastle_and_Lake_Macquarie|Sydney_City_and_Inner_South|Sydney_Eastern_Suburbs|Sydney_Inner_South_West|Sydney_Inner_West|Sydney_North_Sydney_and_Hornsby|Sydney_Northern_Beaches|Sydney_Parramatta|Sydney_Ryde|Sydney_Sutherland,Central_Coast|Hunter_Valley_exc_Newcastle,10,6.9620188491574879,11.916730658410419,25.296362603910215,8,3,5,2,0.15625,0.0078125,71.167744825231608,2.5572620642866153,150.53949445394954,0,1319b91e13a004e45bc4a2d40bfe54934a721cdc0a3bb63894faee4d2b969d90,,
au,connection_refscreen,L_S,,10,300,False,MVA_equivalent_PF1,Newcastle_and_Lake_Macquarie|Sydney_City_and_Inner_South|Sydney_Eastern_Suburbs|Sydney_Inner_South_West|Sydney_Inner_West|Sydney_North_Sydney_and_Hornsby|Sydney_Northern_Beaches|Sydney_Parramatta|Sydney_Ryde|Sydney_Sutherland,Central_Coast|Hunter_Valley_exc_Newcastle,10,1.8033750000000019,2.5830442708333292,0,4,1,2,7,0.75,0.25,43.233895935860616,,,50,1319b91e13a004e45bc4a2d40bfe54934a721cdc0a3bb63894faee4d2b969d90,,
