country,radius_km,dc_mw,distribution,n_regions,rho_cell_mean,rho_agg_mean,rho_agg_vs_Aref_mean,L_E_mean,L_S_mean
uk,10,100,Ref,13,0.99999999999999989,0.96481441333164897,1,2874077.3938105321,1413597.4081968633
uk,10,100,PERM-R/3,13,0.83729203865361623,0.9626192062665283,0.99925816047795279,3069072.4043140109,1439819.6300162748
uk,10,100,PERM-R,13,0.6002841406627607,0.93512578905848498,0.98121411360066724,5313156.6623738557,1891004.704328842
uk,10,100,PERM-3R,13,0.25357830586640406,0.74233047084473947,0.79375174603227117,13263035.748393957,3097058.8231617291
uk,10,100,SMOOTH-0.5,13,0.92161871999768941,0.89153908707413576,0.91768090384374534,7091439.790058366,2563988.6871138941
uk,10,100,SMOOTH-1,13,0.78892840935728559,0.71011195794971749,0.73659636677146867,10481900.976628739,4859998.2093576649
uk,10,100,SMOOTH-2,13,0.66369349257783705,0.66100329663033386,0.68187266699839055,26070684.687095508,8751604.8574022856
uk,10,100,LU,13,0.36114992032809351,0.81821131139480952,0.85457116196196992,7421990.3494351208,3873634.2899963674
uk,10,100,GNN,13,0.32652921829652443,0.91401014148544024,0.92742304800626485,5103219.0607375968,2503575.3239911865
uk,10,300,Ref,13,0.99999999999999989,0.96481441333164897,1,4532729.1796983592,1689254.5159275448
uk,10,300,PERM-R/3,13,0.83729203865361623,0.9626192062665283,0.99925816047795279,4971133.8254714627,2112260.4058148535
uk,10,300,PERM-R,13,0.6002841406627607,0.93512578905848498,0.98121411360066724,9327825.5081944801,3905717.3788141008
uk,10,300,PERM-3R,13,0.25357830586640406,0.74233047084473947,0.79375174603227117,20179813.587029912,10050041.653424038
uk,10,300,SMOOTH-0.5,13,0.92161871999768941,0.89153908707413576,0.91768090384374534,11997177.798515707,12207741.388052039
uk,10,300,SMOOTH-1,13,0.78892840935728559,0.71011195794971749,0.73659636677146867,19838067.928217657,13307955.080080032
uk,10,300,SMOOTH-2,13,0.66369349257783705,0.66100329663033386,0.68187266699839055,38681202.094103657,20349506.800394643
uk,10,300,LU,13,0.36114992032809351,0.81821131139480952,0.85457116196196992,12120274.342745839,6644462.4861250371
uk,10,300,GNN,13,0.32652921829652443,0.91401014148544024,0.92742304800626485,8624486.4013405219,5264281.551770106
uk,10,500,Ref,13,0.99999999999999989,0.96481441333164897,1,5001893.4452088596,2505329.5427275961
uk,10,500,PERM-R/3,13,0.83729203865361623,0.9626192062665283,0.99925816047795279,5579009.4578332622,3179285.9156426457
uk,10,500,PERM-R,13,0.6002841406627607,0.93512578905848498,0.98121411360066724,10555573.775315203,6319212.6371267028
uk,10,500,PERM-3R,13,0.25357830586640406,0.74233047084473947,0.79375174603227117,22364783.19231268,11056377.137940101
uk,10,500,SMOOTH-0.5,13,0.92161871999768941,0.89153908707413576,0.91768090384374534,14029733.771432616,10478245.224952005
uk,10,500,SMOOTH-1,13,0.78892840935728559,0.71011195794971749,0.73659636677146867,24667932.365559403,12934598.204214087
uk,10,500,SMOOTH-2,13,0.66369349257783705,0.66100329663033386,0.68187266699839055,45427330.959858432,24821027.267028313
uk,10,500,LU,13,0.36114992032809351,0.81821131139480952,0.85457116196196992,13260714.097251633,9617956.7461550962
uk,10,500,GNN,13,0.32652921829652443,0.91401014148544024,0.92742304800626485,9558615.9734485932,6978750.3598254658
uk,20,100,Ref,13,0.99999999999999989,0.99323150982417752,1,1834370.9443837991,544119.20143309073
uk,20,100,PERM-R/3,13,0.71344066173065357,0.99006309424939032,0.99819696943385772,2199318.285139461,531037.43799861765
uk,20,100,PERM-R,13,0.38738724141486514,0.96179647477950969,0.97378113182989823,4726727.2249450041,949932.72478159063
uk,20,100,PERM-3R,13,0.15247165082448347,0.81734053595803102,0.83426118468068067,11705837.96037811,2267132.0531818224
uk,20,100,SMOOTH-0.5,13,0.9529147040291075,0.94371657505303064,0.94941192646836625,6687748.9767721603,1629295.2740270323
uk,20,100,SMOOTH-1,13,0.86415916249915814,0.85678941593436297,0.86151988311073979,12634722.811413506,2559815.7348925415
uk,20,100,SMOOTH-2,13,0.65401339207767606,0.56546156615327603,0.57227606745363224,28709969.908699885,4616660.3805431658
uk,20,100,LU,13,0.36114992032809351,0.93489115381564036,0.94418370862285006,7078048.2470135139,1928890.5520887412
uk,20,100,GNN,13,0.32652921829652443,0.97380169733157262,0.97799119107472066,4291047.8406938277,1861518.2172247155
uk,20,300,Ref,13,0.99999999999999989,0.99323150982417752,1,3567310.4268543399,1792560.7104980214
uk,20,300,PERM-R/3,13,0.71344066173065357,0.99006309424939032,0.99819696943385772,4563959.9472959004,2097014.1948348689
uk,20,300,PERM-R,13,0.38738724141486514,0.96179647477950969,0.97378113182989823,9238452.7620178554,4681778.7470769053
uk,20,300,PERM-3R,13,0.15247165082448347,0.81734053595803102,0.83426118468068067,19860059.401057653,5978062.8784632292
uk,20,300,SMOOTH-0.5,13,0.9529147040291075,0.94371657505303064,0.94941192646836625,12589961.202672504,3754810.0167191294
uk,20,300,SMOOTH-1,13,0.86415916249915814,0.85678941593436297,0.86151988311073979,21702051.370982893,8620225.659021778
uk,20,300,SMOOTH-2,13,0.65401339207767606,0.56546156615327603,0.57227606745363224,48354434.699210078,24589739.980234649
uk,20,300,LU,13,0.36114992032809351,0.93489115381564036,0.94418370862285006,11522083.064616181,6299625.2568837758
uk,20,300,GNN,13,0.32652921829652443,0.97380169733157262,0.97799119107472066,7599030.95489325,5198396.7654534634
uk,20,500,Ref,13,0.99999999999999989,0.99323150982417752,1,4630694.5449618343,1876831.2460614741
uk,20,500,PERM-R/3,13,0.71344066173065357,0.99006309424939032,0.99819696943385772,6189428.1448141644,3200604.4533766862
uk,20,500,PERM-R,13,0.38738724141486514,0.96179647477950969,0.97378113182989823,12124511.886367513,7588307.3135128822
uk,20,500,PERM-3R,13,0.15247165082448347,0.81734053595803102,0.83426118468068067,25819113.561668273,16658678.404190186
uk,20,500,SMOOTH-0.5,13,0.9529147040291075,0.94371657505303064,0.94941192646836625,16970940.773818206,9636845.6878209226
uk,20,500,SMOOTH-1,13,0.86415916249915814,0.85678941593436297,0.86151988311073979,28451557.60521378,15337487.095250206
uk,20,500,SMOOTH-2,13,0.65401339207767606,0.56546156615327603,0.57227606745363224,61802580.920081854,33490120.91010417
uk,20,500,LU,13,0.36114992032809351,0.93489115381564036,0.94418370862285006,15788937.654486833,12410786.06977562
uk,20,500,GNN,13,0.32652921829652443,0.97380169733157262,0.97799119107472066,10707310.212469131,8888947.3838222995
au,10,100,Ref,10,1,0.81790299429486435,1,3.810471601997274,1.7087499999999978
au,10,100,PERM-R/3,10,0.71637552475030541,0.81631555289020774,0.99849872739036305,4.0884622487029887,1.7490937499999972
au,10,100,PERM-R,10,0.46048268854702606,0.81081917802600789,0.995505055764769,5.1826924840456732,2.3139062499999956
au,10,100,PERM-3R,10,0.24800403812262212,0.72226745345548793,0.92381636728328953,10.476810370319521,8.8906406249999996
au,10,100,SMOOTH-0.5,10,0.93525552247596144,0.81353806739704504,0.99290487173011466,3.7622015462315774,1.2079843749999992
au,10,100,SMOOTH-1,10,0.80422347840973885,0.7877642018310842,0.96281227533549862,6.9223812269588318,1.7090312499999947
au,10,100,SMOOTH-2,10,0.60362990672267303,0.57656229391056479,0.75159761490815991,15.179279879405124,8.6910937499999967
au,10,100,LU,10,0.42128683917897358,0.81126053455038816,0.98444231217102374,4.2773756089697628,2.1160468749999963
au,10,100,GNN,10,0.19227291015898876,0.76547901142067243,0.9326806619391006,9.5105007040318164,3.3074062499999948
au,10,300,Ref,10,1,0.81790299429486435,1,6.6889662131465828,1.1147578125000071
au,10,300,PERM-R/3,10,0.71637552475030541,0.81631555289020774,0.99849872739036305,7.0190077515331222,0.87725781250000701
au,10,300,PERM-R,10,0.46048268854702606,0.81081917802600789,0.995505055764769,8.3550796773794218,1.8576562500000073
au,10,300,PERM-3R,10,0.24800403812262212,0.72226745345548793,0.92381636728328953,15.972639592949644,4.8983046874999987
au,10,300,SMOOTH-0.5,10,0.93525552247596144,0.81353806739704504,0.99290487173011466,7.4264201435934698,0.37046875000000284
au,10,300,SMOOTH-1,10,0.80422347840973885,0.7877642018310842,0.96281227533549862,12.925114618876595,1.954617187500012
au,10,300,SMOOTH-2,10,0.60362990672267303,0.57656229391056479,0.75159761490815991,29.16911879400779,12.792499999999997
au,10,300,LU,10,0.42128683917897358,0.81126053455038816,0.98444231217102374,6.9620188491574897,1.8033750000000019
au,10,300,GNN,10,0.19227291015898876,0.76547901142067243,0.9326806619391006,14.097064832141237,3.0898281249999959
au,10,500,Ref,10,1,0.81790299429486435,1,9.7300483865317542,2.7234609375000103
au,10,500,PERM-R/3,10,0.71637552475030541,0.81631555289020774,0.99849872739036305,10.145039796841171,2.328242187500015
au,10,500,PERM-R,10,0.46048268854702606,0.81081917802600789,0.995505055764769,11.685994105444403,2.8193125000000121
au,10,500,PERM-3R,10,0.24800403812262212,0.72226745345548793,0.92381636728328953,22.561869944544362,6.424054687500008
au,10,500,SMOOTH-0.5,10,0.93525552247596144,0.81353806739704504,0.99290487173011466,10.677045515415902,2.5682812500000152
au,10,500,SMOOTH-1,10,0.80422347840973885,0.7877642018310842,0.96281227533549862,17.926867852223076,3.534273437500012
au,10,500,SMOOTH-2,10,0.60362990672267303,0.57656229391056479,0.75159761490815991,36.30655742871155,15.799687500000019
au,10,500,LU,10,0.42128683917897358,0.81126053455038816,0.98444231217102374,10.36794311805874,5.552171875000016
au,10,500,GNN,10,0.19227291015898876,0.76547901142067243,0.9326806619391006,19.758223574838564,8.6335937499999922
au,20,100,Ref,10,1,0.8596046956249761,1,0.25723046516122777,0.77171875000000223
au,20,100,PERM-R/3,10,0.5341274602287589,0.85998955870423288,0.99974949058439011,0.25266496309060493,0.77171875000000223
au,20,100,PERM-R,10,0.2642955434682599,0.86103908514022742,0.99426279260228989,0.35010025987837851,0.77171875000000223
au,20,100,PERM-3R,10,0.087703209144764899,0.69436977926212695,0.88280519047006933,4.3449719296425595,2.7937187500000014
au,20,100,SMOOTH-0.5,10,0.9552749917291683,0.86108440330154745,0.99708512483533607,0.36603975176057174,0.77171875000000223
au,20,100,SMOOTH-1,10,0.8819290664110051,0.84516873184148711,0.97992623892462816,1.8242537652584947,2.7937187500000014
au,20,100,SMOOTH-2,10,0.79197736927923434,0.80495075494216461,0.95487458405963732,3.337831901284948,3.0152187500000025
au,20,100,LU,10,0.42128683917897358,0.86440535510869754,0.99429914626890759,0.24790612097602677,0.038585937500000125
au,20,100,GNN,10,0.19227291015898876,0.83510255527078359,0.97009560092443059,0.33685342407576491,0.067296874999999812
au,20,300,Ref,10,1,0.8596046956249761,1,1.6434605942179403,0.10588281250000475
au,20,300,PERM-R/3,10,0.5341274602287589,0.85998955870423288,0.99974949058439011,1.7243364634840574,0.14446875000000431
au,20,300,PERM-R,10,0.2642955434682599,0.86103908514022742,0.99426279260228989,2.9443313193583784,0.57878906250001305
au,20,300,PERM-3R,10,0.087703209144764899,0.69436977926212695,0.88280519047006933,12.81391147258428,8.6273750000000113
au,20,300,SMOOTH-0.5,10,0.9552749917291683,0.86108440330154745,0.99708512483533607,2.9915635650060999,0.13459375000000476
au,20,300,SMOOTH-1,10,0.8819290664110051,0.84516873184148711,0.97992623892462816,6.4823080447636965,0.38585937500000966
au,20,300,SMOOTH-2,10,0.79197736927923434,0.80495075494216461,0.95487458405963732,7.1061788046868042,9.3780078125000017
au,20,300,LU,10,0.42128683917897358,0.86440535510869754,0.99429914626890759,1.8039101519694243,0.47107812500000523
au,20,300,GNN,10,0.19227291015898876,0.83510255527078359,0.97009560092443059,2.2347065903267982,0
au,20,500,Ref,10,1,0.8596046956249761,1,2.2151129409868622,0.75360156250001187
au,20,500,PERM-R/3,10,0.5341274602287589,0.85998955870423288,0.99974949058439011,2.4041088371920307,0.25242187500001589
au,20,500,PERM-R,10,0.2642955434682599,0.86103908514022742,0.99426279260228989,5.3171216874852174,0.5787890625000216
au,20,500,PERM-3R,10,0.087703209144764899,0.69436977926212695,0.88280519047006933,16.829042946774592,0.6173750000000211
au,20,500,SMOOTH-0.5,10,0.9552749917291683,0.86108440330154745,0.99708512483533607,4.4082582090450657,0.13459375000001045
au,20,500,SMOOTH-1,10,0.8819290664110051,0.84516873184148711,0.97992623892462816,7.1129021269170831,1.8659218750000215
au,20,500,SMOOTH-2,10,0.79197736927923434,0.80495075494216461,0.95487458405963732,10.26608780892219,14.084039062500008
au,20,500,LU,10,0.42128683917897358,0.86440535510869754,0.99429914626890759,2.507096612330213,0.47107812500001389
au,20,500,GNN,10,0.19227291015898876,0.83510255527078359,0.97009560092443059,2.894054082582818,1.1368683772161605e-14
