country,radius_km,dc_mw,aggregate_target,loss,n_total,n_eligible,n_corr,regions_corr,regions_undefined,median_assoc_cell,median_assoc_agg,median_abs_assoc_cell,median_abs_assoc_agg,n_agg_more_negative,n_agg_stronger_abs,p_signflip_d,p_min
uk,10,100,G,L_E,16,13,13,London|TLC1|TLD3|TLD4|TLD6|TLE3|TLE4|TLF1|TLF2|TLH1|TLH2|TLH3|TLJ1,,-0.5,-0.91666666666666663,0.5,0.91666666666666663,13,13,0.000244140625,0.000244140625
uk,10,100,G,L_S,16,13,12,London|TLC1|TLD4|TLD6|TLE3|TLE4|TLF1|TLF2|TLH1|TLH2|TLH3|TLJ1,TLD3,-0.0091287092917527683,-0.62973766526613262,0.12679865302147908,0.62973766526613262,11,11,0.00244140625,0.00048828125
uk,10,100,A_ref,L_E,16,13,13,London|TLC1|TLD3|TLD4|TLD6|TLE3|TLE4|TLF1|TLF2|TLH1|TLH2|TLH3|TLJ1,,-0.5,-0.91666666666666663,0.5,0.91666666666666663,13,13,0.000244140625,0.000244140625
uk,10,100,A_ref,L_S,16,13,12,London|TLC1|TLD4|TLD6|TLE3|TLE4|TLF1|TLF2|TLH1|TLH2|TLH3|TLJ1,TLD3,-0.0091287092917527683,-0.63814132333429285,0.12679865302147908,0.63814132333429285,10,10,0.001953125,0.00048828125
uk,10,300,G,L_E,16,13,13,London|TLC1|TLD3|TLD4|TLD6|TLE3|TLE4|TLF1|TLF2|TLH1|TLH2|TLH3|TLJ1,,-0.46666666666666662,-0.98333333333333328,0.46666666666666662,0.98333333333333328,13,13,0.000244140625,0.000244140625
uk,10,300,G,L_S,16,13,13,London|TLC1|TLD3|TLD4|TLD6|TLE3|TLE4|TLF1|TLF2|TLH1|TLH2|TLH3|TLJ1,,-0.19999999999999998,-0.38333333333333336,0.28333333333333333,0.38333333333333336,10,9,0.01220703125,0.000244140625
uk,10,300,A_ref,L_E,16,13,13,London|TLC1|TLD3|TLD4|TLD6|TLE3|TLE4|TLF1|TLF2|TLH1|TLH2|TLH3|TLJ1,,-0.46666666666666662,-0.96666666666666667,0.46666666666666662,0.96666666666666667,13,13,0.000244140625,0.000244140625
uk,10,300,A_ref,L_S,16,13,13,London|TLC1|TLD3|TLD4|TLD6|TLE3|TLE4|TLF1|TLF2|TLH1|TLH2|TLH3|TLJ1,,-0.19999999999999998,-0.48333333333333334,0.28333333333333333,0.48333333333333334,10,9,0.011962890625,0.000244140625
uk,10,500,G,L_E,16,13,13,London|TLC1|TLD3|TLD4|TLD6|TLE3|TLE4|TLF1|TLF2|TLH1|TLH2|TLH3|TLJ1,,-0.45000000000000001,-0.95000000000000007,0.45000000000000001,0.95000000000000007,13,13,0.000244140625,0.000244140625
uk,10,500,G,L_S,16,13,13,London|TLC1|TLD3|TLD4|TLD6|TLE3|TLE4|TLF1|TLF2|TLH1|TLH2|TLH3|TLJ1,,-0.2542738138578039,-0.4602550748156477,0.2542738138578039,0.4602550748156477,9,10,0.02734375,0.000244140625
uk,10,500,A_ref,L_E,16,13,13,London|TLC1|TLD3|TLD4|TLD6|TLE3|TLE4|TLF1|TLF2|TLH1|TLH2|TLH3|TLJ1,,-0.45000000000000001,-0.95000000000000007,0.45000000000000001,0.95000000000000007,13,13,0.000244140625,0.000244140625
uk,10,500,A_ref,L_S,16,13,13,London|TLC1|TLD3|TLD4|TLD6|TLE3|TLE4|TLF1|TLF2|TLH1|TLH2|TLH3|TLJ1,,-0.2542738138578039,-0.47699162299076214,0.2542738138578039,0.47699162299076214,10,10,0.0234375,0.00048828125
uk,20,100,G,L_E,16,13,13,London|TLC1|TLD3|TLD4|TLD6|TLE3|TLE4|TLF1|TLF2|TLH1|TLH2|TLH3|TLJ1,,-0.34999999999999998,-0.93333333333333324,0.34999999999999998,0.93333333333333324,12,12,0.001220703125,0.000244140625
uk,20,100,G,L_S,16,13,8,TLC1|TLD4|TLD6|TLF1|TLF2|TLH1|TLH2|TLH3,London|TLD3|TLE3|TLE4|TLJ1,-0.078934466291663175,-0.243673220792786,0.13236889986146988,0.44166666666666665,5,6,0.328125,0.0078125
uk,20,100,A_ref,L_E,16,13,13,London|TLC1|TLD3|TLD4|TLD6|TLE3|TLE4|TLF1|TLF2|TLH1|TLH2|TLH3|TLJ1,,-0.34999999999999998,-0.93333333333333324,0.34999999999999998,0.93333333333333324,11,11,0.001708984375,0.000244140625
uk,20,100,A_ref,L_S,16,13,8,TLC1|TLD4|TLD6|TLF1|TLF2|TLH1|TLH2|TLH3,London|TLD3|TLE3|TLE4|TLJ1,-0.078934466291663175,-0.243673220792786,0.13236889986146988,0.46041019662496846,5,6,0.3125,0.0078125
uk,20,300,G,L_E,16,13,13,London|TLC1|TLD3|TLD4|TLD6|TLE3|TLE4|TLF1|TLF2|TLH1|TLH2|TLH3|TLJ1,,-0.38333333333333336,-0.95000000000000007,0.38333333333333336,0.95000000000000007,13,13,0.000244140625,0.000244140625
uk,20,300,G,L_S,16,13,10,TLC1|TLD4|TLD6|TLE4|TLF1|TLF2|TLH1|TLH2|TLH3|TLJ1,London|TLD3|TLE3,-0.10059399282180624,-0.31179711361135387,0.30059399282180621,0.34166666666666667,6,5,0.212890625,0.001953125
uk,20,300,A_ref,L_E,16,13,13,London|TLC1|TLD3|TLD4|TLD6|TLE3|TLE4|TLF1|TLF2|TLH1|TLH2|TLH3|TLJ1,,-0.38333333333333336,-0.96666666666666667,0.38333333333333336,0.96666666666666667,13,13,0.000244140625,0.000244140625
uk,20,300,A_ref,L_S,16,13,10,TLC1|TLD4|TLD6|TLE4|TLF1|TLF2|TLH1|TLH2|TLH3|TLJ1,London|TLD3|TLE3,-0.10059399282180624,-0.32013044694468723,0.30059399282180621,0.32500000000000001,6,5,0.1953125,0.001953125
uk,20,500,G,L_E,16,13,13,London|TLC1|TLD3|TLD4|TLD6|TLE3|TLE4|TLF1|TLF2|TLH1|TLH2|TLH3|TLJ1,,-0.34999999999999998,-0.95000000000000007,0.34999999999999998,0.95000000000000007,13,13,0.000244140625,0.000244140625
uk,20,500,G,L_S,16,13,11,TLC1|TLD4|TLD6|TLE3|TLE4|TLF1|TLF2|TLH1|TLH2|TLH3|TLJ1,London|TLD3,-0.19999999999999998,-0.51666666666666672,0.25,0.51666666666666672,8,6,0.0576171875,0.0009765625
uk,20,500,A_ref,L_E,16,13,13,London|TLC1|TLD3|TLD4|TLD6|TLE3|TLE4|TLF1|TLF2|TLH1|TLH2|TLH3|TLJ1,,-0.34999999999999998,-0.96666666666666667,0.34999999999999998,0.96666666666666667,13,13,0.000244140625,0.000244140625
uk,20,500,A_ref,L_S,16,13,11,TLC1|TLD4|TLD6|TLE3|TLE4|TLF1|TLF2|TLH1|TLH2|TLH3|TLJ1,London|TLD3,-0.19999999999999998,-0.5,0.25,0.5,7,5,0.064453125,0.001953125
au,10,100,G,L_E,12,10,6,Newcastle_and_Lake_Macquarie|Sydney_Eastern_Suburbs|Sydney_North_Sydney_and_Hornsby|Sydney_Northern_Beaches|Sydney_Parramatta|Sydney_Sutherland,Sydney_City_and_Inner_South|Sydney_Inner_South_West|Sydney_Inner_West|Sydney_Ryde,-0.71666666666666667,-0.85833333333333328,0.71666666666666667,0.85833333333333328,5,5,0.53125,0.03125
au,10,100,G,L_S,12,10,3,Newcastle_and_Lake_Macquarie|Sydney_North_Sydney_and_Hornsby|Sydney_Northern_Beaches,Sydney_City_and_Inner_South|Sydney_Eastern_Suburbs|Sydney_Inner_South_West|Sydney_Inner_West|Sydney_Parramatta|Sydney_Ryde|Sydney_Sutherland,-0.76594168620507053,-0.76681158050723253,0.76594168620507053,0.76681158050723253,1,2,0.75,0.25
au,10,100,A_ref,L_E,12,10,6,Newcastle_and_Lake_Macquarie|Sydney_Eastern_Suburbs|Sydney_North_Sydney_and_Hornsby|Sydney_Northern_Beaches|Sydney_Parramatta|Sydney_Sutherland,Sydney_City_and_Inner_South|Sydney_Inner_South_West|Sydney_Inner_West|Sydney_Ryde,-0.71666666666666667,-0.77500000000000002,0.71666666666666667,0.77500000000000002,3,3,0.875,0.0625
au,10,100,A_ref,L_S,12,10,3,Newcastle_and_Lake_Macquarie|Sydney_North_Sydney_and_Hornsby|Sydney_Northern_Beaches,Sydney_City_and_Inner_South|Sydney_Eastern_Suburbs|Sydney_Inner_South_West|Sydney_Inner_West|Sydney_Parramatta|Sydney_Ryde|Sydney_Sutherland,-0.76594168620507053,-0.76681158050723253,0.76594168620507053,0.76681158050723253,1,2,0.75,0.25
au,10,300,G,L_E,12,10,8,Newcastle_and_Lake_Macquarie|Sydney_Eastern_Suburbs|Sydney_Inner_South_West|Sydney_Inner_West|Sydney_North_Sydney_and_Hornsby|Sydney_Northern_Beaches|Sydney_Parramatta|Sydney_Sutherland,Sydney_City_and_Inner_South|Sydney_Ryde,-0.4916666666666667,-0.82499999999999996,0.4916666666666667,0.82499999999999996,7,7,0.1875,0.0078125
au,10,300,G,L_S,12,10,6,Newcastle_and_Lake_Macquarie|Sydney_Eastern_Suburbs|Sydney_Inner_South_West|Sydney_North_Sydney_and_Hornsby|Sydney_Northern_Beaches|Sydney_Sutherland,Sydney_City_and_Inner_South|Sydney_Inner_West|Sydney_Parramatta|Sydney_Ryde,-0.38904038142109687,0.26796351091274506,0.51088432679818818,0.47335946997718237,1,2,0.125,0.0625
au,10,300,A_ref,L_E,12,10,8,Newcastle_and_Lake_Macquarie|Sydney_Eastern_Suburbs|Sydney_Inner_South_West|Sydney_Inner_West|Sydney_North_Sydney_and_Hornsby|Sydney_Northern_Beaches|Sydney_Parramatta|Sydney_Sutherland,Sydney_City_and_Inner_South|Sydney_Ryde,-0.4916666666666667,-0.72500000000000009,0.4916666666666667,0.72500000000000009,5,5,0.078125,0.015625
au,10,300,A_ref,L_S,12,10,6,Newcastle_and_Lake_Macquarie|Sydney_Eastern_Suburbs|Sydney_Inner_South_West|Sydney_North_Sydney_and_Hornsby|Sydney_Northern_Beaches|Sydney_Sutherland,Sydney_City_and_Inner_South|Sydney_Inner_West|Sydney_Parramatta|Sydney_Ryde,-0.38904038142109687,-0.30919653316234391,0.51088432679818818,0.53263586350596581,2,2,0.75,0.0625
au,10,500,G,L_E,12,10,9,Newcastle_and_Lake_Macquarie|Sydney_City_and_Inner_South|Sydney_Eastern_Suburbs|Sydney_Inner_South_West|Sydney_Inner_West|Sydney_North_Sydney_and_Hornsby|Sydney_Northern_Beaches|Sydney_Parramatta|Sydney_Sutherland,Sydney_Ryde,-0.5,-0.81666666666666665,0.5,0.81666666666666665,6,6,0.65625,0.00390625
au,10,500,G,L_S,12,10,4,Newcastle_and_Lake_Macquarie|Sydney_North_Sydney_and_Hornsby|Sydney_Northern_Beaches|Sydney_Sutherland,Sydney_City_and_Inner_South|Sydney_Eastern_Suburbs|Sydney_Inner_South_West|Sydney_Inner_West|Sydney_Parramatta|Sydney_Ryde,-0.66044307537813873,-0.32708032090555439,0.66044307537813873,0.65741484348044721,0,1,0.25,0.25
au,10,500,A_ref,L_E,12,10,9,Newcastle_and_Lake_Macquarie|Sydney_City_and_Inner_South|Sydney_Eastern_Suburbs|Sydney_Inner_South_West|Sydney_Inner_West|Sydney_North_Sydney_and_Hornsby|Sydney_Northern_Beaches|Sydney_Parramatta|Sydney_Sutherland,Sydney_Ryde,-0.5,-0.83333333333333326,0.5,0.83333333333333326,6,6,0.40625,0.0078125
au,10,500,A_ref,L_S,12,10,4,Newcastle_and_Lake_Macquarie|Sydney_North_Sydney_and_Hornsby|Sydney_Northern_Beaches|Sydney_Sutherland,Sydney_City_and_Inner_South|Sydney_Eastern_Suburbs|Sydney_Inner_South_West|Sydney_Inner_West|Sydney_Parramatta|Sydney_Ryde,-0.66044307537813873,-0.45758630391928551,0.66044307537813873,0.45758630391928551,2,2,0.75,0.125
au,20,100,G,L_E,12,10,3,Newcastle_and_Lake_Macquarie|Sydney_North_Sydney_and_Hornsby|Sydney_Northern_Beaches,Sydney_City_and_Inner_South|Sydney_Eastern_Suburbs|Sydney_Inner_South_West|Sydney_Inner_West|Sydney_Parramatta|Sydney_Ryde|Sydney_Sutherland,-0.28333333333333333,-0.26666666666666666,0.28333333333333333,0.26666666666666666,1,1,0.75,0.25
au,20,100,G,L_S,12,10,3,Newcastle_and_Lake_Macquarie|Sydney_North_Sydney_and_Hornsby|Sydney_Northern_Beaches,Sydney_City_and_Inner_South|Sydney_Eastern_Suburbs|Sydney_Inner_South_West|Sydney_Inner_West|Sydney_Parramatta|Sydney_Ryde|Sydney_Sutherland,0,-0.54772255750516607,0.29668305198196498,0.54772255750516607,3,2,0.25,0.25
au,20,100,A_ref,L_E,12,10,3,Newcastle_and_Lake_Macquarie|Sydney_North_Sydney_and_Hornsby|Sydney_Northern_Beaches,Sydney_City_and_Inner_South|Sydney_Eastern_Suburbs|Sydney_Inner_South_West|Sydney_Inner_West|Sydney_Parramatta|Sydney_Ryde|Sydney_Sutherland,-0.28333333333333333,-0.39999999999999997,0.28333333333333333,0.39999999999999997,2,2,0.75,0.25
au,20,100,A_ref,L_S,12,10,3,Newcastle_and_Lake_Macquarie|Sydney_North_Sydney_and_Hornsby|Sydney_Northern_Beaches,Sydney_City_and_Inner_South|Sydney_Eastern_Suburbs|Sydney_Inner_South_West|Sydney_Inner_West|Sydney_Parramatta|Sydney_Ryde|Sydney_Sutherland,0,-0.54772255750516607,0.29668305198196498,0.54772255750516607,2,3,0.5,0.25
au,20,300,G,L_E,12,10,3,Newcastle_and_Lake_Macquarie|Sydney_North_Sydney_and_Hornsby|Sydney_Northern_Beaches,Sydney_City_and_Inner_South|Sydney_Eastern_Suburbs|Sydney_Inner_South_West|Sydney_Inner_West|Sydney_Parramatta|Sydney_Ryde|Sydney_Sutherland,-0.46666666666666662,-0.56666666666666665,0.46666666666666662,0.56666666666666665,2,2,0.75,0.25
au,20,300,G,L_S,12,10,3,Newcastle_and_Lake_Macquarie|Sydney_North_Sydney_and_Hornsby|Sydney_Northern_Beaches,Sydney_City_and_Inner_South|Sydney_Eastern_Suburbs|Sydney_Inner_South_West|Sydney_Inner_West|Sydney_Parramatta|Sydney_Ryde|Sydney_Sutherland,-0.59999999999999998,-0.63900965042269375,0.59999999999999998,0.63900965042269375,2,2,0.5,0.5
au,20,300,A_ref,L_E,12,10,3,Newcastle_and_Lake_Macquarie|Sydney_North_Sydney_and_Hornsby|Sydney_Northern_Beaches,Sydney_City_and_Inner_South|Sydney_Eastern_Suburbs|Sydney_Inner_South_West|Sydney_Inner_West|Sydney_Parramatta|Sydney_Ryde|Sydney_Sutherland,-0.46666666666666662,-0.65000000000000002,0.46666666666666662,0.65000000000000002,3,3,0.25,0.25
au,20,300,A_ref,L_S,12,10,3,Newcastle_and_Lake_Macquarie|Sydney_North_Sydney_and_Hornsby|Sydney_Northern_Beaches,Sydney_City_and_Inner_South|Sydney_Eastern_Suburbs|Sydney_Inner_South_West|Sydney_Inner_West|Sydney_Parramatta|Sydney_Ryde|Sydney_Sutherland,-0.59999999999999998,-0.54772255750516607,0.59999999999999998,0.54772255750516607,1,1,1,0.5
au,20,500,G,L_E,12,10,4,Newcastle_and_Lake_Macquarie|Sydney_North_Sydney_and_Hornsby|Sydney_Northern_Beaches|Sydney_Sutherland,Sydney_City_and_Inner_South|Sydney_Eastern_Suburbs|Sydney_Inner_South_West|Sydney_Inner_West|Sydney_Parramatta|Sydney_Ryde,-0.45833333333333331,-0.59999999999999998,0.53333333333333333,0.59999999999999998,3,2,0.375,0.125
au,20,500,G,L_S,12,10,3,Newcastle_and_Lake_Macquarie|Sydney_North_Sydney_and_Hornsby|Sydney_Northern_Beaches,Sydney_City_and_Inner_South|Sydney_Eastern_Suburbs|Sydney_Inner_South_West|Sydney_Inner_West|Sydney_Parramatta|Sydney_Ryde|Sydney_Sutherland,-0.27386127875258304,-0.27386127875258304,0.52946513892166058,0.27386127875258304,2,1,0.5,0.5
au,20,500,A_ref,L_E,12,10,4,Newcastle_and_Lake_Macquarie|Sydney_North_Sydney_and_Hornsby|Sydney_Northern_Beaches|Sydney_Sutherland,Sydney_City_and_Inner_South|Sydney_Eastern_Suburbs|Sydney_Inner_South_West|Sydney_Inner_West|Sydney_Parramatta|Sydney_Ryde,-0.45833333333333331,-0.57499999999999996,0.53333333333333333,0.7416666666666667,3,3,0.25,0.25
au,20,500,A_ref,L_S,12,10,3,Newcastle_and_Lake_Macquarie|Sydney_North_Sydney_and_Hornsby|Sydney_Northern_Beaches,Sydney_City_and_Inner_South|Sydney_Eastern_Suburbs|Sydney_Inner_South_West|Sydney_Inner_West|Sydney_Parramatta|Sydney_Ryde|Sydney_Sutherland,-0.27386127875258304,-0.27386127875258304,0.52946513892166058,0.27386127875258304,1,0,1,0.5
