country,region,radius_km,dc_mw,ref_eligible,assoc_agg_L_E,assoc_agg_L_S,assoc_aggAref_L_E,assoc_aggAref_L_S,assoc_cell_L_E,loss_constant_L_E,assoc_cell_L_S,loss_constant_L_S
uk,London,10,100,True,-0.84999999999999987,-0.60399000121577129,-0.84999999999999987,-0.60399000121577129,-0.65000000000000002,False,0.24753688574416857,False
uk,TLC1,10,100,True,-1,-0.54772255750516607,-0.95000000000000007,-0.54772255750516607,-0.5,False,-0.13693063937629152,False
uk,TLC2,10,100,False,-0.14999999999999999,-0.087437177097833621,-0.78333333333333333,-0.09618089480761699,-0.76666666666666672,False,0.20110550732501734,False
uk,TLD3,10,100,True,-0.73333333333333339,,-0.71666666666666667,,-0.58333333333333337,False,,True
uk,TLD4,10,100,True,-0.93333333333333324,-0.66109365291702116,-0.90000000000000002,-0.72803984561747903,-0.56666666666666665,False,-0.025104822262671689,False
uk,TLD6,10,100,True,-0.91666666666666663,-0.89540532736862355,-0.91666666666666663,-0.89540532736862355,-0.25,False,-0.62762055656679228,False
uk,TLE3,10,100,True,-0.90000000000000002,0.22821773229381923,-0.90000000000000002,0.091287092917527679,-0.56666666666666665,False,0.068465319688145759,False
uk,TLE4,10,100,True,-0.83333333333333326,0.01756820922315766,-0.8666666666666667,-0.035136418446315321,-0.58333333333333337,False,0.44798933519052037,False
uk,TLF1,10,100,True,-0.98333333333333328,-0.46666666666666662,-0.96666666666666667,-0.43333333333333335,-0.46666666666666662,False,0.11666666666666665,False
uk,TLF2,10,100,True,-0.8833333333333333,-0.65548532931649395,-0.8833333333333333,-0.67229264545281442,-0.39999999999999997,False,-0.55464143249857178,False
uk,TLG1,10,100,False,-0.8833333333333333,-0.61088400839167789,-0.8833333333333333,-0.61088400839167789,-0.56666666666666665,False,-0.24267994853915967,False
uk,TLG2,10,100,False,-0.98333333333333328,-0.71130329744236453,-1,-0.77824949014282252,-0.54999999999999993,False,-0.41841370437786152,False
uk,TLH1,10,100,True,-0.98333333333333328,-0.78333333333333333,-1,-0.71666666666666667,-0.43333333333333335,False,-0.76666666666666672,False
uk,TLH2,10,100,True,-0.98333333333333328,-0.38333333333333336,-0.96666666666666667,-0.48333333333333334,-0.45000000000000001,False,0.033333333333333333,False
uk,TLH3,10,100,True,-0.8833333333333333,-0.69999999999999996,-0.93333333333333324,-0.75,-0.16666666666666669,False,0,False
uk,TLJ1,10,100,True,-1,-0.74855416192372703,-1,-0.74855416192372703,-0.59999999999999998,False,-0.018257418583505537,False
uk,London,10,300,True,-0.93333333333333324,-0.83984125484125483,-0.93333333333333324,-0.83984125484125483,-0.53333333333333333,False,-0.036514837167011073,False
uk,TLC1,10,300,True,-0.98333333333333328,-0.81666666666666665,-0.98333333333333328,-0.71666666666666667,-0.59999999999999998,False,-0.28333333333333333,False
uk,TLC2,10,300,False,-0.29999999999999999,-0.058577918612900612,-0.90000000000000002,-0.66109365291702116,-0.69999999999999996,False,-0.56904263795389165,False
uk,TLD3,10,300,True,-0.98333333333333328,-0.31052950170405935,-0.96666666666666667,-0.31052950170405935,-0.18333333333333335,False,0.10350983390135313,False
uk,TLD4,10,300,True,-0.95000000000000007,-0.90000000000000002,-0.93333333333333324,-0.8833333333333333,-0.48333333333333334,False,-0.33333333333333337,False
uk,TLD6,10,300,True,-0.95000000000000007,-0.34999999999999998,-0.95000000000000007,-0.34999999999999998,-0.3666666666666667,False,-0.65000000000000002,False
uk,TLE3,10,300,True,-0.98333333333333328,-0.25560386016907749,-0.98333333333333328,-0.49295030175464954,-0.5,False,0.51120772033815498,False
uk,TLE4,10,300,True,-0.95000000000000007,-0.81666666666666665,-0.95000000000000007,-0.8833333333333333,-0.45000000000000001,False,-0.39999999999999997,False
uk,TLF1,10,300,True,-0.98333333333333328,-0.71666666666666667,-0.96666666666666667,-0.68333333333333335,-0.46666666666666662,False,-0.28333333333333333,False
uk,TLF2,10,300,True,-0.93333333333333324,-0.38333333333333336,-0.8833333333333333,-0.25,-0.54999999999999993,False,0.11666666666666665,False
uk,TLG1,10,300,False,-0.90000000000000002,-0.37657233394007539,-0.90000000000000002,-0.37657233394007539,-0.54999999999999993,False,-0.11715583722580122,False
uk,TLG2,10,300,False,-1,-0.76151294196770791,-0.98333333333333328,-0.7949860383179369,-0.59999999999999998,False,-0.016736548175114462,False
uk,TLH1,10,300,True,-0.98333333333333328,-0.016666666666666666,-1,0.016666666666666666,-0.43333333333333335,False,-0.16666666666666669,False
uk,TLH2,10,300,True,-0.98333333333333328,-0.28333333333333333,-0.96666666666666667,-0.41666666666666663,-0.45000000000000001,False,-0.13333333333333333,False
uk,TLH3,10,300,True,-0.8833333333333333,-0.5,-0.93333333333333324,-0.48333333333333334,-0.16666666666666669,False,-0.19999999999999998,False
uk,TLJ1,10,300,True,-1,-0.16666666666666669,-1,-0.16666666666666669,-0.59999999999999998,False,-0.43333333333333335,False
uk,London,10,500,True,-0.93333333333333324,-0.73029674334022143,-0.93333333333333324,-0.73029674334022143,-0.5,False,-0.59336610396392997,False
uk,TLC1,10,500,True,-0.98333333333333328,-0.76151294196770791,-0.98333333333333328,-0.64435710474190677,-0.59999999999999998,False,-0.29288959306450307,False
uk,TLC2,10,500,False,-0.29999999999999999,-0.075314466788015066,-0.90000000000000002,-0.8284591346681659,-0.69999999999999996,False,-0.65272537882946402,False
uk,TLD3,10,500,True,-0.83333333333333326,-0.40167715620274702,-0.81666666666666665,-0.47699162299076214,0.066666666666666666,False,-0.43515025255297601,False
uk,TLD4,10,500,True,-0.95000000000000007,0.26666666666666666,-0.93333333333333324,0.23333333333333331,-0.48333333333333334,False,0.23333333333333331,False
uk,TLD6,10,500,True,-0.95000000000000007,-0.34999999999999998,-0.95000000000000007,-0.34999999999999998,-0.3666666666666667,False,-0.65000000000000002,False
uk,TLE3,10,500,True,-0.95000000000000007,-0.84757937952601303,-1,-0.89843414229757379,-0.39999999999999997,False,-0.2542738138578039,False
uk,TLE4,10,500,True,-0.95000000000000007,-0.93333333333333324,-0.95000000000000007,-0.93333333333333324,-0.45000000000000001,False,-0.41666666666666663,False
uk,TLF1,10,500,True,-0.98333333333333328,-0.65000000000000002,-0.96666666666666667,-0.61666666666666659,-0.46666666666666662,False,-0.066666666666666666,False
uk,TLF2,10,500,True,-0.93333333333333324,-0.3666666666666667,-0.8833333333333333,-0.21666666666666667,-0.54999999999999993,False,0.066666666666666666,False
uk,TLG1,10,500,False,-0.90000000000000002,-0.34999999999999998,-0.90000000000000002,-0.34999999999999998,-0.54999999999999993,False,-0.19999999999999998,False
uk,TLG2,10,500,False,-1,-0.76151294196770791,-0.98333333333333328,-0.7949860383179369,-0.59999999999999998,False,-0.016736548175114462,False
uk,TLH1,10,500,True,-0.98333333333333328,-0.016666666666666666,-1,0.016666666666666666,-0.43333333333333335,False,-0.16666666666666669,False
uk,TLH2,10,500,True,-0.98333333333333328,-0.28333333333333333,-0.96666666666666667,-0.41666666666666663,-0.45000000000000001,False,-0.13333333333333333,False
uk,TLH3,10,500,True,-0.8833333333333333,-0.5,-0.93333333333333324,-0.48333333333333334,-0.16666666666666669,False,-0.19999999999999998,False
uk,TLJ1,10,500,True,-0.98333333333333328,-0.4602550748156477,-0.98333333333333328,-0.4602550748156477,-0.56666666666666665,False,-0.38494060802763264,False
uk,London,20,100,True,-0.89461351059177141,,-0.89461351059177141,,-0.474692883171144,False,,True
uk,TLC1,20,100,True,-0.95000000000000007,-0.15975241260567344,-0.93333333333333324,-0.15975241260567344,-0.59999999999999998,False,0.11410886614690961,False
uk,TLC2,20,100,False,-0.73333333333333339,-0.3425800798515744,-0.6333333333333333,-0.39528470752104738,-0.69999999999999996,False,-0.02635231383473649,False
uk,TLD3,20,100,True,-0.73029674334022143,,-0.73029674334022143,,-0.25103950552320115,False,,True
uk,TLD4,20,100,True,-0.84999999999999987,0.67082039324993692,-0.84999999999999987,0.67082039324993692,-0.83333333333333326,False,-0.074535599249992993,False
uk,TLD6,20,100,True,-0.8833333333333333,-0.237346441585572,-0.8833333333333333,-0.237346441585572,0.033333333333333333,False,-0.054772255750516606,False
uk,TLE3,20,100,True,-0.6333333333333333,,-0.61666666666666659,,-0.81666666666666665,False,,True
uk,TLE4,20,100,True,-0.76666666666666672,,-0.71666666666666667,,-0.73333333333333339,False,,True
uk,TLF1,20,100,True,-0.93333333333333324,0,-0.95000000000000007,-0.068100522460699892,-0.34999999999999998,False,-0.21281413268968716,False
uk,TLF2,20,100,True,-0.98333333333333328,-0.7628214415734117,-0.98333333333333328,-0.7628214415734117,-0.26666666666666666,False,0.27122540144832413,False
uk,TLG1,20,100,False,-0.96666666666666667,-0.26162433649661387,-0.96666666666666667,-0.26162433649661387,-0.56666666666666665,False,-0.050636968354183326,False
uk,TLG2,20,100,False,-0.98333333333333328,0.13333333333333333,-0.98333333333333328,0.13333333333333333,-0.5,False,-0.16666666666666669,False
uk,TLH1,20,100,True,-0.95000000000000007,-0.25,-0.95000000000000007,-0.25,-0.28333333333333333,False,-0.46666666666666662,False
uk,TLH2,20,100,True,-0.98333333333333328,-0.94561497189396715,-0.96666666666666667,-0.91214187554373816,-0.18333333333333335,False,-0.15062893357603013,False
uk,TLH3,20,100,True,-0.95000000000000007,-0.6333333333333333,-0.98333333333333328,-0.73333333333333339,-0.21666666666666667,False,-0.083333333333333343,False
uk,TLJ1,20,100,True,-0.93333333333333324,,-0.93333333333333324,,-0.5,False,,True
uk,London,20,300,True,-0.83333333333333326,,-0.81666666666666665,,-0.6333333333333333,False,,True
uk,TLC1,20,300,True,-0.95000000000000007,-0.41079191812887461,-0.98333333333333328,-0.41079191812887461,-0.39999999999999997,False,0.13693063937629152,False
uk,TLC2,20,300,False,-0.79999999999999993,-0.29999999999999999,-0.71666666666666667,-0.16666666666666669,-0.68333333333333335,False,-0.23333333333333331,False
uk,TLD3,20,300,True,-0.75,,-0.75,,-0.46666666666666662,False,,True
uk,TLD4,20,300,True,-1,-0.27359422722270776,-1,-0.27359422722270776,-0.48333333333333334,False,-0.89773105807450981,False
uk,TLD6,20,300,True,-0.96666666666666667,-0.25,-0.96666666666666667,-0.25,-0.38333333333333336,False,-0.31666666666666665,False
uk,TLE3,20,300,True,-0.93333333333333324,,-0.91666666666666663,,-0.66666666666666674,False,,True
uk,TLE4,20,300,True,-0.8666666666666667,-0.38306543884143684,-0.83333333333333326,-0.46819109191731173,-0.73333333333333339,False,0.1191759143062248,False
uk,TLF1,20,300,True,-0.96666666666666667,-0.033614632272640714,-0.98333333333333328,-0.016807316136320357,-0.28333333333333333,False,-0.45379753568064973,False
uk,TLF2,20,300,True,-0.96666666666666667,-0.94561497189396715,-0.96666666666666667,-0.94561497189396715,-0.23333333333333331,False,-0.28452131897694583,False
uk,TLG1,20,300,False,-0.98333333333333328,-0.54999999999999993,-0.98333333333333328,-0.54999999999999993,-0.53333333333333333,False,-0.29999999999999999,False
uk,TLG2,20,300,False,-0.90000000000000002,-0.90000000000000002,-0.90000000000000002,-0.90000000000000002,-0.14999999999999999,False,-0.5,False
uk,TLH1,20,300,True,-0.95000000000000007,-0.23333333333333331,-0.95000000000000007,-0.23333333333333331,-0.28333333333333333,False,-0.65000000000000002,False
uk,TLH2,20,300,True,-0.98333333333333328,0.33333333333333337,-0.96666666666666667,0.28333333333333333,-0.18333333333333335,False,0.8666666666666667,False
uk,TLH3,20,300,True,-0.95000000000000007,-0.34999999999999998,-0.98333333333333328,-0.3666666666666667,-0.21666666666666667,False,0.25,False
uk,TLJ1,20,300,True,-0.81666666666666665,-0.79999999999999993,-0.81666666666666665,-0.79999999999999993,0.016666666666666666,False,0.083333333333333343,False
uk,London,20,500,True,-0.8833333333333333,,-0.84999999999999987,,-0.51666666666666672,False,,True
uk,TLC1,20,500,True,-0.95000000000000007,-0.87770745147251106,-0.98333333333333328,-0.83550997784402492,-0.39999999999999997,False,-0.50636968354183332,False
uk,TLC2,20,500,False,-0.81666666666666665,-0.52549921530612809,-0.76666666666666672,-0.61025715325872931,-0.59999999999999998,False,-0.32208016421988495,False
uk,TLD3,20,500,True,-0.79999999999999993,,-0.79999999999999993,,-0.48333333333333334,False,,True
uk,TLD4,20,500,True,-0.98333333333333328,-0.90000000000000002,-0.98333333333333328,-0.90000000000000002,-0.41666666666666663,False,-0.73333333333333339,False
uk,TLD6,20,500,True,-0.98333333333333328,-0.21666666666666667,-0.98333333333333328,-0.21666666666666667,-0.34999999999999998,False,-0.23333333333333331,False
uk,TLE3,20,500,True,-0.91666666666666663,-0.20701966780270625,-0.95000000000000007,-0.10350983390135313,-0.69999999999999996,False,-0.10350983390135313,False
uk,TLE4,20,500,True,-0.98333333333333328,-0.61666666666666659,-0.95000000000000007,-0.59999999999999998,-0.56666666666666665,False,-0.19999999999999998,False
uk,TLF1,20,500,True,-0.96666666666666667,-0.51666666666666672,-0.98333333333333328,-0.5,-0.28333333333333333,False,-0.78333333333333333,False
uk,TLF2,20,500,True,-0.98333333333333328,-0.75,-0.98333333333333328,-0.75,-0.26666666666666666,False,0.14999999999999999,False
uk,TLG1,20,500,False,-0.96666666666666667,-0.75,-0.96666666666666667,-0.75,-0.56666666666666665,False,-0.68333333333333335,False
uk,TLG2,20,500,False,-0.98333333333333328,-0.94561497189396715,-0.98333333333333328,-0.94561497189396715,-0.33333333333333337,False,-0.47699162299076214,False
uk,TLH1,20,500,True,-0.95000000000000007,-0.23333333333333331,-0.95000000000000007,-0.23333333333333331,-0.28333333333333333,False,-0.65000000000000002,False
uk,TLH2,20,500,True,-0.98333333333333328,0.33333333333333337,-0.96666666666666667,0.28333333333333333,-0.18333333333333335,False,0.8666666666666667,False
uk,TLH3,20,500,True,-0.95000000000000007,-0.14999999999999999,-0.98333333333333328,-0.18333333333333335,-0.21666666666666667,False,0.25,False
uk,TLJ1,20,500,True,-0.81666666666666665,-0.66666666666666674,-0.81666666666666665,-0.66666666666666674,0.016666666666666666,False,0.099999999999999992,False
au,Central_Coast,10,100,False,-0.71666666666666667,-0.52777904907042417,-0.84999999999999987,-0.52777904907042417,-0.81666666666666665,False,-0.57034187560836158,False
au,Hunter_Valley_exc_Newcastle,10,100,False,-0.21666666666666667,-0.54772255750516607,-0.84999999999999987,-0.27386127875258304,-0.76666666666666672,False,-0.27386127875258304,False
au,Newcastle_and_Lake_Macquarie,10,100,True,-0.93333333333333324,0.65833610925464048,-0.93333333333333324,0.70108520725818857,-0.91666666666666663,False,0.53008881524399631,False
au,Sydney_City_and_Inner_South,10,100,True,,,,,,True,,True
au,Sydney_Eastern_Suburbs,10,100,True,0.11666666666666665,,0.033333333333333333,,-0.76666666666666672,False,,True
au,Sydney_Inner_South_West,10,100,True,,,,,,True,,True
au,Sydney_Inner_West,10,100,True,,,,,,True,,True
au,Sydney_North_Sydney_and_Hornsby,10,100,True,-0.73333333333333339,-0.76681158050723253,-0.81666666666666665,-0.76681158050723253,-0.54999999999999993,False,-0.80332641767424362,False
au,Sydney_Northern_Beaches,10,100,True,-0.93333333333333324,-0.80946110019399498,-0.95000000000000007,-0.86168439698070431,-0.69999999999999996,False,-0.76594168620507053,False
au,Sydney_Parramatta,10,100,True,-0.78333333333333333,,-0.73333333333333339,,-0.73333333333333339,False,,True
au,Sydney_Ryde,10,100,True,,,,,,True,,True
au,Sydney_Sutherland,10,100,True,-0.98333333333333328,,0.016666666666666666,,-0.083333333333333343,False,,True
au,Central_Coast,10,300,False,-0.84999999999999987,-0.73029674334022154,-0.91666666666666663,-0.73029674334022154,-0.78333333333333333,False,-0.85809867342476021,False
au,Hunter_Valley_exc_Newcastle,10,300,False,-0.23333333333333331,-0.6333333333333333,-0.83333333333333326,-0.066666666666666666,-0.73333333333333339,False,0.19999999999999998,False
au,Newcastle_and_Lake_Macquarie,10,300,True,-0.93333333333333324,0.39899638244919861,-0.93333333333333324,0.34579686478930544,-0.83333333333333326,False,0.5408617628755803,False
au,Sydney_City_and_Inner_South,10,300,True,,,,,,True,,True
au,Sydney_Eastern_Suburbs,10,300,True,0.21666666666666667,0.13693063937629152,-0.6333333333333333,-0.54772255750516607,-0.66666666666666674,False,0.13693063937629152,False
au,Sydney_Inner_South_West,10,300,True,-0.66666666666666674,0.54772255750516607,-0.71666666666666667,0.54772255750516607,0.13333333333333333,False,-0.27386127875258304,False
au,Sydney_Inner_West,10,300,True,-0.66666666666666674,,-0.71666666666666667,,-0.19999999999999998,False,,True
au,Sydney_North_Sydney_and_Hornsby,10,300,True,-0.91666666666666663,-0.58825606477121262,-0.91666666666666663,-0.71431093579361515,-0.48333333333333334,False,-0.78154020033889671,False
au,Sydney_Northern_Beaches,10,300,True,-0.8666666666666667,-0.10084389681792215,-0.84999999999999987,-0.10084389681792215,-0.5,False,-0.5042194840896107,False
au,Sydney_Parramatta,10,300,True,-0.78333333333333333,,-0.73333333333333339,,-0.73333333333333339,False,,True
au,Sydney_Ryde,10,300,True,,,,,,True,,True
au,Sydney_Sutherland,10,300,True,-0.96666666666666667,0.62105900340811881,-0.016666666666666666,-0.51754916950676566,-0.099999999999999992,False,-0.51754916950676566,False
au,Central_Coast,10,500,False,-0.8666666666666667,-0.41286141192238524,-0.93333333333333324,-0.54130718452046056,-0.76666666666666672,False,-0.66057825907581635,False
au,Hunter_Valley_exc_Newcastle,10,500,False,-0.16666666666666669,-0.62762055656679228,-0.79999999999999993,-0.075314466788015066,-0.75,False,0.18410202992625907,False
au,Newcastle_and_Lake_Macquarie,10,500,True,-0.90000000000000002,-0.81666666666666665,-0.91666666666666663,-0.84999999999999987,-0.8666666666666667,False,-0.81666666666666665,False
au,Sydney_City_and_Inner_South,10,500,True,0.31684721375253577,,0.30694573832276906,,-0.36635459090136951,False,,True
au,Sydney_Eastern_Suburbs,10,500,True,0.11666666666666665,,-0.81666666666666665,,-0.68333333333333335,False,,True
au,Sydney_Inner_South_West,10,500,True,-0.78333333333333333,,-0.84999999999999987,,0.016666666666666666,False,,True
au,Sydney_Inner_West,10,500,True,-0.5,,-0.83333333333333326,,-0.71666666666666667,False,,True
au,Sydney_North_Sydney_and_Hornsby,10,500,True,-0.91666666666666663,-0.55331674499318662,-0.91666666666666663,-0.67249265929941138,-0.48333333333333334,False,-0.81720626952839859,False
au,Sydney_Northern_Beaches,10,500,True,-0.8666666666666667,-0.10084389681792215,-0.84999999999999987,-0.10084389681792215,-0.5,False,-0.5042194840896107,False
au,Sydney_Parramatta,10,500,True,-0.81666666666666665,,-0.76666666666666672,,-0.76666666666666672,False,,True
au,Sydney_Ryde,10,500,True,,,,,,True,,True
au,Sydney_Sutherland,10,500,True,-1,0.76151294196770791,-0.033333333333333333,-0.24267994853915967,-0.16666666666666669,False,0.066946192700457846,False
au,Central_Coast,20,100,False,-0.78333333333333333,,-0.79999999999999993,,-0.8833333333333333,False,,True
au,Hunter_Valley_exc_Newcastle,20,100,False,-0.41666666666666663,,-0.76666666666666672,,-0.81666666666666665,False,,True
au,Newcastle_and_Lake_Macquarie,20,100,True,0.066666666666666666,-0.54772255750516607,-0.016666666666666666,-0.54772255750516607,-0.38333333333333336,False,0,False
au,Sydney_City_and_Inner_South,20,100,True,,,,,,True,,True
au,Sydney_Eastern_Suburbs,20,100,True,,,,,,True,,True
au,Sydney_Inner_South_West,20,100,True,,,,,,True,,True
au,Sydney_Inner_West,20,100,True,,,,,,True,,True
au,Sydney_North_Sydney_and_Hornsby,20,100,True,-0.51666666666666672,-0.82158383625774922,-0.83333333333333326,-0.82158383625774922,-0.25,False,-0.4564354645876384,False
au,Sydney_Northern_Beaches,20,100,True,-0.26666666666666666,0.091287092917527679,-0.39999999999999997,0.50207901104640229,-0.28333333333333333,False,0.29668305198196498,False
au,Sydney_Parramatta,20,100,True,,,,,,True,,True
au,Sydney_Ryde,20,100,True,,,,,,True,,True
au,Sydney_Sutherland,20,100,True,,,,,,True,,True
au,Central_Coast,20,300,False,-0.8833333333333333,-0.84814061784898598,-0.90000000000000002,-0.84814061784898598,-0.75,False,-0.75195972304136915,False
au,Hunter_Valley_exc_Newcastle,20,300,False,-0.21666666666666667,-0.034815531191139566,-0.81666666666666665,-0.62667956144051218,-0.6333333333333333,False,-0.7050145066205763,False
au,Newcastle_and_Lake_Macquarie,20,300,True,-0.56666666666666665,-0.54772255750516607,-0.65000000000000002,-0.54772255750516607,-0.45000000000000001,False,0,False
au,Sydney_City_and_Inner_South,20,300,True,,,,,,True,,True
au,Sydney_Eastern_Suburbs,20,300,True,,,,,,True,,True
au,Sydney_Inner_South_West,20,300,True,,,,,,True,,True
au,Sydney_Inner_West,20,300,True,,,,,,True,,True
au,Sydney_North_Sydney_and_Hornsby,20,300,True,-0.46666666666666662,-0.63900965042269375,-0.98333333333333328,-0.63900965042269375,-0.59999999999999998,False,-0.63900965042269375,False
au,Sydney_Northern_Beaches,20,300,True,-0.75,-0.66666666666666674,-0.5,-0.46666666666666662,-0.46666666666666662,False,-0.59999999999999998,False
au,Sydney_Parramatta,20,300,True,,,,,,True,,True
au,Sydney_Ryde,20,300,True,,,,,,True,,True
au,Sydney_Sutherland,20,300,True,,,,,,True,,True
au,Central_Coast,20,500,False,-0.95000000000000007,-0.82182246067063969,-0.96666666666666667,-0.82182246067063969,-0.71666666666666667,False,-0.49507377148833714,False
au,Hunter_Valley_exc_Newcastle,20,500,False,-0.16666666666666669,0,-0.79999999999999993,-0.68333333333333335,-0.68333333333333335,False,-0.41666666666666663,False
au,Newcastle_and_Lake_Macquarie,20,500,True,-0.56666666666666665,-0.091287092917527693,-0.65000000000000002,0.018257418583505537,-0.45000000000000001,False,0.52946513892166058,False
au,Sydney_City_and_Inner_South,20,500,True,,,,,,True,,True
au,Sydney_Eastern_Suburbs,20,500,True,,,,,,True,,True
au,Sydney_Inner_South_West,20,500,True,,,,,,True,,True
au,Sydney_Inner_West,20,500,True,,,,,0.13693063937629152,False,,True
au,Sydney_North_Sydney_and_Hornsby,20,500,True,-0.46666666666666662,-0.27386127875258304,-0.98333333333333328,-0.27386127875258304,-0.59999999999999998,False,-0.27386127875258304,False
au,Sydney_Northern_Beaches,20,500,True,-0.75,-0.66666666666666674,-0.5,-0.46666666666666662,-0.46666666666666662,False,-0.59999999999999998,False
au,Sydney_Parramatta,20,500,True,,,,,0.27854300726557779,False,,True
au,Sydney_Ryde,20,500,True,,,,,,True,,True
au,Sydney_Sutherland,20,500,True,-0.6333333333333333,,0.83333333333333326,,0.83333333333333326,False,,True
