country,module,metric,matching,seed,in_family_module,n,lu_mean,gnn_mean,median_rel_pct,n_pct_defined,wins,losses,ties,p_raw,p_min,rel_effect_pct,rel_ci_lo,rel_ci_hi,zero_denominator_draws,bootstrap_indices_sha256,radius_km,dc_mw
uk,reconstruction,rmse,,42,True,16,10.462268014399758,9.6073937666300804,-11.02180822635523,16,12,4,0,0.03204345703125,3.0517578125e-05,-8.1710222543818425,-14.204067065261846,-1.1260880766038541,0,daa9069c06042d49bb255dcc21fbaf918480538ab3f2419fef095ee2f9bae3a9,,
uk,reconstruction,rmse,,123,True,16,10.462268014399758,9.3444639154557851,-11.586603531293054,16,14,2,0,0.000518798828125,3.0517578125e-05,-10.684147045415765,-15.17365669231914,-6.2236911561868871,0,daa9069c06042d49bb255dcc21fbaf918480538ab3f2419fef095ee2f9bae3a9,,
uk,reconstruction,rmse,,456,True,16,10.462268014399758,9.9561208534654284,-7.7938811014298466,16,12,4,0,0.1920166015625,3.0517578125e-05,-4.8378340168469309,-11.126689960784894,2.1826830531338279,0,daa9069c06042d49bb255dcc21fbaf918480538ab3f2419fef095ee2f9bae3a9,,
uk,siting,WSD,,42,True,16,2.229534633176308,2.2039310988983214,-1.8407103701864138,16,10,6,0,0.354888916015625,3.0517578125e-05,-1.1483801999303525,-3.207574486728066,1.1941854767733371,0,daa9069c06042d49bb255dcc21fbaf918480538ab3f2419fef095ee2f9bae3a9,,
uk,siting,WSD,,123,True,16,2.229534633176308,2.2078083491170442,-0.91621197966436241,16,9,7,0,0.372406005859375,3.0517578125e-05,-0.97447618601516417,-2.899715682739203,1.040457289782357,0,daa9069c06042d49bb255dcc21fbaf918480538ab3f2419fef095ee2f9bae3a9,,
uk,siting,WSD,,456,True,16,2.229534633176308,2.2019074386925475,-0.50407386660904474,16,10,6,0,0.27618408203125,3.0517578125e-05,-1.2391462358403174,-3.1440197896109083,0.84606646648040118,0,daa9069c06042d49bb255dcc21fbaf918480538ab3f2419fef095ee2f9bae3a9,,
uk,sizing,RSD_median,many_to_one,42,True,16,38.963743074584954,39.199615691591788,-0.4994527489525557,16,9,7,0,0.89447021484375,3.0517578125e-05,0.60536436798520354,-7.2287096785802607,10.265650972685169,0,daa9069c06042d49bb255dcc21fbaf918480538ab3f2419fef095ee2f9bae3a9,,
uk,sizing,RSD_median,many_to_one,123,True,16,38.963743074584954,39.400574071284233,3.7508056985114173,16,7,9,0,0.788482666015625,3.0517578125e-05,1.1211217460886522,-6.183586237235839,10.090974268965857,0,daa9069c06042d49bb255dcc21fbaf918480538ab3f2419fef095ee2f9bae3a9,,
uk,sizing,RSD_median,many_to_one,456,True,16,38.963743074584954,39.853065683248822,7.6109496410145585,16,6,10,0,0.596954345703125,3.0517578125e-05,2.2824362817543378,-5.2068209289228076,11.567978054414581,0,daa9069c06042d49bb255dcc21fbaf918480538ab3f2419fef095ee2f9bae3a9,,
uk,sizing,RSD_median,one_to_one,42,False,16,39.422621304157232,39.893163085674487,2.3600012367477294,16,7,9,0,0.747344970703125,3.0517578125e-05,1.1935831914546864,-5.364434608173239,8.9987990507453439,0,daa9069c06042d49bb255dcc21fbaf918480538ab3f2419fef095ee2f9bae3a9,,
uk,sizing,RSD_median,one_to_one,123,False,16,39.422621304157232,39.327687504318256,0.37437543463110096,16,8,8,0,0.93060302734375,3.0517578125e-05,-0.24081047048224893,-5.1071745685902901,5.6999427423660611,0,daa9069c06042d49bb255dcc21fbaf918480538ab3f2419fef095ee2f9bae3a9,,
uk,sizing,RSD_median,one_to_one,456,False,16,39.422621304157232,40.10958652631718,5.4827395876796956,16,5,11,0,0.608245849609375,3.0517578125e-05,1.7425660685011521,-4.4440517542051481,8.6955019652085639,0,daa9069c06042d49bb255dcc21fbaf918480538ab3f2419fef095ee2f9bae3a9,,
uk,reconstruction,mae,,42,False,16,7.8166560822825764,6.7986622084336972,-14.953995513703047,16,14,2,0,0.000579833984375,3.0517578125e-05,-13.023393419550453,-17.952367652658335,-8.0145139053715848,0,daa9069c06042d49bb255dcc21fbaf918480538ab3f2419fef095ee2f9bae3a9,,
uk,reconstruction,mae,,123,False,16,7.8166560822825764,6.8120492683489253,-13.987422865093631,16,14,2,0,0.00018310546875,3.0517578125e-05,-12.852130161012418,-17.024819270992015,-8.4405430512744601,0,daa9069c06042d49bb255dcc21fbaf918480538ab3f2419fef095ee2f9bae3a9,,
uk,reconstruction,mae,,456,False,16,7.8166560822825764,7.0031723477735133,-11.024908634873087,16,14,2,0,0.000885009765625,3.0517578125e-05,-10.407055471622009,-14.922070250528815,-5.9684568093464785,0,daa9069c06042d49bb255dcc21fbaf918480538ab3f2419fef095ee2f9bae3a9,,
uk,connection,L_E,,42,False,16,7326284.5464417823,5238149.1038113479,-29.044634883323067,16,16,0,0,3.0517578125e-05,3.0517578125e-05,-28.501970260554451,-34.778176763064977,-21.984287373511904,0,daa9069c06042d49bb255dcc21fbaf918480538ab3f2419fef095ee2f9bae3a9,10,100
uk,connection,L_E,,123,False,16,7326284.5464417823,5304820.9485133141,-27.611283452540384,16,16,0,0,3.0517578125e-05,3.0517578125e-05,-27.591934016680383,-32.644296860887451,-21.572219190548473,0,daa9069c06042d49bb255dcc21fbaf918480538ab3f2419fef095ee2f9bae3a9,10,100
uk,connection,L_E,,456,False,16,7326284.5464417823,5591476.1832931899,-24.809541181258187,16,16,0,0,3.0517578125e-05,3.0517578125e-05,-23.679238120653558,-29.39339064892868,-17.815302843867212,0,daa9069c06042d49bb255dcc21fbaf918480538ab3f2419fef095ee2f9bae3a9,10,100
uk,connection,L_S,,42,False,16,4668204.7506229579,3248806.9024738874,-30.567595214539544,10,6,5,5,0.1806640625,0.0009765625,-30.40564679515515,-53.368497206421708,11.546806657384156,0,daa9069c06042d49bb255dcc21fbaf918480538ab3f2419fef095ee2f9bae3a9,10,100
uk,connection,L_S,,123,False,16,4668204.7506229579,4405329.2782217618,-0.29652964570376111,10,5,6,5,0.703125,0.0009765625,-5.6311898565742302,-31.031745465282054,16.863138883938351,0,daa9069c06042d49bb255dcc21fbaf918480538ab3f2419fef095ee2f9bae3a9,10,100
uk,connection,L_S,,456,False,16,4668204.7506229579,4300585.371814278,-3.31495864712261,10,5,6,5,0.5341796875,0.0009765625,-7.8749626129749775,-29.58316490122613,18.000427764087959,0,daa9069c06042d49bb255dcc21fbaf918480538ab3f2419fef095ee2f9bae3a9,10,100
uk,connection,L_E,,42,True,16,11592140.985882353,8449204.9762727208,-26.67331342102711,16,16,0,0,3.0517578125e-05,3.0517578125e-05,-27.112644794756189,-32.810519501894227,-21.546042375214757,0,daa9069c06042d49bb255dcc21fbaf918480538ab3f2419fef095ee2f9bae3a9,10,300
uk,connection,L_E,,123,True,16,11592140.985882353,8444319.3708400205,-25.900008441201251,16,16,0,0,3.0517578125e-05,3.0517578125e-05,-27.154790636828427,-32.640754400132693,-21.02833716060325,0,daa9069c06042d49bb255dcc21fbaf918480538ab3f2419fef095ee2f9bae3a9,10,300
uk,connection,L_E,,456,True,16,11592140.985882353,8994735.5042525847,-20.32735214723759,16,16,0,0,3.0517578125e-05,3.0517578125e-05,-22.406607069333042,-28.960984466564085,-15.914978305813277,0,daa9069c06042d49bb255dcc21fbaf918480538ab3f2419fef095ee2f9bae3a9,10,300
uk,connection,L_S,,42,False,16,6077622.5333876517,4803231.7735607484,-21.768760715253311,14,10,5,1,0.2333984375,6.103515625e-05,-20.968573695157755,-43.633954168043722,13.375362143939507,0,daa9069c06042d49bb255dcc21fbaf918480538ab3f2419fef095ee2f9bae3a9,10,300
uk,connection,L_S,,123,False,16,6077622.5333876517,4955375.332460355,-12.658046901057601,14,8,7,1,0.18426513671875,6.103515625e-05,-18.465233646252134,-43.106115630055996,3.6652972529777648,0,daa9069c06042d49bb255dcc21fbaf918480538ab3f2419fef095ee2f9bae3a9,10,300
uk,connection,L_S,,456,False,16,6077622.5333876517,5129433.4738080744,-27.590419294803151,14,10,4,2,0.3717041015625,0.0001220703125,-15.601315388882162,-43.545437925272751,16.861712020093158,0,daa9069c06042d49bb255dcc21fbaf918480538ab3f2419fef095ee2f9bae3a9,10,300
uk,connection,L_E,,42,False,16,12546518.523558799,9232757.3207118772,-26.673313421027132,16,16,0,0,3.0517578125e-05,3.0517578125e-05,-26.41179859276993,-32.354455705854477,-20.667917665691508,0,daa9069c06042d49bb255dcc21fbaf918480538ab3f2419fef095ee2f9bae3a9,10,500
uk,connection,L_E,,123,False,16,12546518.523558799,9236746.909712892,-25.06327888948038,16,16,0,0,3.0517578125e-05,3.0517578125e-05,-26.380000217838084,-32.390033013888484,-20.28606927830759,0,daa9069c06042d49bb255dcc21fbaf918480538ab3f2419fef095ee2f9bae3a9,10,500
uk,connection,L_E,,456,False,16,12546518.523558799,9890190.4529629219,-19.883998307441509,16,15,1,0,6.103515625e-05,3.0517578125e-05,-21.171833968188437,-28.437149169928443,-14.146083647858887,0,daa9069c06042d49bb255dcc21fbaf918480538ab3f2419fef095ee2f9bae3a9,10,500
uk,connection,L_S,,42,False,16,8159865.4942274373,6030222.6312958021,-8.9008455034588785,15,9,6,1,0.178466796875,6.103515625e-05,-26.098994700809914,-38.909617237967048,9.8793894009426708,0,daa9069c06042d49bb255dcc21fbaf918480538ab3f2419fef095ee2f9bae3a9,10,500
uk,connection,L_S,,123,False,16,8159865.4942274373,6645405.8365511233,-5.9605950716287452,15,9,6,1,0.110595703125,6.103515625e-05,-18.559860560786124,-36.40048930158656,0.52419501862689122,0,daa9069c06042d49bb255dcc21fbaf918480538ab3f2419fef095ee2f9bae3a9,10,500
uk,connection,L_S,,456,False,16,8159865.4942274373,7191177.3732099412,-18.866553110840044,15,9,6,1,0.275390625,6.103515625e-05,-11.871373636033322,-32.641621030444021,8.3940090000611907,0,daa9069c06042d49bb255dcc21fbaf918480538ab3f2419fef095ee2f9bae3a9,10,500
uk,connection,L_E,,42,False,16,7336151.6635490293,4699971.4561154889,-37.234922751415681,14,14,0,2,0.0001220703125,0.0001220703125,-35.934101806153613,-41.922758601835554,-29.29437059404745,0,daa9069c06042d49bb255dcc21fbaf918480538ab3f2419fef095ee2f9bae3a9,20,100
uk,connection,L_E,,123,False,16,7336151.6635490293,4675494.0991019588,-32.234502779488743,14,13,1,2,0.000244140625,0.0001220703125,-36.267755718124235,-40.947603723566054,-30.877481200219364,0,daa9069c06042d49bb255dcc21fbaf918480538ab3f2419fef095ee2f9bae3a9,20,100
uk,connection,L_E,,456,False,16,7336151.6635490293,5055221.7508729938,-33.746158156660854,14,13,2,1,0.0003662109375,6.103515625e-05,-31.091640648723775,-38.295245370367695,-22.476208981845051,0,daa9069c06042d49bb255dcc21fbaf918480538ab3f2419fef095ee2f9bae3a9,20,100
uk,connection,L_S,,42,False,16,1887855.3258757126,1779323.7004741272,9.5881374978801244,9,4,5,7,0.8671875,0.00390625,-5.7489376391297871,-50.727299039416465,55.964577573708958,0,daa9069c06042d49bb255dcc21fbaf918480538ab3f2419fef095ee2f9bae3a9,20,100
uk,connection,L_S,,123,False,16,1887855.3258757126,1731603.8467660076,43.479980392313657,9,3,6,7,0.8671875,0.00390625,-8.2766659588824751,-56.706909793021957,63.000599465590916,0,daa9069c06042d49bb255dcc21fbaf918480538ab3f2419fef095ee2f9bae3a9,20,100
uk,connection,L_S,,456,False,16,1887855.3258757126,1718334.8071616963,25.889346724190371,9,3,6,7,0.75,0.00390625,-8.979529119127875,-58.202354071935368,74.945351056552553,0,daa9069c06042d49bb255dcc21fbaf918480538ab3f2419fef095ee2f9bae3a9,20,100
uk,connection,L_E,,42,False,16,12045744.788268708,8323388.5336769987,-32.222097368573301,16,16,0,0,3.0517578125e-05,3.0517578125e-05,-30.90183562760598,-37.679165529757796,-23.750553177162928,0,daa9069c06042d49bb255dcc21fbaf918480538ab3f2419fef095ee2f9bae3a9,20,300
uk,connection,L_E,,123,False,16,12045744.788268708,8374247.4699409548,-29.320916236103521,16,15,1,0,0.000244140625,3.0517578125e-05,-30.479620669893379,-37.225716252717994,-22.665612942764774,0,daa9069c06042d49bb255dcc21fbaf918480538ab3f2419fef095ee2f9bae3a9,20,300
uk,connection,L_E,,456,False,16,12045744.788268708,8973489.1891248934,-25.671995185053362,16,13,3,0,0.000244140625,3.0517578125e-05,-25.504903624854062,-34.136538399087534,-16.065905620177997,0,daa9069c06042d49bb255dcc21fbaf918480538ab3f2419fef095ee2f9bae3a9,20,300
uk,connection,L_S,,42,False,16,6991211.4168894766,6027384.4041172294,0,11,5,6,5,0.4775390625,0.0009765625,-13.786266146147717,-41.5072144046772,32.100787044376631,0,daa9069c06042d49bb255dcc21fbaf918480538ab3f2419fef095ee2f9bae3a9,20,300
uk,connection,L_S,,123,False,16,6991211.4168894766,6327822.3748703357,7.7442939206832193,11,5,7,4,0.4990234375,0.00048828125,-9.4888997408448539,-27.52624104392434,22.669908547283608,0,daa9069c06042d49bb255dcc21fbaf918480538ab3f2419fef095ee2f9bae3a9,20,300
uk,connection,L_S,,456,False,16,6991211.4168894766,5848005.6170922173,-7.5725472646824254,11,6,6,4,0.39892578125,0.00048828125,-16.35204160806073,-41.007063391457422,27.828583301905496,0,daa9069c06042d49bb255dcc21fbaf918480538ab3f2419fef095ee2f9bae3a9,20,300
uk,connection,L_E,,42,False,16,15833787.159966525,11098766.894387975,-28.375466803042855,16,15,1,0,6.103515625e-05,3.0517578125e-05,-29.904534005297052,-35.60130404147953,-23.658130704242531,0,daa9069c06042d49bb255dcc21fbaf918480538ab3f2419fef095ee2f9bae3a9,20,500
uk,connection,L_E,,123,False,16,15833787.159966525,11027810.275632355,-29.225478623443678,16,14,2,0,0.000396728515625,3.0517578125e-05,-30.352668226369715,-36.393899431589254,-22.447180363816138,0,daa9069c06042d49bb255dcc21fbaf918480538ab3f2419fef095ee2f9bae3a9,20,500
uk,connection,L_E,,456,False,16,15833787.159966525,11987548.855067169,-16.840926186446374,16,13,3,0,0.000640869140625,3.0517578125e-05,-24.291335143268949,-32.655926856994263,-15.470282533042647,0,daa9069c06042d49bb255dcc21fbaf918480538ab3f2419fef095ee2f9bae3a9,20,500
uk,connection,L_S,,42,False,16,11420098.336167406,9052426.8820293359,-32.685410574321679,14,9,5,2,0.2401123046875,0.0001220703125,-20.732496204867736,-35.829503751396011,18.416961445322485,0,daa9069c06042d49bb255dcc21fbaf918480538ab3f2419fef095ee2f9bae3a9,20,500
uk,connection,L_S,,123,False,16,11420098.336167406,9357649.9659237061,-15.826411730897236,14,8,6,2,0.5150146484375,0.0001220703125,-18.059812705044184,-50.283762643467213,62.660634842002466,0,daa9069c06042d49bb255dcc21fbaf918480538ab3f2419fef095ee2f9bae3a9,20,500
uk,connection,L_S,,456,False,16,11420098.336167406,11935590.059613947,-7.2807290476827768,14,7,6,3,0.81201171875,0.000244140625,4.5138991650709572,-22.518449111270304,85.093161415920449,0,daa9069c06042d49bb255dcc21fbaf918480538ab3f2419fef095ee2f9bae3a9,20,500
au,reconstruction,rmse,,42,True,12,18.885657568190599,31.207194679017544,73.305598102538141,12,2,10,0,0.0068359375,0.00048828125,65.242828142665772,22.680292578948436,132.26541441279272,0,10fa5dbf313fcb4bf55d0e56501a8217bc6892f95c2d86db320d4389723c9c32,,
au,reconstruction,rmse,,123,True,12,18.885657568190599,24.593896283174828,41.845062971446069,12,3,9,0,0.08251953125,0.00048828125,30.225257947060854,0.30165913389454435,72.610674539931409,0,10fa5dbf313fcb4bf55d0e56501a8217bc6892f95c2d86db320d4389723c9c32,,
au,reconstruction,rmse,,456,True,12,18.885657568190599,31.222267497945861,55.659340052881639,12,2,10,0,0.01220703125,0.00048828125,65.322639072594399,20.944497427154776,128.90586483604633,0,10fa5dbf313fcb4bf55d0e56501a8217bc6892f95c2d86db320d4389723c9c32,,
au,siting,WSD,,42,True,12,2.1448521954624131,2.3884641246863763,9.9201348195640087,12,0,12,0,0.00048828125,0.00048828125,11.357982136920246,7.8600678480650759,17.014903047258521,0,10fa5dbf313fcb4bf55d0e56501a8217bc6892f95c2d86db320d4389723c9c32,,
au,siting,WSD,,123,True,12,2.1448521954624131,2.2396414311948365,5.0504005269762384,12,3,9,0,0.02587890625,0.00048828125,4.4193831133425672,1.0682193012644929,8.0012598441146761,0,10fa5dbf313fcb4bf55d0e56501a8217bc6892f95c2d86db320d4389723c9c32,,
au,siting,WSD,,456,True,12,2.1448521954624131,2.4993862157163842,13.779987419512741,12,1,11,0,0.00146484375,0.00048828125,16.529531545530876,10.219121176998952,21.911089805864258,0,10fa5dbf313fcb4bf55d0e56501a8217bc6892f95c2d86db320d4389723c9c32,,
au,sizing,RSD_median,many_to_one,42,True,12,28.524162835743628,36.333153123664324,9.627205271393656,12,4,8,0,0.09619140625,0.00048828125,27.376755394676312,1.7822947533338021,69.053735140846115,0,10fa5dbf313fcb4bf55d0e56501a8217bc6892f95c2d86db320d4389723c9c32,,
au,sizing,RSD_median,many_to_one,123,True,12,28.524162835743628,36.524416546108824,16.543323980810044,12,3,9,0,0.044921875,0.00048828125,28.047286633562731,4.7399465872939039,65.346271261335218,0,10fa5dbf313fcb4bf55d0e56501a8217bc6892f95c2d86db320d4389723c9c32,,
au,sizing,RSD_median,many_to_one,456,True,12,28.524162835743628,49.376364558513814,44.998761957697525,12,0,12,0,0.00048828125,0.00048828125,73.103641438479983,29.468638109307346,149.27258852637777,0,10fa5dbf313fcb4bf55d0e56501a8217bc6892f95c2d86db320d4389723c9c32,,
au,sizing,RSD_median,one_to_one,42,False,12,27.701183636180431,35.163135682019849,25.409827370005296,12,2,10,0,0.08349609375,0.00048828125,26.937303993369394,0.51652981363436212,72.041342289692906,0,10fa5dbf313fcb4bf55d0e56501a8217bc6892f95c2d86db320d4389723c9c32,,
au,sizing,RSD_median,one_to_one,123,False,12,27.701183636180431,33.534968614996608,16.948724461461406,12,5,7,0,0.22509765625,0.00048828125,21.059695699055567,-8.885084854712364,66.672073122279926,0,10fa5dbf313fcb4bf55d0e56501a8217bc6892f95c2d86db320d4389723c9c32,,
au,sizing,RSD_median,one_to_one,456,False,12,27.701183636180431,34.326390985313246,15.044773065470281,12,3,9,0,0.193359375,0.00048828125,23.916694088405869,-4.9136149707634598,72.417251575715099,0,10fa5dbf313fcb4bf55d0e56501a8217bc6892f95c2d86db320d4389723c9c32,,
au,reconstruction,mae,,42,False,12,14.419315561211379,22.042706434304876,69.206955085322647,12,2,10,0,0.0029296875,0.00048828125,52.869297718962237,22.063837287727676,98.15408173056403,0,10fa5dbf313fcb4bf55d0e56501a8217bc6892f95c2d86db320d4389723c9c32,,
au,reconstruction,mae,,123,False,12,14.419315561211379,18.941170211231494,44.300381575656445,12,2,10,0,0.06005859375,0.00048828125,31.359703800256032,2.9871922180745347,70.958918788250955,0,10fa5dbf313fcb4bf55d0e56501a8217bc6892f95c2d86db320d4389723c9c32,,
au,reconstruction,mae,,456,False,12,14.419315561211379,22.30657220927813,58.348314257483409,12,2,10,0,0.00634765625,0.00048828125,54.699244319777748,20.253557641976801,101.34858770320793,0,10fa5dbf313fcb4bf55d0e56501a8217bc6892f95c2d86db320d4389723c9c32,,
au,connection,L_E,,42,False,12,6.3077964356286165,10.821195647507329,27.520731755281577,8,2,6,4,0.0390625,0.0078125,71.55270874604436,6.4540879076643751,213.50299067087715,0,10fa5dbf313fcb4bf55d0e56501a8217bc6892f95c2d86db320d4389723c9c32,10,100
au,connection,L_E,,123,False,12,6.3077964356286165,7.6620683225407413,8.9071027727841869,8,3,5,4,0.296875,0.0078125,21.469809635306678,-13.969479003726816,62.05395414291506,0,10fa5dbf313fcb4bf55d0e56501a8217bc6892f95c2d86db320d4389723c9c32,10,100
au,connection,L_E,,456,False,12,6.3077964356286165,11.730049818714122,59.860828782787948,8,1,7,4,0.0546875,0.0078125,85.961134580354283,23.072757267220908,162.47432263453697,0,10fa5dbf313fcb4bf55d0e56501a8217bc6892f95c2d86db320d4389723c9c32,10,100
au,connection,L_S,,42,False,12,3.4624609374999959,4.5873697916666609,15.32007708531957,4,1,3,8,0.375,0.125,32.4887088828469,,,86,10fa5dbf313fcb4bf55d0e56501a8217bc6892f95c2d86db320d4389723c9c32,10,100
au,connection,L_S,,123,False,12,3.4624609374999959,3.7297526041666615,3.8876542263775122,4,1,2,9,0.75,0.25,7.7197020122820055,,,86,10fa5dbf313fcb4bf55d0e56501a8217bc6892f95c2d86db320d4389723c9c32,10,100
au,connection,L_S,,456,False,12,3.4624609374999959,5.054296874999995,100.6605806612596,4,0,4,8,0.125,0.125,45.974119744130711,,,86,10fa5dbf313fcb4bf55d0e56501a8217bc6892f95c2d86db320d4389723c9c32,10,100
au,connection,L_E,,42,True,12,9.924955189139423,15.893687803719827,9.6361932932807459,10,4,6,2,0.068359375,0.001953125,60.138635397687281,3.4779382118816362,180.82786643209275,0,10fa5dbf313fcb4bf55d0e56501a8217bc6892f95c2d86db320d4389723c9c32,10,300
au,connection,L_E,,123,True,12,9.924955189139423,11.63227690596851,1.5675574219401129,10,5,5,2,0.275390625,0.001953125,17.202311590256411,-7.7431638146059001,47.886641802956277,0,10fa5dbf313fcb4bf55d0e56501a8217bc6892f95c2d86db320d4389723c9c32,10,300
au,connection,L_E,,456,True,12,9.924955189139423,17.402435473093806,23.966624609974087,10,3,7,2,0.046875,0.001953125,75.340191884561477,23.9106001335476,140.22730624978749,0,10fa5dbf313fcb4bf55d0e56501a8217bc6892f95c2d86db320d4389723c9c32,10,300
au,connection,L_S,,42,False,12,5.6265299479166657,6.979583333333327,7.1428571428571379,6,1,3,8,0.375,0.125,24.047741644344342,,,2,10fa5dbf313fcb4bf55d0e56501a8217bc6892f95c2d86db320d4389723c9c32,10,300
au,connection,L_S,,123,False,12,5.6265299479166657,9.1006705729166608,0,6,2,2,8,0.5,0.125,61.745705739758201,,,2,10fa5dbf313fcb4bf55d0e56501a8217bc6892f95c2d86db320d4389723c9c32,10,300
au,connection,L_S,,456,False,12,5.6265299479166657,14.416002604166664,0,6,2,3,7,0.375,0.0625,156.21480268676916,,,2,10fa5dbf313fcb4bf55d0e56501a8217bc6892f95c2d86db320d4389723c9c32,10,300
au,connection,L_E,,42,False,12,13.06451025780129,20.891456629457458,12.660249541750357,11,2,9,1,0.0048828125,0.0009765625,59.909986805532327,7.4772638666668829,148.89923709101191,0,10fa5dbf313fcb4bf55d0e56501a8217bc6892f95c2d86db320d4389723c9c32,10,500
au,connection,L_E,,123,False,12,13.06451025780129,15.358878232037441,11.272567775391105,11,3,8,1,0.0771484375,0.0009765625,17.561836830937459,1.9196169420930018,40.948798247915839,0,10fa5dbf313fcb4bf55d0e56501a8217bc6892f95c2d86db320d4389723c9c32,10,500
au,connection,L_E,,456,False,12,13.06451025780129,22.666352618420984,17.950193074067457,11,2,9,1,0.009765625,0.0009765625,73.4956165301802,19.691547067131658,126.09013084259571,0,10fa5dbf313fcb4bf55d0e56501a8217bc6892f95c2d86db320d4389723c9c32,10,500
au,connection,L_S,,42,False,12,4.9906705729166836,7.3024088541666634,30.827716443927486,6,1,4,7,0.1875,0.0625,46.321195668479831,,,1,10fa5dbf313fcb4bf55d0e56501a8217bc6892f95c2d86db320d4389723c9c32,10,500
au,connection,L_S,,123,False,12,4.9906705729166836,5.2021158854166663,-4.1823972516953285,6,3,2,7,0.9375,0.0625,4.2368116550800377,,,1,10fa5dbf313fcb4bf55d0e56501a8217bc6892f95c2d86db320d4389723c9c32,10,500
au,connection,L_S,,456,False,12,4.9906705729166836,5.0777473958333301,-7.3708600976936065,6,3,2,7,1,0.0625,1.7447920403561534,,,1,10fa5dbf313fcb4bf55d0e56501a8217bc6892f95c2d86db320d4389723c9c32,10,500
au,connection,L_E,,42,False,12,4.4371610972972233,4.5100693007238366,-2.0983483506826364,5,3,2,7,0.75,0.0625,1.6431272569982578,,,11,10fa5dbf313fcb4bf55d0e56501a8217bc6892f95c2d86db320d4389723c9c32,20,100
au,connection,L_E,,123,False,12,4.4371610972972233,4.8451615682841105,-0.11604037659591257,5,3,2,7,0.5,0.0625,9.1950790615965996,,,11,10fa5dbf313fcb4bf55d0e56501a8217bc6892f95c2d86db320d4389723c9c32,20,100
au,connection,L_E,,456,False,12,4.4371610972972233,7.3476014877078377,53.36225293423238,5,1,4,7,0.125,0.0625,65.592398531201212,,,11,10fa5dbf313fcb4bf55d0e56501a8217bc6892f95c2d86db320d4389723c9c32,20,100
au,connection,L_S,,42,False,12,0.032154947916666766,0.05608072916666651,74.40777485320811,1,0,1,11,1,1,74.40777485320811,,,3427,10fa5dbf313fcb4bf55d0e56501a8217bc6892f95c2d86db320d4389723c9c32,20,100
au,connection,L_S,,123,False,12,0.032154947916666766,0,-100,1,1,0,11,1,1,-100,,,3427,10fa5dbf313fcb4bf55d0e56501a8217bc6892f95c2d86db320d4389723c9c32,20,100
au,connection,L_S,,456,False,12,0.032154947916666766,0,-100,1,1,0,11,1,1,-100,,,3427,10fa5dbf313fcb4bf55d0e56501a8217bc6892f95c2d86db320d4389723c9c32,20,100
au,connection,L_E,,42,False,12,8.2271150668360882,8.1036596782538535,1.0276717985772879,5,2,3,7,0.875,0.0625,-1.5005914902040087,,,11,10fa5dbf313fcb4bf55d0e56501a8217bc6892f95c2d86db320d4389723c9c32,20,300
au,connection,L_E,,123,False,12,8.2271150668360882,8.5836698518495016,-0.21940822926058937,5,3,2,7,0.5,0.0625,4.333898117588066,,,11,10fa5dbf313fcb4bf55d0e56501a8217bc6892f95c2d86db320d4389723c9c32,20,300
au,connection,L_E,,456,False,12,8.2271150668360882,11.68354362396056,48.59902899229867,5,0,5,7,0.0625,0.0625,42.01264391034843,,,11,10fa5dbf313fcb4bf55d0e56501a8217bc6892f95c2d86db320d4389723c9c32,20,300
au,connection,L_S,,42,False,12,11.227662760416663,9.2402734374999991,-92.627183972836576,3,3,0,9,0.25,0.25,-17.700828438873693,,,339,10fa5dbf313fcb4bf55d0e56501a8217bc6892f95c2d86db320d4389723c9c32,20,300
au,connection,L_S,,123,False,12,11.227662760416663,10.300468749999997,-29.36070475316264,3,3,1,8,0.25,0.125,-8.2581213045114517,,,339,10fa5dbf313fcb4bf55d0e56501a8217bc6892f95c2d86db320d4389723c9c32,20,300
au,connection,L_S,,456,False,12,11.227662760416663,11.47905598958333,0,3,1,1,10,1,0.5,2.2390521921709117,,,339,10fa5dbf313fcb4bf55d0e56501a8217bc6892f95c2d86db320d4389723c9c32,20,300
au,connection,L_E,,42,False,12,10.534530747028136,9.841461438696717,-8.3058260522081095,7,4,3,5,0.8125,0.015625,-6.579024020855778,-12.846475626938687,24.639180077491506,0,10fa5dbf313fcb4bf55d0e56501a8217bc6892f95c2d86db320d4389723c9c32,20,500
au,connection,L_E,,123,False,12,10.534530747028136,10.547242875017853,0,7,3,3,6,1,0.03125,0.12067104169117665,-5.6322866299821008,28.590767254897131,0,10fa5dbf313fcb4bf55d0e56501a8217bc6892f95c2d86db320d4389723c9c32,20,500
au,connection,L_E,,456,False,12,10.534530747028136,14.380256912644343,22.109630383353153,7,1,5,6,0.0625,0.03125,36.505908596841039,17.456416027640017,58.903705917701572,0,10fa5dbf313fcb4bf55d0e56501a8217bc6892f95c2d86db320d4389723c9c32,20,500
au,connection,L_S,,42,False,12,3.3403385416666809,2.4549739583333454,-10.490194234999917,4,2,1,9,0.5,0.25,-26.505235091877186,,,85,10fa5dbf313fcb4bf55d0e56501a8217bc6892f95c2d86db320d4389723c9c32,20,500
au,connection,L_S,,123,False,12,3.3403385416666809,2.4258723958333426,-32.024938322281486,4,3,1,8,0.375,0.125,-27.376451052085891,,,85,10fa5dbf313fcb4bf55d0e56501a8217bc6892f95c2d86db320d4389723c9c32,20,500
au,connection,L_S,,456,False,12,3.3403385416666809,8.1014973958333467,-21.534744087281567,4,2,1,9,1,0.25,142.53521895391651,,,85,10fa5dbf313fcb4bf55d0e56501a8217bc6892f95c2d86db320d4389723c9c32,20,500
