country,centres,target,radius_km,n,n_pct_defined,regions_pct_undefined,n_lu_zero,n_gnn_zero,median_rel_pct,q25,q75,wins,losses,ties,p_signflip,zero_rule,zero_station_share_median
uk,station,ledger_G,1,16,16,,0,0,-9.8875313190535756,-11.386670403923057,-5.5095580440473579,15,1,0,0.00018310546875,D9: error <= 1e-9 * D_r is numerical zero,0
uk,station,VD_Ref,1,16,16,,0,0,25.569305831654802,-2.0735627611054479,65.531968446029239,5,11,0,0.424468994140625,D9: error <= 1e-9 * D_r is numerical zero,0
uk,station,ledger_G,2,16,16,,0,0,-16.365719590242279,-21.182054108754333,-12.08357351035048,15,1,0,6.103515625e-05,D9: error <= 1e-9 * D_r is numerical zero,0
uk,station,VD_Ref,2,16,16,,0,0,-7.9686582554864653,-18.031858653951392,20.702565740407977,10,6,0,0.088348388671875,D9: error <= 1e-9 * D_r is numerical zero,0
uk,station,ledger_G,3,16,16,,0,0,-24.390856898825056,-30.379912480654166,-15.079482085992513,15,1,0,6.103515625e-05,D9: error <= 1e-9 * D_r is numerical zero,0
uk,station,VD_Ref,3,16,16,,0,0,-16.187136301909884,-25.975756884276727,-2.3675293321059061,12,4,0,0.0047607421875,D9: error <= 1e-9 * D_r is numerical zero,0
uk,station,ledger_G,5,16,16,,0,0,-30.588323390848707,-34.943323563195264,-18.790310423055566,16,0,0,3.0517578125e-05,D9: error <= 1e-9 * D_r is numerical zero,0
uk,station,VD_Ref,5,16,16,,0,0,-27.208133389782841,-35.245874748229888,-9.6841940659451282,14,2,0,0.0001220703125,D9: error <= 1e-9 * D_r is numerical zero,0
uk,station,ledger_G,7.5,16,16,,0,0,-33.187080321400096,-38.810105387947701,-26.420785439607908,16,0,0,3.0517578125e-05,D9: error <= 1e-9 * D_r is numerical zero,0
uk,station,VD_Ref,7.5,16,16,,0,0,-28.304137217001596,-47.455324389935285,-13.703664032206129,15,1,0,6.103515625e-05,D9: error <= 1e-9 * D_r is numerical zero,0
uk,station,ledger_G,10,16,16,,0,0,-31.969642494124784,-43.286442323185128,-22.447731477088162,16,0,0,3.0517578125e-05,D9: error <= 1e-9 * D_r is numerical zero,0
uk,station,VD_Ref,10,16,16,,0,0,-32.236833605549272,-45.916442901089894,-7.811857040797519,14,2,0,0.000213623046875,D9: error <= 1e-9 * D_r is numerical zero,0
uk,station,ledger_G,15,16,16,,0,0,-28.625017665323213,-43.520241313122277,-11.109696249868266,16,0,0,3.0517578125e-05,D9: error <= 1e-9 * D_r is numerical zero,0
uk,station,VD_Ref,15,16,16,,0,0,-29.482096156546554,-43.898982154597149,-9.9512596309356542,14,2,0,0.00054931640625,D9: error <= 1e-9 * D_r is numerical zero,0
uk,station,ledger_G,20,16,16,,0,0,-32.90314333761367,-43.268051992609735,-20.403338074819064,15,1,0,0.000213623046875,D9: error <= 1e-9 * D_r is numerical zero,0
uk,station,VD_Ref,20,16,16,,0,0,-30.33748342773228,-46.49966032268933,-15.916409385313944,13,3,0,0.00048828125,D9: error <= 1e-9 * D_r is numerical zero,0
uk,grid,ledger_G,1,16,16,,0,0,-7.3865382497620606,-9.1910554667945128,-5.0887668825148094,15,1,0,0.0032958984375,D9: error <= 1e-9 * D_r is numerical zero,0.91825000000000001
uk,grid,VD_Ref,1,16,16,,0,0,15.569400092904974,9.1786030375971421,32.81830695786141,0,16,0,3.0517578125e-05,D9: error <= 1e-9 * D_r is numerical zero,0.91825000000000001
uk,grid,ledger_G,2,16,16,,0,0,-12.69674582827524,-15.285603206436752,-10.052484267976878,16,0,0,3.0517578125e-05,D9: error <= 1e-9 * D_r is numerical zero,0.72749999999999981
uk,grid,VD_Ref,2,16,16,,0,0,-0.79555475031815015,-5.4006604527523496,16.939466181783288,9,7,0,0.322509765625,D9: error <= 1e-9 * D_r is numerical zero,0.72749999999999981
uk,grid,ledger_G,3,16,16,,0,0,-17.208803295644771,-20.769415184018353,-13.207287272463075,16,0,0,3.0517578125e-05,D9: error <= 1e-9 * D_r is numerical zero,0.49699999999999994
uk,grid,VD_Ref,3,16,16,,0,0,-9.6129295923200324,-15.709861822621908,6.5634051859220222,10,6,0,0.111541748046875,D9: error <= 1e-9 * D_r is numerical zero,0.49699999999999994
uk,grid,ledger_G,5,16,16,,0,0,-23.570569984512492,-25.664994347475012,-18.555156054576241,16,0,0,3.0517578125e-05,D9: error <= 1e-9 * D_r is numerical zero,0.16874999999999996
uk,grid,VD_Ref,5,16,16,,0,0,-17.395573644383099,-27.627262399081037,-7.0032636180599592,14,2,0,0.001708984375,D9: error <= 1e-9 * D_r is numerical zero,0.16874999999999996
uk,grid,ledger_G,7.5,16,16,,0,0,-27.278724862750003,-32.231498352999012,-21.334791092145224,16,0,0,3.0517578125e-05,D9: error <= 1e-9 * D_r is numerical zero,0.018500000000000003
uk,grid,VD_Ref,7.5,16,16,,0,0,-25.986742914507516,-31.069478668289968,-13.460906585882555,16,0,0,3.0517578125e-05,D9: error <= 1e-9 * D_r is numerical zero,0.018500000000000003
uk,grid,ledger_G,10,16,16,,0,0,-30.836768354894168,-34.192905832514761,-18.882673670795675,16,0,0,3.0517578125e-05,D9: error <= 1e-9 * D_r is numerical zero,0.0034999999999999502
uk,grid,VD_Ref,10,16,16,,0,0,-23.533024810187335,-36.303327123233117,-14.012075174092287,16,0,0,3.0517578125e-05,D9: error <= 1e-9 * D_r is numerical zero,0.0034999999999999502
uk,grid,ledger_G,15,16,16,,0,0,-33.372481184656081,-38.436554846491418,-20.096136277782573,16,0,0,3.0517578125e-05,D9: error <= 1e-9 * D_r is numerical zero,0
uk,grid,VD_Ref,15,16,16,,0,0,-26.355093239446489,-39.3866038379077,-17.417465355442047,16,0,0,3.0517578125e-05,D9: error <= 1e-9 * D_r is numerical zero,0
uk,grid,ledger_G,20,16,16,,0,0,-37.246224583916167,-40.742879664917098,-22.115329250735968,16,0,0,3.0517578125e-05,D9: error <= 1e-9 * D_r is numerical zero,0
uk,grid,VD_Ref,20,16,16,,0,0,-35.451572593865372,-41.481919745863408,-23.280355544427906,16,0,0,3.0517578125e-05,D9: error <= 1e-9 * D_r is numerical zero,0
au,station,ledger_G,1,12,12,,0,0,3.1328366874854936,-3.1247049035282264,7.7990216773602725,4,8,0,0.859375,D9: error <= 1e-9 * D_r is numerical zero,0
au,station,VD_Ref,1,12,12,,0,0,86.948169408418664,13.371644837502423,137.02828396877877,3,9,0,0.42578125,D9: error <= 1e-9 * D_r is numerical zero,0
au,station,ledger_G,2,12,12,,0,0,23.589226727080963,1.4508446814392026,51.754704559143804,3,9,0,0.49853515625,D9: error <= 1e-9 * D_r is numerical zero,0
au,station,VD_Ref,2,12,12,,0,0,89.801118720977996,45.812944192244132,108.60115752566934,2,10,0,0.37744140625,D9: error <= 1e-9 * D_r is numerical zero,0
au,station,ledger_G,3,12,12,,0,0,26.127675966185894,6.6480769238195965,84.197969671664694,3,9,0,0.11474609375,D9: error <= 1e-9 * D_r is numerical zero,0
au,station,VD_Ref,3,12,12,,0,0,85.445312452920547,64.593485237732011,116.89373926145699,2,10,0,0.0576171875,D9: error <= 1e-9 * D_r is numerical zero,0
au,station,ledger_G,5,12,12,,0,0,28.035091549215252,1.6294574763661238,53.795140418639178,3,9,0,0.06201171875,D9: error <= 1e-9 * D_r is numerical zero,0
au,station,VD_Ref,5,12,12,,0,0,78.112579716514205,42.604718484928718,120.31937442822007,2,10,0,0.0107421875,D9: error <= 1e-9 * D_r is numerical zero,0
au,station,ledger_G,7.5,12,12,,0,0,32.291830579555722,7.4455631845096191,113.8021094067249,3,9,0,0.02978515625,D9: error <= 1e-9 * D_r is numerical zero,0
au,station,VD_Ref,7.5,12,12,,0,0,59.409814979118238,27.551932357794769,257.58524141358441,2,10,0,0.00439453125,D9: error <= 1e-9 * D_r is numerical zero,0
au,station,ledger_G,10,12,12,,0,0,38.787381632360749,-2.1078108333079575,57.59418373899959,3,9,0,0.01416015625,D9: error <= 1e-9 * D_r is numerical zero,0
au,station,VD_Ref,10,12,12,,0,0,76.631020274735761,18.234628775192864,301.26101228884409,3,9,0,0.00732421875,D9: error <= 1e-9 * D_r is numerical zero,0
au,station,ledger_G,15,12,9,Sydney_City_and_Inner_South|Sydney_Eastern_Suburbs|Sydney_Inner_West,3,3,53.8027637413307,4.5090061249406386,109.77625581197836,1,8,3,0.01171875,D9: error <= 1e-9 * D_r is numerical zero,0
au,station,VD_Ref,15,12,9,Sydney_City_and_Inner_South|Sydney_Eastern_Suburbs|Sydney_Inner_West,3,3,154.83576652806661,17.369740201494785,298.65184282894853,1,8,3,0.0078125,D9: error <= 1e-9 * D_r is numerical zero,0
au,station,ledger_G,20,12,6,Sydney_City_and_Inner_South|Sydney_Eastern_Suburbs|Sydney_Inner_South_West|Sydney_Inner_West|Sydney_Parramatta|Sydney_Ryde,6,6,40.292985876637523,4.8289654197572824,92.462261564794488,1,5,6,0.53125,D9: error <= 1e-9 * D_r is numerical zero,0
au,station,VD_Ref,20,12,6,Sydney_City_and_Inner_South|Sydney_Eastern_Suburbs|Sydney_Inner_South_West|Sydney_Inner_West|Sydney_Parramatta|Sydney_Ryde,6,6,75.819766417237744,28.229429749990835,181.7082403550373,1,5,6,0.53125,D9: error <= 1e-9 * D_r is numerical zero,0
au,grid,ledger_G,1,12,12,,0,0,-0.28972335209541844,-7.1983797095066651,2.8325577831134598,6,6,0,0.39501953125,D9: error <= 1e-9 * D_r is numerical zero,0.84724999999999995
au,grid,VD_Ref,1,12,12,,0,0,86.153860077395535,14.084992127810786,116.36772019122363,1,11,0,0.0068359375,D9: error <= 1e-9 * D_r is numerical zero,0.84724999999999995
au,grid,ledger_G,2,12,12,,0,0,13.309185400348545,5.9686043310150181,34.229300421982074,2,10,0,0.07666015625,D9: error <= 1e-9 * D_r is numerical zero,0.56324999999999981
au,grid,VD_Ref,2,12,12,,0,0,60.142346915433123,19.645852324982826,98.487510420450334,1,11,0,0.00732421875,D9: error <= 1e-9 * D_r is numerical zero,0.56324999999999981
au,grid,ledger_G,3,12,12,,0,0,21.683556690462289,10.214424741911627,46.332160319041968,2,10,0,0.03466796875,D9: error <= 1e-9 * D_r is numerical zero,0.35775000000000001
au,grid,VD_Ref,3,12,12,,0,0,52.283291268601417,23.346475303370482,120.03858630133665,2,10,0,0.01513671875,D9: error <= 1e-9 * D_r is numerical zero,0.35775000000000001
au,grid,ledger_G,5,12,12,,0,0,31.412607738788047,16.885612622964548,54.81858045308951,2,10,0,0.02392578125,D9: error <= 1e-9 * D_r is numerical zero,0.16749999999999998
au,grid,VD_Ref,5,12,12,,0,0,77.361063054202674,28.197552524998521,127.44558543363463,2,10,0,0.01513671875,D9: error <= 1e-9 * D_r is numerical zero,0.16749999999999998
au,grid,ledger_G,7.5,12,12,,0,0,34.848699982540808,-0.19815897629862711,74.864182774329223,3,9,0,0.0224609375,D9: error <= 1e-9 * D_r is numerical zero,0.059750000000000004
au,grid,VD_Ref,7.5,12,12,,0,0,75.036867861741072,28.852140478949956,206.71224264843855,2,10,0,0.00732421875,D9: error <= 1e-9 * D_r is numerical zero,0.059750000000000004
au,grid,ledger_G,10,12,12,,0,0,30.498896734639672,-0.51306185034589546,50.246164554143846,3,9,0,0.02392578125,D9: error <= 1e-9 * D_r is numerical zero,0.0057499999999999999
au,grid,VD_Ref,10,12,12,,0,0,68.150485435105338,21.215231874228071,186.62043094313873,2,10,0,0.00830078125,D9: error <= 1e-9 * D_r is numerical zero,0.0057499999999999999
au,grid,ledger_G,15,12,10,Sydney_City_and_Inner_South|Sydney_Inner_West,2,2,22.319612034603036,3.0740598739509783,70.909363029029436,2,8,2,0.017578125,D9: error <= 1e-9 * D_r is numerical zero,0
au,grid,VD_Ref,15,12,10,Sydney_City_and_Inner_South|Sydney_Inner_West,2,2,52.850902354951494,17.908767713723638,188.43815300294992,1,9,2,0.00390625,D9: error <= 1e-9 * D_r is numerical zero,0
au,grid,ledger_G,20,12,7,Sydney_City_and_Inner_South|Sydney_Eastern_Suburbs|Sydney_Inner_West|Sydney_Parramatta|Sydney_Ryde,5,5,53.955549136796058,13.785688952891762,88.012166197894814,0,7,5,0.015625,D9: error <= 1e-9 * D_r is numerical zero,0
au,grid,VD_Ref,20,12,7,Sydney_City_and_Inner_South|Sydney_Eastern_Suburbs|Sydney_Inner_West|Sydney_Parramatta|Sydney_Ryde,5,5,40.667232246619051,25.02103633746443,133.30002403430146,0,7,5,0.015625,D9: error <= 1e-9 * D_r is numerical zero,0
